Date,iteration0,iteration1,iteration2,iteration3,iteration4,iteration5,iteration6,iteration7,iteration8,iteration9,iteration10,iteration11,iteration12,iteration13,iteration14,iteration15,iteration16,iteration17,iteration18,iteration19,iteration20,iteration21,iteration22,iteration23,iteration24,iteration25,iteration26,iteration27,iteration28,iteration29,iteration30,iteration31,iteration32,iteration33,iteration34,iteration35,iteration36,iteration37,iteration38,iteration39,iteration40,iteration41,iteration42,iteration43,iteration44,iteration45,iteration46,iteration47,iteration48,iteration49,iteration50,iteration51,iteration52,iteration53,iteration54,iteration55,iteration56,iteration57,iteration58,iteration59,iteration60,iteration61,iteration62,iteration63,iteration64,iteration65,iteration66,iteration67,iteration68,iteration69,iteration70,iteration71,iteration72,iteration73,iteration74,iteration75,iteration76,iteration77,iteration78,iteration79,iteration80,iteration81,iteration82,iteration83,iteration84,iteration85,iteration86,iteration87,iteration88,iteration89,iteration90,iteration91,iteration92,iteration93,iteration94,iteration95,iteration96,iteration97,iteration98,iteration99
03/15/2010,0,0,0,0,0,0,0,0,0,0,0,0,0,0,0,0,0,0,0,0,0,0,0,0,0,0,0,0,0,0,0,0,0,0,0,0,0,0,0,0,0,0,0,0,0,0,0,0,0,0,0,0,0,0,0,0,0,0,0,0,0,0,0,0,0,0,0,0,0,0,0,0,0,0,0,0,0,0,0,0,0,0,0,0,0,0,0,0,0,0,0,0,0,0,0,0,0,0,0,0
03/16/2010,0,0,0,0,0,0,0,0,0,0,0,0,0,0,0,0,0,0,0,0,0,0,0,0,0,0,0,0,0,0,0,0,0,0,0,0,0,0,0,0,0,0,0,0,0,0,0,0,0,0,0,0,0,0,0,0,0,0,0,0,0,0,0,0,0,0,0,0,0,0,0,0,0,0,0,0,0,0,0,0,0,0,0,0,0,0,0,0,0,0,0,0,0,0,0,0,0,0,0,0
03/17/2010,0,0,0,0,0,0,0,0,0,0,0,0,0,0,0,0,0,0,0,0,0,0,0,0,0,0,0,0,0,0,0,0,0,0,0,0,0,0,0,0,0,0,0,0,0,0,0,0,0,0,0,0,0,0,0,0,0,0,0,0,0,0,0,0,0,0,0,0,0,0,0,0,0,0,0,0,0,0,0,0,0,0,0,0,0,0,0,0,0,0,0,0,0,0,0,0,0,0,0,0
03/18/2010,1,0,1,0,1,0,1,1,1,1,1,0,1,2,1,1,1,1,1,1,2,2,2,1,2,2,1,0,2,2,1,1,0,1,2,2,0,2,2,2,1,0,1,1,2,1,1,1,2,0,1,1,1,1,0,1,0,2,0,1,2,1,1,1,0,1,1,0,1,0,1,1,0,0,0,0,2,2,2,2,2,2,2,0,2,2,2,0,2,1,2,0,2,2,2,0,2,0,2,0
03/19/2010,1,2,1,1,1,0,0,1,1,1,0,1,1,1,1,1,1,0,1,1,2,2,1,1,0,1,1,0,2,2,1,1,0,0,2,1,0,2,2,2,1,0,1,1,0,1,1,1,2,0,1,1,1,0,0,1,0,2,2,1,1,1,1,2,0,1,1,0,1,0,1,2,0,1,0,0,2,2,2,2,2,2,0,0,0,2,2,2,2,1,2,1,1,2,2,1,1,1,2,1
03/21/2010,1,1,0,1,1,0,1,1,1,1,1,1,1,2,1,1,1,1,2,1,2,2,2,2,0,1,2,0,2,2,1,1,0,1,2,1,0,2,2,2,1,0,1,0,1,1,1,1,2,0,0,1,1,1,2,1,0,0,2,1,2,1,1,1,0,1,1,0,1,0,1,2,0,2,0,0,2,2,2,2,2,2,2,0,2,2,2,1,2,0,2,1,1,0,0,1,1,2,2,1
03/22/2010,0,1,1,1,1,1,1,1,1,2,1,1,1,1,1,1,1,0,1,1,2,2,1,1,0,2,1,0,2,0,1,1,0,1,2,1,0,2,1,2,1,0,1,1,1,1,1,1,1,0,1,1,1,1,2,1,0,2,2,1,1,1,1,2,2,1,1,0,1,0,1,2,0,1,0,0,2,0,2,2,2,2,2,0,2,2,1,2,2,2,2,1,0,1,2,0,2,1,2,0
03/23/2010,1,1,1,1,1,0,1,1,1,1,1,1,1,2,0,1,1,1,1,1,2,2,1,1,0,1,1,0,2,2,1,1,0,1,0,1,0,1,2,2,1,0,1,1,1,1,1,1,2,0,1,1,0,1,0,1,0,2,2,1,1,1,1,0,1,0,1,0,1,2,1,1,0,1,0,1,2,2,2,1,2,2,2,0,0,2,2,2,2,1,2,1,1,2,2,0,0,1,2,1
03/24/2010,1,1,1,1,1,0,1,1,1,1,1,1,1,2,1,1,1,1,2,0,2,2,1,1,0,1,0,0,2,2,1,1,0,1,2,2,0,2,2,2,2,0,2,1,1,2,1,1,2,0,1,1,1,1,0,1,0,2,2,1,1,1,1,1,0,0,1,0,1,0,1,2,0,1,0,0,2,2,2,2,2,1,2,2,0,2,2,1,0,1,2,1,1,1,0,1,2,1,2,1
03/25/2010,2,1,1,0,1,0,1,1,2,1,1,1,1,2,1,1,1,1,1,1,1,2,1,1,0,1,1,0,2,2,1,1,0,1,2,0,0,1,2,2,1,0,1,1,2,1,1,1,2,0,1,1,1,1,0,1,0,0,2,1,1,1,0,0,1,1,1,0,1,0,1,2,0,1,0,0,2,2,2,2,2,2,2,0,1,2,2,2,2,1,2,1,1,2,2,0,2,1,1,0
03/26/2010,2,1,1,1,1,1,2,1,1,1,1,1,1,2,2,1,2,1,1,1,2,2,1,1,0,1,1,0,2,2,0,1,0,1,2,1,2,1,2,2,1,0,1,1,1,1,1,1,2,0,1,1,2,1,2,1,0,2,2,1,1,0,1,0,1,1,1,0,1,2,1,1,0,1,0,0,0,2,2,2,2,2,2,0,2,2,2,0,2,1,2,0,0,2,2,2,1,1,2,0
03/28/2010,2,1,1,1,1,1,1,1,1,1,1,1,1,2,1,1,1,1,1,1,2,2,1,1,0,0,1,0,2,2,1,1,0,1,1,1,2,2,2,2,0,0,1,1,1,1,1,2,2,0,1,2,2,1,0,1,0,2,0,1,1,1,1,1,1,1,1,0,1,0,1,2,0,1,1,2,2,2,2,2,2,2,2,0,2,1,2,2,2,1,2,0,0,2,2,2,2,0,2,0
03/29/2010,2,1,1,1,1,0,1,1,1,1,1,1,1,2,1,1,1,1,1,1,2,2,1,1,2,2,1,2,2,2,1,1,0,1,2,2,0,2,2,2,0,0,1,1,1,1,1,1,2,0,1,1,1,1,0,1,0,2,1,1,1,1,0,1,0,1,1,0,1,0,1,1,0,1,0,0,0,2,0,2,2,2,0,0,2,2,1,2,2,0,2,2,2,2,2,2,2,2,2,2
03/30/2010,2,1,1,0,1,0,2,1,0,1,1,1,1,0,1,1,1,1,1,1,2,0,1,1,0,1,1,0,2,2,1,1,0,1,1,1,0,2,2,2,0,0,1,1,1,1,1,1,2,0,1,1,1,2,0,2,0,2,2,1,1,0,1,1,0,1,1,1,1,0,1,2,0,1,0,0,2,2,2,2,1,2,2,0,2,2,2,2,2,1,2,0,0,2,2,2,2,1,2,0
03/31/2010,2,1,1,1,1,0,1,1,1,1,1,1,1,2,1,1,1,1,2,1,2,2,1,2,0,1,1,0,2,2,1,1,0,1,2,1,0,1,2,2,1,0,1,2,1,1,1,1,2,0,2,1,1,1,0,1,0,2,2,1,1,2,2,1,0,1,1,0,1,0,1,2,0,1,1,0,2,2,2,2,1,2,2,1,1,2,1,1,2,1,0,1,0,1,1,1,2,1,2,1
04/01/2010,0,1,1,2,1,2,1,1,1,1,1,1,1,1,1,1,1,1,1,1,2,2,1,1,0,1,0,0,2,2,1,1,0,1,2,2,0,2,2,2,1,0,1,1,1,1,1,1,2,0,1,1,0,1,0,1,0,2,1,1,1,1,1,1,0,1,2,1,1,0,1,2,1,1,0,0,2,2,2,1,2,2,2,0,1,2,2,1,2,0,2,1,1,0,1,1,1,1,1,1
04/02/2010,0,1,1,1,1,0,2,1,1,0,1,1,1,2,1,1,1,1,1,1,2,2,1,2,0,1,1,0,2,0,1,1,2,1,2,1,0,2,2,2,1,0,1,1,1,1,1,1,2,0,1,2,1,1,0,1,0,2,2,1,1,1,1,2,1,1,1,0,1,0,1,2,2,0,1,1,2,1,2,2,2,2,2,0,2,2,2,2,2,1,2,1,1,0,2,0,2,1,2,1
04/04/2010,0,1,1,1,1,0,1,1,1,1,1,1,1,2,1,1,1,0,1,1,2,2,1,1,0,1,1,2,2,0,1,1,0,1,1,1,0,2,1,1,2,0,1,1,0,1,1,1,2,0,1,1,1,1,0,1,0,2,2,1,2,1,1,1,0,1,1,1,1,0,1,0,0,1,0,0,2,2,2,2,1,2,2,0,2,2,2,2,2,1,2,0,1,2,1,0,2,1,1,0
04/05/2010,0,2,1,2,1,0,1,1,2,1,1,1,0,1,1,1,1,1,1,1,2,2,0,0,0,1,1,0,2,2,1,1,0,1,2,1,0,2,2,2,1,2,1,2,2,1,1,2,2,0,1,1,1,1,0,1,1,2,2,0,1,1,1,2,0,1,1,1,1,0,1,2,0,1,0,0,2,2,2,2,2,2,2,1,2,2,2,2,0,1,2,1,1,0,2,0,2,2,0,1
04/06/2010,0,1,1,1,1,0,1,1,1,0,2,1,1,0,2,1,1,0,1,1,2,2,1,1,0,1,1,1,2,2,1,1,0,2,2,1,0,2,2,1,1,0,2,1,1,1,1,1,2,0,1,1,1,1,2,1,0,2,2,1,1,2,1,1,0,1,1,0,1,0,1,2,0,1,1,0,2,2,2,2,1,1,1,1,1,1,1,1,2,1,1,1,1,1,1,1,1,2,1,1
04/07/2010,0,1,2,1,1,0,1,1,1,1,0,1,1,2,1,1,1,1,1,1,2,2,1,1,0,1,1,0,2,2,0,1,0,2,2,1,0,2,2,2,1,0,1,1,1,1,1,1,2,0,1,1,1,1,2,1,0,1,2,1,1,1,1,1,0,1,1,2,1,0,1,2,0,1,0,0,2,2,2,2,2,2,2,0,2,2,1,0,2,1,2,1,1,0,2,0,2,1,2,0
04/08/2010,1,1,1,1,1,0,1,0,1,1,1,1,2,2,1,1,1,1,1,1,2,2,0,1,0,1,1,0,2,2,1,1,0,2,2,1,0,1,2,0,1,0,0,1,1,1,0,1,2,0,1,1,2,1,0,1,0,2,2,1,1,1,1,1,0,1,1,1,1,0,1,2,0,1,1,0,2,2,2,2,2,1,1,1,1,1,1,1,2,1,1,1,1,1,1,1,1,1,1,1
04/09/2010,1,1,1,1,1,0,1,1,1,1,1,0,2,1,1,1,1,1,1,1,2,2,1,1,0,1,1,0,2,2,1,1,0,1,0,1,0,2,1,2,1,2,2,1,2,1,1,1,2,0,1,0,1,1,0,1,1,0,2,1,1,1,1,1,0,1,1,1,1,0,1,2,0,1,0,0,2,2,2,2,2,1,2,1,0,2,2,1,2,1,0,0,1,1,1,1,2,1,2,0
04/11/2010,2,1,1,1,1,0,1,1,1,1,1,1,1,2,1,1,1,1,1,1,2,2,1,1,2,1,1,0,2,2,1,1,0,1,2,1,2,2,2,2,1,0,1,1,1,1,1,0,2,0,1,1,1,2,2,1,0,2,2,1,1,1,1,1,0,1,1,0,1,0,1,2,0,1,0,0,2,2,2,1,1,1,2,0,0,2,2,1,2,1,2,1,1,0,2,0,2,1,2,0
04/12/2010,1,1,1,1,0,1,1,1,1,1,1,1,1,1,2,1,1,1,1,1,2,2,1,1,0,1,1,2,2,2,1,1,0,1,2,1,0,2,2,2,1,0,1,1,1,1,1,1,2,0,1,1,1,1,0,1,0,2,2,1,1,1,0,1,0,0,1,0,1,0,1,2,0,0,0,0,1,2,2,2,2,2,2,0,2,2,0,2,0,1,2,0,0,2,1,0,2,1,2,0
04/13/2010,2,1,1,1,1,0,1,1,1,2,1,1,1,2,1,1,1,0,1,1,2,2,1,0,0,1,2,0,2,2,1,1,0,1,2,1,0,2,1,2,2,0,1,1,1,1,1,1,2,1,1,1,1,1,0,2,1,2,2,1,1,1,0,1,0,1,1,1,1,1,1,2,0,1,0,0,0,2,2,2,1,1,1,1,0,1,1,1,2,2,0,2,1,1,1,1,1,1,1,0
04/14/2010,1,0,1,1,1,0,2,1,1,1,1,1,1,2,1,1,1,1,1,1,2,2,1,1,0,1,1,0,2,2,1,1,0,1,1,1,0,0,2,2,1,0,1,1,0,1,1,1,2,0,0,2,1,1,0,1,0,2,2,1,1,1,1,1,2,1,1,1,2,0,1,2,0,1,1,0,2,2,2,2,1,2,2,0,2,2,2,2,2,1,2,1,1,0,2,1,2,0,2,1
04/15/2010,2,1,1,1,1,0,1,1,1,1,1,1,1,2,1,1,1,1,1,1,2,2,1,1,0,0,1,0,2,2,1,1,0,1,2,1,2,2,1,0,0,2,1,1,1,1,1,1,2,2,1,1,1,1,2,1,0,2,2,1,1,1,1,1,0,1,1,0,1,0,1,2,0,1,0,0,2,2,2,2,2,2,2,0,2,2,0,2,2,0,1,2,2,2,1,0,0,2,2,0
04/16/2010,0,1,1,1,1,0,1,2,1,1,1,0,1,1,1,1,1,1,1,1,1,2,1,1,0,1,1,0,2,2,1,1,0,1,2,1,0,2,2,2,1,0,2,1,1,0,1,0,2,0,1,1,1,1,1,1,2,2,2,1,0,1,2,1,0,2,1,0,1,2,1,2,0,1,0,0,2,2,0,0,1,1,2,1,1,0,2,1,2,1,2,1,1,0,1,1,1,1,1,1
04/18/2010,0,1,1,1,1,0,0,1,1,1,0,1,0,2,1,1,1,1,1,1,2,0,1,2,1,1,1,0,2,1,1,1,0,1,2,1,0,2,2,0,0,0,2,1,1,1,1,1,2,0,1,0,1,1,2,1,1,0,1,2,1,1,1,1,0,1,1,0,1,0,0,2,0,1,0,0,2,0,1,2,2,2,2,0,0,2,2,1,2,1,0,1,1,0,1,0,1,1,0,0
04/19/2010,0,1,1,1,1,0,1,1,0,1,1,1,1,2,1,1,1,2,1,1,2,2,1,0,1,1,1,0,2,2,1,1,0,1,2,1,0,2,2,2,1,0,1,1,1,1,1,1,2,0,1,1,1,1,0,0,0,2,2,1,1,1,1,1,0,1,1,0,1,0,1,2,0,1,0,0,2,0,2,2,2,2,2,0,1,2,2,2,2,1,0,0,0,2,2,2,2,1,2,0
04/20/2010,0,1,1,1,1,1,1,1,1,1,1,1,1,1,1,1,1,1,1,1,2,2,1,1,0,1,1,0,2,1,1,1,0,1,2,1,0,2,1,2,1,0,1,1,1,0,1,1,2,0,1,1,0,1,0,1,0,0,1,1,1,1,1,1,0,1,1,0,1,0,2,2,0,1,2,0,1,2,2,2,2,2,2,0,2,2,0,2,2,0,0,2,2,2,1,2,2,2,2,2
04/21/2010,2,1,1,1,2,0,1,1,1,1,1,1,1,0,1,1,1,0,1,1,2,2,1,1,0,1,1,0,2,2,2,1,0,1,2,1,0,1,0,2,1,0,1,1,1,1,1,1,2,0,1,1,1,1,0,1,0,2,2,1,1,0,1,1,0,0,1,0,1,0,2,1,0,1,0,0,0,2,2,2,2,2,2,0,2,2,2,2,2,1,2,1,0,2,2,0,2,1,2,0
04/22/2010,1,1,1,1,1,0,1,2,1,1,1,1,2,2,1,1,1,1,1,1,2,2,1,1,0,1,1,0,2,1,1,1,0,1,2,1,0,2,2,2,1,0,1,2,1,1,1,1,2,0,1,2,0,1,2,1,0,2,1,1,1,1,1,1,2,2,1,0,2,0,1,2,0,1,1,0,2,1,2,2,0,1,2,1,1,1,1,1,1,2,1,1,1,0,1,1,1,1,1,2
04/23/2010,0,1,1,1,1,0,0,1,1,1,1,1,1,2,1,1,1,1,1,1,2,2,1,1,0,1,1,0,2,2,1,1,0,1,2,0,2,2,0,0,1,0,1,1,1,1,1,1,2,0,1,1,1,1,0,1,0,1,2,0,1,1,1,1,0,1,1,0,1,0,2,2,0,1,0,0,2,2,2,2,2,2,2,0,2,1,2,2,2,0,2,0,0,2,1,0,2,1,2,0
04/25/2010,0,1,1,1,1,0,1,1,1,1,1,1,1,1,1,1,1,1,1,1,2,2,1,2,0,2,1,0,2,2,1,1,0,1,2,1,0,2,2,0,1,2,1,1,1,1,0,1,2,0,1,1,1,1,0,1,0,2,0,1,1,1,1,0,0,1,0,0,1,0,1,2,0,1,0,2,2,2,2,2,2,2,2,0,2,2,2,2,2,1,2,2,2,2,2,2,2,2,0,2
04/26/2010,0,1,1,1,1,1,1,1,1,1,1,1,1,1,1,1,0,1,1,1,2,2,2,1,0,1,1,0,1,2,1,1,0,1,1,2,0,2,2,2,1,1,1,1,1,1,1,1,1,0,2,1,1,1,0,1,0,2,2,0,2,1,1,1,2,1,2,0,1,0,1,2,0,1,0,0,2,1,2,1,2,2,2,0,2,2,2,2,2,1,2,1,1,0,2,0,0,1,2,0
04/27/2010,1,1,1,0,1,0,1,1,0,1,1,1,1,2,1,1,1,1,1,1,2,1,1,1,0,2,0,0,2,2,1,1,0,1,2,1,1,2,2,2,1,0,1,1,0,0,1,2,2,2,1,1,1,1,2,1,0,2,2,1,1,1,0,1,0,1,1,0,1,0,1,2,0,1,2,0,2,2,2,2,2,1,2,0,2,0,2,2,2,1,2,1,1,0,1,0,0,1,1,1
04/28/2010,1,1,1,1,0,2,1,1,1,1,1,1,1,0,1,1,1,1,1,1,2,2,1,1,0,1,1,1,2,2,1,1,0,1,2,1,0,2,2,2,1,0,1,1,1,0,1,1,2,0,1,1,1,1,1,1,0,2,2,1,1,1,1,1,0,1,1,1,1,1,1,2,1,1,1,0,2,2,2,2,1,1,2,1,2,1,1,1,1,1,1,1,1,1,1,1,2,1,1,1
04/29/2010,0,1,1,1,1,1,1,1,1,1,1,1,1,2,1,1,1,1,1,1,2,2,1,1,2,1,1,0,2,2,1,0,0,1,1,1,0,2,2,2,1,0,1,1,1,1,0,1,2,2,1,1,0,1,2,1,0,2,2,1,1,1,1,2,0,1,1,1,1,0,1,2,0,1,2,0,1,2,0,1,1,1,2,1,1,1,1,1,2,1,1,1,2,1,1,1,1,1,1,1
04/30/2010,2,1,1,1,1,1,1,1,1,1,0,2,1,2,1,1,1,1,1,0,2,2,1,1,0,2,1,0,2,2,1,1,0,1,2,1,0,2,2,2,0,0,1,1,0,1,1,1,2,0,2,2,1,1,0,1,0,0,2,0,1,1,1,2,0,1,1,0,1,0,1,2,1,1,0,0,1,2,2,2,2,2,2,0,0,2,2,2,2,1,2,0,1,2,2,0,2,1,2,0
05/02/2010,1,1,2,1,1,1,1,1,1,0,1,1,1,2,0,0,1,1,1,1,2,2,1,2,0,1,1,0,0,2,1,1,0,1,2,2,0,2,1,2,1,0,1,1,1,1,1,1,2,0,1,1,1,1,2,1,1,2,2,2,2,1,1,1,1,1,1,0,1,2,2,2,0,1,1,0,2,2,1,2,1,1,0,1,1,2,2,1,2,2,2,1,1,0,1,0,0,0,1,1
05/03/2010,1,1,1,1,1,0,2,0,1,2,0,1,1,0,1,1,1,1,2,1,1,2,1,1,0,1,1,2,2,2,1,1,1,0,2,1,0,2,2,2,1,0,1,1,1,1,1,1,2,0,1,1,1,1,0,1,0,2,1,0,1,0,0,1,0,1,1,1,1,0,1,2,0,1,1,0,1,1,0,2,1,1,2,0,1,1,0,1,2,0,0,1,1,1,1,1,0,1,1,1
05/04/2010,1,1,1,1,1,0,1,1,1,1,1,0,2,2,1,1,1,0,1,1,2,2,1,1,0,1,1,0,2,2,1,2,0,1,2,0,0,2,2,2,0,0,1,1,1,1,1,1,2,0,1,1,2,1,1,1,0,2,2,0,1,0,1,1,0,1,1,0,1,0,1,2,0,0,0,2,2,1,2,2,2,2,2,0,2,2,2,2,2,0,2,2,2,2,2,2,2,2,2,0
05/05/2010,2,1,1,1,1,1,1,1,1,1,1,1,1,2,1,1,1,0,1,1,2,2,1,1,0,1,1,0,2,2,1,1,0,1,2,1,0,2,2,2,1,0,1,1,1,1,1,0,2,0,1,1,1,1,0,1,0,2,2,1,1,1,1,2,1,1,0,1,1,0,2,2,0,0,1,0,2,2,2,2,1,1,2,1,0,2,2,2,2,1,1,1,2,2,2,2,2,1,1,0
05/06/2010,1,1,1,1,0,2,1,1,1,1,1,1,1,1,1,2,1,1,1,1,2,2,1,2,0,1,0,0,2,2,1,1,0,1,2,1,0,2,2,2,1,0,0,1,1,2,1,0,2,0,1,1,1,1,1,1,0,2,2,1,0,1,1,1,0,1,1,2,1,0,1,2,0,1,0,2,2,2,2,2,2,2,2,0,0,1,0,1,2,1,2,1,1,0,1,0,0,1,0,1
05/07/2010,0,2,1,1,1,0,2,1,1,1,1,1,1,2,1,1,2,1,0,1,2,0,1,1,2,1,1,0,2,2,1,1,0,1,2,0,0,2,2,2,1,0,1,1,1,1,2,1,2,0,0,1,1,1,2,1,0,2,0,0,1,0,0,1,0,1,1,1,1,0,1,2,2,1,1,2,1,1,1,2,1,1,1,1,0,2,2,0,1,1,2,2,1,1,1,1,1,0,1,1
05/09/2010,2,1,1,1,1,0,1,1,1,1,0,1,1,2,2,1,1,1,1,1,2,2,1,1,0,1,1,2,2,2,1,1,1,1,2,1,0,2,2,0,1,0,1,1,1,1,1,1,1,0,1,1,1,2,1,1,0,2,2,1,1,1,1,1,0,1,1,0,1,1,1,2,1,1,1,0,2,2,2,2,1,1,1,1,1,2,1,1,2,1,0,1,1,2,2,1,1,1,1,1
05/10/2010,0,1,0,1,1,1,1,1,1,1,1,1,1,2,1,1,1,1,1,1,2,2,1,1,0,1,1,2,2,2,2,1,0,1,2,1,1,2,2,2,1,0,1,1,1,1,1,1,2,1,1,1,1,1,2,1,0,2,2,0,1,1,1,1,0,1,1,2,1,1,1,2,0,1,2,0,1,1,1,0,1,1,2,1,0,0,1,1,1,1,1,1,1,1,1,1,1,1,0,1
05/11/2010,2,1,1,1,1,1,1,1,1,1,1,1,1,2,1,2,1,1,1,1,2,2,1,1,0,1,2,0,2,2,0,0,0,1,2,1,0,2,2,2,1,0,1,0,1,1,2,1,2,0,1,1,1,1,2,1,0,2,1,1,1,1,1,1,0,1,1,0,2,0,1,2,0,1,0,0,2,2,2,2,1,1,2,0,2,0,2,1,1,1,2,1,1,0,2,0,2,1,2,0
05/12/2010,2,1,1,1,2,1,1,1,1,1,1,1,1,1,1,1,2,1,1,1,2,2,1,1,0,1,1,0,2,2,2,1,0,1,2,1,0,2,2,2,1,0,1,1,1,1,1,1,2,0,1,1,1,1,2,1,0,2,2,1,1,1,1,1,2,2,1,1,1,0,1,2,0,1,1,1,1,2,1,1,1,1,2,2,1,0,1,1,1,1,1,1,1,1,1,2,1,1,1,1
05/13/2010,1,1,1,1,1,0,1,1,1,1,1,1,1,1,1,1,1,1,1,1,2,2,0,1,1,1,1,0,2,2,1,1,0,1,2,1,0,2,2,2,2,0,1,1,1,1,1,1,2,2,2,2,1,1,1,1,0,2,2,1,1,1,0,1,0,1,2,0,1,0,1,2,0,1,0,0,2,0,2,2,2,2,2,1,0,2,2,1,2,1,2,0,1,2,0,0,2,1,2,0
05/14/2010,0,1,1,1,1,0,1,1,1,1,1,1,1,2,2,1,1,1,1,1,2,2,1,1,0,1,1,2,2,2,1,1,2,1,2,1,0,2,2,2,2,0,0,0,1,1,1,1,2,0,1,1,1,1,0,1,0,2,2,1,1,1,1,1,2,1,1,1,1,0,1,2,2,1,1,0,2,1,2,2,1,1,2,1,0,2,2,1,2,1,0,1,1,2,2,0,2,1,2,0
05/16/2010,2,1,1,1,1,1,1,1,1,1,1,1,0,2,1,1,1,1,1,1,2,2,1,1,0,1,2,0,2,2,1,1,0,1,2,1,0,2,0,2,1,0,1,0,1,1,1,1,2,0,1,1,1,1,0,1,0,2,2,0,1,2,1,1,0,1,2,0,1,0,1,0,1,1,0,0,2,2,2,0,2,2,2,0,2,2,0,2,2,0,2,0,0,2,2,0,2,1,1,0
05/17/2010,2,1,1,1,2,1,1,1,1,1,0,2,1,2,1,1,1,1,1,0,0,2,1,1,0,1,1,0,2,2,1,1,0,1,2,1,0,2,2,2,0,0,1,2,1,1,2,1,2,0,1,1,1,2,2,1,0,2,2,1,1,1,2,1,0,1,1,1,1,0,0,2,0,1,0,0,2,2,2,2,2,2,2,0,2,2,2,2,2,0,2,2,2,2,2,2,2,2,2,2
05/18/2010,2,1,1,1,1,0,1,1,1,0,1,1,1,2,0,1,1,1,1,1,2,2,1,1,0,1,2,0,2,0,2,1,2,1,2,1,0,2,2,2,1,1,1,1,1,1,1,1,2,0,1,2,1,1,1,1,0,2,2,1,1,1,1,1,0,1,1,0,1,0,2,2,0,1,1,0,2,2,2,2,1,1,2,1,2,2,2,1,2,1,0,1,1,2,2,0,2,1,2,2
05/19/2010,2,1,1,1,1,0,1,1,1,1,0,1,0,2,1,0,1,2,1,1,2,1,1,1,0,1,2,0,2,2,1,1,0,1,0,1,0,2,2,2,1,1,1,1,1,1,1,1,2,0,1,1,1,1,0,0,0,2,2,1,1,1,1,1,0,1,1,2,1,2,1,2,0,1,0,0,2,2,1,2,1,1,2,2,1,2,2,1,2,2,2,1,1,2,2,1,2,1,2,1
05/20/2010,1,1,1,1,1,0,1,1,0,1,1,1,2,2,1,2,1,1,1,1,2,2,1,1,0,1,1,1,2,2,1,1,0,1,2,1,0,0,2,2,0,0,1,1,1,1,1,1,2,0,1,1,2,1,0,1,0,2,2,0,1,1,1,1,2,1,1,0,1,0,1,2,1,0,0,2,2,2,2,2,1,1,2,2,2,2,1,2,2,0,2,2,2,0,1,2,0,2,2,2
05/21/2010,2,1,2,1,1,0,1,1,1,1,1,1,1,2,1,1,1,1,1,1,2,2,1,1,0,1,1,0,2,2,1,1,0,1,2,1,0,2,2,2,1,0,1,1,1,1,1,0,2,0,1,1,1,1,2,1,0,2,2,1,1,1,1,1,0,1,2,1,1,1,2,1,1,1,1,1,1,1,1,1,1,1,2,1,1,1,1,1,1,1,0,1,1,1,1,1,2,1,0,1
05/23/2010,2,1,1,1,1,0,0,1,0,1,1,1,1,2,1,1,1,1,1,1,2,2,1,1,0,1,1,2,2,2,1,1,0,1,2,1,0,2,2,2,2,1,1,1,1,1,2,1,2,1,2,1,0,0,2,1,0,2,1,1,1,1,1,1,0,1,1,1,1,0,1,0,0,1,1,1,1,1,1,1,1,0,2,1,1,1,1,1,2,1,1,0,1,1,1,1,1,1,1,1
05/24/2010,0,1,2,1,0,0,1,1,1,1,1,1,1,0,1,1,1,1,1,1,2,2,1,2,0,0,0,0,2,2,1,1,1,1,2,1,0,0,2,2,2,2,2,1,1,1,0,2,2,1,1,1,2,2,0,1,0,2,2,0,1,1,1,0,0,1,1,0,0,1,1,1,0,2,2,2,2,2,2,2,2,2,2,0,2,2,2,2,2,2,2,1,1,2,2,2,2,2,2,0
05/25/2010,2,1,1,1,1,1,0,2,1,2,1,1,1,2,1,1,1,1,1,0,2,2,1,1,0,1,1,0,2,2,1,1,0,1,2,1,0,2,1,2,1,1,1,1,1,1,1,0,0,0,1,2,1,1,2,0,0,2,2,1,1,2,1,1,0,1,1,1,1,1,1,1,1,1,1,1,1,1,2,1,1,1,1,1,1,1,1,1,1,1,1,1,1,2,1,1,1,1,1,1
05/26/2010,2,2,2,1,1,0,1,1,1,1,1,1,1,1,1,1,1,1,1,1,2,2,1,1,1,1,1,0,2,2,1,1,0,2,2,1,0,2,2,2,0,0,1,1,1,1,1,1,0,0,1,2,1,1,2,1,0,2,2,1,1,1,1,1,1,1,1,0,2,0,1,2,0,1,0,2,2,2,2,2,2,2,2,0,2,2,2,2,2,1,2,0,0,1,2,0,2,1,2,0
05/27/2010,2,1,1,1,0,0,1,1,1,1,1,1,1,2,1,1,1,1,1,1,2,2,1,1,0,0,1,0,2,2,1,0,2,1,2,1,0,2,0,2,2,0,1,1,1,1,1,1,2,0,1,1,0,2,2,1,0,2,2,2,1,1,1,1,2,1,1,1,1,1,2,2,1,1,0,1,1,1,1,1,1,1,1,1,1,0,1,1,1,1,1,0,1,1,1,1,1,1,1,1
05/28/2010,2,1,1,1,1,1,2,1,1,1,1,1,1,1,1,1,1,1,1,1,2,2,1,0,0,2,1,0,2,0,1,1,0,1,2,1,0,0,2,2,2,0,2,1,1,1,1,1,2,0,1,1,0,1,1,1,0,2,2,0,1,1,1,1,0,1,1,0,1,0,1,2,0,1,2,2,2,2,2,2,0,2,2,1,2,2,2,2,2,0,2,0,0,2,1,0,2,1,2,2
05/30/2010,2,1,1,1,1,0,2,2,1,1,1,1,1,2,1,1,1,1,1,2,0,2,1,2,0,1,1,0,2,2,1,1,1,1,2,1,0,2,2,2,1,0,1,1,1,1,2,1,0,0,1,1,1,1,0,1,1,2,2,1,1,1,1,1,0,1,1,1,1,1,1,2,0,1,0,0,2,2,2,2,1,1,1,1,1,2,2,1,2,1,2,1,1,2,2,1,2,1,2,1
05/31/2010,2,1,1,1,2,0,1,1,1,1,1,1,1,2,1,1,1,1,1,1,2,2,1,1,0,1,1,0,2,2,1,1,0,1,2,1,0,2,1,2,1,0,0,1,1,1,2,1,0,0,1,1,0,1,0,1,0,1,2,1,2,1,1,1,0,1,1,0,1,0,1,2,0,2,0,0,2,2,2,2,1,1,2,0,2,2,2,1,2,1,2,1,1,2,2,0,2,1,2,1
06/01/2010,2,1,1,1,1,0,1,1,1,1,1,1,2,2,1,1,0,1,1,0,2,2,1,1,0,1,1,0,0,2,1,1,1,0,2,1,0,2,2,2,1,1,2,1,2,1,1,1,2,0,1,1,1,1,1,1,1,2,0,0,1,1,1,2,0,1,1,0,1,0,1,2,0,1,0,2,0,2,2,2,1,0,0,1,1,2,1,1,2,1,1,2,2,2,2,0,2,2,1,2
06/02/2010,2,1,1,1,1,0,1,1,1,1,1,0,1,1,1,1,0,1,1,1,2,2,1,1,0,1,1,0,2,2,1,1,0,1,2,1,1,2,2,2,1,0,1,1,1,1,1,1,2,0,1,1,1,1,0,1,0,2,2,1,1,1,1,1,0,1,1,1,1,1,1,2,1,1,2,0,1,1,0,1,1,2,2,1,2,1,1,1,1,1,2,1,1,1,1,1,1,1,1,1
06/03/2010,0,1,1,1,1,0,1,1,1,1,1,1,1,2,1,1,1,1,1,1,2,0,2,1,0,1,1,0,2,0,1,1,0,1,2,1,2,2,2,2,1,2,1,1,1,1,1,1,2,0,0,1,0,1,1,1,0,2,2,1,1,1,1,1,0,1,1,0,0,1,0,2,0,1,0,2,2,2,2,2,1,0,1,1,1,2,2,1,2,1,2,0,2,2,2,2,2,0,2,0
06/04/2010,2,1,1,2,1,1,1,1,1,1,1,1,0,2,1,1,1,1,1,1,2,2,1,1,0,1,1,0,2,2,1,1,0,1,2,1,0,2,2,2,0,0,1,1,1,1,1,1,2,0,1,1,2,0,0,1,0,2,2,0,1,1,1,1,0,1,1,0,1,0,1,2,0,1,0,0,2,2,2,2,1,1,2,1,1,2,1,1,2,0,2,1,1,2,2,2,2,2,2,2
06/06/2010,2,1,1,1,0,2,1,1,1,1,0,1,1,2,1,1,1,1,1,1,2,0,2,1,0,1,0,0,2,2,1,1,0,1,2,1,0,2,1,2,1,1,1,1,1,1,1,2,2,0,1,1,2,1,2,1,0,2,2,1,1,1,1,1,0,1,1,1,2,1,1,2,1,1,0,1,1,1,1,1,1,0,1,1,1,2,1,1,1,1,1,1,1,1,1,1,1,1,1,0
06/07/2010,2,1,1,1,1,0,0,1,2,0,1,1,0,2,1,1,1,1,1,1,2,2,0,2,0,1,1,0,2,2,1,1,0,1,0,2,0,2,2,2,1,0,1,1,1,1,1,1,2,0,2,1,1,1,2,1,0,0,2,1,1,2,1,1,2,1,1,1,1,0,1,2,1,1,0,0,2,2,2,0,1,1,2,1,1,1,0,1,2,1,0,1,1,2,2,2,1,1,1,1
06/08/2010,2,1,1,1,1,1,1,1,1,1,1,1,1,2,1,1,1,1,1,1,2,2,1,1,0,1,1,2,2,2,1,1,2,0,2,2,0,2,2,2,1,0,1,1,1,1,1,2,2,0,1,1,2,1,0,0,2,2,2,0,0,1,1,1,0,1,1,1,1,0,1,2,0,1,0,0,2,2,2,0,1,1,2,0,1,2,1,1,2,2,1,1,1,2,2,1,1,0,2,1
06/09/2010,2,1,1,0,1,0,1,1,1,1,1,1,1,2,1,2,1,1,1,1,2,2,1,1,0,1,1,0,2,2,1,1,0,1,2,1,0,2,2,2,1,0,1,1,0,1,1,1,2,0,1,2,2,0,0,1,0,2,0,1,1,1,1,1,0,1,2,0,0,0,1,2,0,1,1,2,2,2,1,2,1,1,2,1,1,2,2,2,2,0,2,2,2,2,2,2,2,1,2,2
06/10/2010,2,2,1,1,0,0,1,1,1,1,1,1,1,2,1,2,1,1,1,2,2,2,1,1,2,1,1,0,2,0,1,1,0,1,2,1,0,2,2,2,1,0,2,1,1,1,1,1,2,0,1,0,1,0,2,0,0,2,2,1,1,1,1,1,0,1,1,2,1,0,1,2,0,1,1,1,0,1,1,1,1,1,1,1,1,1,1,1,1,1,1,1,1,0,1,1,1,1,0,1
06/11/2010,2,1,1,1,1,0,1,1,1,1,2,1,1,2,1,1,1,1,1,1,2,2,1,0,0,1,1,0,2,1,1,1,0,1,2,1,0,2,1,2,1,1,1,1,1,1,1,0,2,0,1,2,1,1,2,1,0,2,2,1,1,2,1,1,0,1,0,0,1,0,1,2,0,1,0,0,2,2,2,2,1,1,2,1,0,2,1,2,1,1,1,1,1,2,2,1,1,1,1,1
06/13/2010,1,1,1,1,1,1,1,1,1,1,1,0,1,2,1,1,1,1,1,1,1,2,1,1,0,1,1,0,2,0,1,1,0,1,2,0,1,2,2,2,1,0,2,1,1,1,1,1,2,0,2,1,0,1,2,1,0,2,2,1,1,0,1,1,0,1,1,1,2,0,1,2,0,1,1,0,1,1,1,1,1,1,2,1,1,1,1,1,1,1,0,1,1,1,1,1,1,1,1,1
06/14/2010,2,1,1,1,0,0,1,1,1,1,0,1,1,2,1,1,1,1,1,0,2,2,1,0,0,1,1,1,2,2,1,1,0,2,2,1,0,2,2,2,1,0,1,1,1,2,1,1,2,0,1,1,1,1,2,1,0,2,2,1,1,1,1,1,0,1,1,1,1,2,1,2,0,1,0,0,2,2,2,2,1,2,2,1,0,1,1,1,1,1,2,1,1,1,1,1,1,1,1,1
06/15/2010,2,1,1,0,2,0,0,1,1,0,1,1,0,1,1,1,1,0,1,1,2,2,1,1,0,2,1,0,2,2,2,1,0,1,2,1,0,2,2,2,1,0,1,1,1,1,1,1,2,1,1,1,2,1,2,1,0,2,2,1,0,1,1,1,0,1,1,0,1,0,1,2,1,1,0,2,2,2,2,2,2,2,2,0,2,2,0,2,2,1,2,0,0,2,2,0,2,0,2,0
06/16/2010,2,0,1,1,1,1,1,1,0,1,1,1,1,2,1,1,2,1,1,1,2,2,1,1,0,1,1,0,2,2,1,1,0,1,2,2,0,2,1,2,1,0,1,1,1,1,1,1,2,0,1,1,2,0,0,1,0,2,2,0,1,1,1,1,0,1,1,2,0,0,1,2,0,1,0,2,2,2,2,1,2,1,2,0,0,2,2,2,0,0,2,1,2,2,0,2,2,2,2,2
06/17/2010,2,1,1,2,2,0,1,1,1,1,1,1,1,2,1,1,1,1,1,1,2,2,1,1,0,2,1,0,2,2,1,1,0,1,2,1,0,2,2,2,1,0,2,1,1,1,1,1,2,0,1,1,2,1,0,1,0,2,2,1,1,1,1,1,0,1,1,0,1,0,1,2,0,1,0,0,1,0,2,2,1,0,2,0,1,2,2,1,2,1,2,1,1,1,1,2,0,1,2,2
06/18/2010,1,1,1,1,1,0,1,1,1,1,1,1,2,2,1,1,1,1,1,1,2,2,1,2,0,1,1,0,1,2,1,1,0,1,2,1,0,2,0,2,1,0,1,1,1,1,1,1,2,0,1,1,1,1,1,1,0,2,2,1,1,1,1,1,0,2,1,0,1,0,1,2,0,1,0,0,2,2,2,2,2,1,2,1,1,2,1,1,2,1,2,2,1,0,2,0,1,1,2,2
06/20/2010,2,2,1,1,0,0,1,1,1,1,1,1,0,2,1,1,1,1,1,1,2,2,1,0,0,1,1,0,1,2,1,1,0,1,2,1,0,2,2,2,1,1,1,1,1,1,1,1,2,0,1,1,1,1,2,1,0,2,0,1,1,1,0,2,0,1,1,0,1,0,1,2,0,1,1,0,2,2,2,2,2,2,2,0,2,2,2,2,0,2,2,2,1,2,2,1,1,2,2,1
06/21/2010,2,1,1,1,1,1,1,1,1,1,1,1,1,2,1,2,1,1,1,1,2,2,1,1,0,1,1,0,2,2,0,1,0,1,2,1,0,2,2,2,1,1,1,1,1,1,1,1,2,0,1,1,2,1,0,0,0,2,2,1,2,1,0,1,0,1,1,0,0,0,1,2,0,1,0,0,2,2,0,2,2,1,2,1,0,2,2,2,2,1,2,0,2,2,1,2,2,2,2,2
06/22/2010,2,1,1,1,1,0,1,1,0,1,1,1,1,2,1,2,1,1,0,1,2,2,1,1,0,1,1,0,2,2,1,1,0,1,2,1,0,2,2,2,1,0,1,1,0,1,0,1,2,0,1,1,1,1,0,2,0,1,0,0,1,1,1,1,0,1,1,0,1,1,1,2,0,0,0,0,2,2,2,2,1,2,2,2,0,2,2,1,0,1,2,1,2,2,2,2,2,2,2,1
06/23/2010,2,1,1,1,1,0,0,1,1,1,1,0,1,2,1,1,1,1,2,1,2,2,1,1,0,1,1,0,2,2,1,0,0,1,2,1,0,2,2,2,1,0,1,1,1,1,1,1,2,2,1,1,1,1,2,1,0,2,2,1,1,1,1,1,0,1,1,1,1,1,2,2,1,1,1,1,1,2,2,1,1,1,2,1,0,1,0,1,1,1,1,1,1,1,1,1,1,1,1,1
06/24/2010,0,1,2,1,1,1,1,1,1,1,1,1,1,0,1,1,1,2,1,0,2,2,1,1,0,1,1,2,2,2,1,0,0,1,1,1,0,2,1,2,1,0,0,1,1,1,1,1,2,0,2,1,1,1,0,1,0,2,2,1,1,0,1,1,0,0,1,0,0,0,1,2,0,1,0,2,2,2,2,2,2,1,2,1,0,2,2,0,2,1,2,2,2,2,2,0,2,1,2,2
06/25/2010,0,1,1,0,1,1,0,0,0,1,2,1,1,2,1,1,0,1,1,1,2,2,1,1,0,2,1,0,2,2,1,2,0,1,2,1,0,2,2,2,1,0,1,1,0,1,2,1,2,2,1,1,1,1,0,1,0,2,2,0,2,1,1,1,0,1,1,0,1,0,1,2,0,1,0,1,2,2,2,2,1,1,2,1,1,2,1,2,2,1,2,1,1,2,2,1,1,1,2,0
06/27/2010,0,1,1,1,1,0,1,1,1,1,1,1,1,2,1,1,1,1,1,1,1,2,0,2,2,1,2,2,2,2,1,1,0,1,2,0,0,2,2,2,1,0,2,1,1,1,0,1,2,0,1,1,1,2,2,1,1,2,2,1,1,1,1,1,0,1,1,0,0,0,1,2,0,1,0,0,0,2,2,2,0,1,2,1,1,1,1,1,2,1,0,1,1,1,1,1,1,1,1,1
06/28/2010,2,1,1,1,1,1,1,0,1,1,1,1,1,2,1,1,1,1,1,1,2,2,1,1,0,1,1,0,0,2,1,1,0,1,2,1,0,2,0,2,1,0,1,1,1,1,1,2,2,0,1,1,1,1,0,1,0,2,0,2,1,1,1,0,0,1,1,0,1,0,1,0,2,1,2,0,2,2,2,2,2,2,2,0,2,2,2,2,2,0,2,2,0,2,2,2,2,2,2,2
06/29/2010,0,1,1,1,2,1,1,2,1,2,1,1,1,1,0,1,1,1,2,1,1,2,1,1,0,1,1,2,2,2,1,2,1,1,2,2,2,2,2,2,1,0,1,1,1,1,1,1,0,0,1,1,1,1,0,1,0,2,2,0,1,1,1,1,0,1,1,0,1,0,1,2,0,0,0,0,2,2,2,1,1,1,2,1,1,2,1,1,2,1,2,1,1,2,2,0,2,1,2,0
06/30/2010,2,1,1,1,0,0,1,1,1,1,1,1,1,2,1,0,2,1,1,2,2,2,1,1,0,2,1,0,2,2,0,1,0,1,2,1,2,2,2,2,1,0,1,1,1,1,1,1,2,0,1,1,1,1,0,1,0,2,2,1,1,1,1,1,0,1,1,1,1,0,2,2,0,1,2,0,2,2,2,1,1,2,2,1,2,0,1,1,2,1,1,1,1,2,2,1,2,1,2,1
07/01/2010,1,1,1,1,2,0,1,0,1,2,1,1,1,2,1,1,1,1,1,1,2,2,1,2,1,1,1,0,2,2,1,2,0,1,2,1,1,0,2,2,1,0,1,0,1,1,1,0,1,0,1,0,0,0,0,1,1,2,2,1,1,1,1,1,0,1,2,0,1,0,2,2,0,1,1,0,1,1,0,1,1,1,2,1,1,1,1,1,1,1,1,2,0,1,0,1,1,1,1,2
07/02/2010,0,1,1,1,1,0,2,1,1,1,1,1,1,2,1,1,2,1,1,1,2,2,1,1,0,1,1,0,2,2,1,1,0,1,2,1,0,1,2,2,0,0,1,1,1,1,1,1,2,0,2,1,0,1,0,1,0,2,2,1,1,1,1,1,0,1,1,0,0,0,1,2,0,1,1,1,0,2,1,2,1,1,2,1,1,2,2,1,2,1,2,1,1,2,2,1,2,1,1,1
07/04/2010,0,1,2,1,2,0,0,1,1,1,1,1,1,2,1,1,1,2,1,1,0,2,1,1,0,1,1,0,2,1,1,1,0,1,0,1,0,2,2,2,1,0,1,1,1,1,1,1,2,0,1,1,1,2,0,1,0,2,2,1,0,1,1,1,0,2,1,0,0,0,0,2,0,1,1,0,2,2,0,2,1,1,0,1,1,1,1,1,2,1,1,1,1,2,2,2,0,1,0,1
07/05/2010,0,1,1,1,1,0,1,1,1,1,1,1,1,2,1,1,1,1,0,1,2,2,1,1,0,0,1,0,2,2,1,2,0,1,2,1,0,0,2,2,1,0,0,1,1,1,1,1,2,0,2,1,1,1,2,2,0,2,2,1,1,1,1,1,0,2,0,1,1,1,1,1,1,1,1,2,1,1,1,1,1,1,1,1,1,1,1,1,1,1,1,2,1,1,1,1,1,1,1,2
07/06/2010,0,1,1,1,1,0,1,1,1,1,2,1,2,2,1,0,1,1,1,1,2,2,1,2,0,1,1,0,2,2,1,1,0,1,2,1,0,2,1,2,0,0,1,1,1,1,1,2,2,0,0,0,1,1,0,1,0,2,2,1,1,1,2,1,0,1,1,0,1,0,1,2,0,1,0,0,0,2,2,2,2,1,2,0,2,2,2,1,2,1,2,1,0,2,2,0,0,1,2,0
07/07/2010,1,1,1,1,1,1,1,1,1,1,1,1,1,2,1,1,1,1,1,2,2,2,1,1,0,1,0,0,2,2,1,1,0,1,2,1,0,2,1,0,1,0,1,1,1,0,1,1,2,0,1,1,1,1,2,1,0,2,2,1,1,1,1,1,0,2,1,1,2,0,2,2,0,1,1,1,1,1,1,1,1,1,0,1,1,1,1,1,1,1,1,1,1,1,1,2,1,1,1,1
07/08/2010,2,1,1,0,1,0,1,1,1,1,1,1,1,2,1,1,1,2,1,1,2,2,1,1,0,1,1,1,2,2,1,1,0,1,2,1,0,2,2,2,1,0,1,2,1,1,1,1,2,0,1,1,1,1,2,1,0,0,2,0,1,2,1,1,0,1,1,0,1,0,1,2,0,1,0,0,2,2,2,2,1,1,2,1,0,2,2,1,2,1,1,1,0,0,2,0,2,1,2,1
07/09/2010,2,1,1,1,1,0,1,1,1,1,1,0,0,2,1,1,1,1,1,1,2,0,1,1,0,1,1,0,2,2,1,2,2,1,2,0,0,2,2,2,1,0,1,1,1,1,1,1,2,0,1,1,2,1,2,2,0,2,2,1,1,0,1,1,0,1,1,1,1,1,1,2,0,1,1,2,1,2,2,0,1,1,2,1,1,2,1,1,1,1,2,1,1,1,1,1,1,1,1,1
07/11/2010,2,1,0,1,1,0,1,2,1,1,0,1,2,2,2,1,1,1,1,1,2,2,1,2,0,2,1,0,0,2,2,1,0,1,2,1,1,2,2,2,1,0,1,1,1,1,1,1,2,0,1,1,1,1,0,1,0,2,2,1,1,1,1,1,0,1,1,0,1,0,2,2,0,1,0,0,2,2,2,2,2,2,2,0,1,2,2,2,2,1,2,0,0,1,1,0,2,2,2,0
07/12/2010,2,1,1,1,1,0,1,2,1,2,2,0,1,2,1,1,1,0,1,1,2,0,1,1,0,1,2,0,2,2,1,1,0,1,2,2,0,2,1,0,1,1,1,2,1,2,2,1,2,0,2,1,1,1,0,1,0,2,2,1,1,1,1,1,0,1,0,0,1,0,1,2,0,1,0,0,2,2,2,1,2,1,2,1,0,1,2,1,2,1,0,1,1,0,1,1,1,1,1,1
07/13/2010,2,1,1,1,1,0,1,1,1,0,1,1,1,1,1,1,1,1,2,1,2,2,1,0,0,1,1,0,2,2,1,1,0,1,2,1,0,2,2,2,0,0,1,1,1,0,1,0,2,0,1,1,2,1,2,1,0,2,2,1,1,1,1,1,0,1,1,0,0,0,1,1,2,1,2,2,0,2,2,2,2,2,2,0,2,2,2,2,2,2,0,2,2,2,2,2,2,2,2,2
07/14/2010,2,1,1,1,1,0,1,1,0,1,1,1,1,2,1,2,0,1,1,2,2,2,1,1,0,1,1,0,2,2,1,1,0,1,2,1,2,2,2,2,0,0,1,1,1,1,0,1,2,0,2,1,2,0,2,1,1,1,0,0,1,1,1,1,0,1,1,0,0,0,1,2,1,1,1,2,1,2,2,2,0,2,2,0,2,2,0,2,2,2,2,2,2,2,2,2,2,2,2,2
07/15/2010,2,1,1,1,1,0,1,1,1,1,1,1,1,2,1,1,2,1,1,1,2,2,1,1,2,1,1,1,2,2,1,0,0,1,2,1,0,2,2,2,1,0,1,1,0,1,1,0,2,0,1,1,0,1,0,1,0,2,2,1,2,1,1,1,2,1,1,0,2,1,1,2,0,1,0,1,2,2,2,1,1,1,1,1,1,2,2,1,2,1,2,1,2,2,2,2,2,2,2,2
07/16/2010,2,1,1,1,0,0,2,1,1,1,0,1,1,0,1,1,1,1,1,0,2,2,1,1,0,1,1,0,2,2,1,1,0,1,2,1,0,2,2,2,1,1,1,1,1,1,1,1,2,0,2,1,2,1,0,0,0,2,2,1,1,1,2,1,0,1,1,0,0,0,1,2,0,1,0,2,2,1,2,2,2,2,2,0,2,2,2,2,2,2,2,2,2,1,0,2,2,2,2,2
07/18/2010,2,1,1,1,1,0,1,1,1,1,1,1,1,2,1,1,1,1,1,1,2,2,1,2,0,0,1,0,2,2,1,1,0,1,2,1,0,2,2,2,0,0,0,1,1,2,1,1,2,0,1,1,1,1,0,1,1,2,2,0,1,1,1,2,0,1,1,1,1,0,1,2,0,1,2,2,2,2,2,2,2,2,2,0,2,2,2,2,2,0,2,2,0,2,2,2,2,2,2,2
07/19/2010,2,1,0,1,1,0,1,1,1,1,1,1,1,1,1,1,1,1,1,2,2,2,1,0,0,1,1,0,2,2,1,1,2,1,2,1,0,2,2,2,0,0,0,1,1,1,1,1,2,0,1,1,1,1,0,1,0,2,2,2,1,2,1,1,1,1,1,1,1,0,1,2,1,1,1,0,2,2,2,1,1,1,2,0,2,1,2,2,2,1,2,1,0,2,2,2,0,1,2,1
07/20/2010,2,1,1,1,1,0,1,0,1,1,1,1,1,2,1,1,1,1,1,1,2,2,1,1,0,1,1,0,2,2,0,0,0,0,2,1,0,2,2,2,0,0,1,1,1,2,2,1,2,1,1,1,1,1,0,1,0,1,2,1,1,1,0,1,1,1,1,0,1,0,2,2,0,1,0,1,2,2,2,2,2,2,2,0,2,2,2,2,2,2,1,2,2,2,2,2,1,2,2,2
07/21/2010,2,0,1,1,1,0,1,1,1,1,1,1,1,2,1,1,1,1,1,1,2,2,1,1,0,1,1,0,2,2,1,1,0,2,2,1,0,2,2,2,1,1,1,1,1,1,1,1,2,2,1,1,1,1,2,1,0,2,0,1,1,1,1,1,0,0,1,0,1,0,1,2,0,1,0,0,2,2,1,1,2,0,2,1,1,2,1,1,1,1,0,1,1,1,1,0,1,1,1,0
07/22/2010,0,1,1,1,1,0,1,1,0,1,2,2,1,0,1,1,1,1,1,1,2,2,1,1,0,1,1,0,2,2,0,1,0,1,2,1,0,2,1,2,1,1,0,1,1,1,1,1,2,0,1,1,0,1,2,1,0,2,2,1,1,0,1,1,0,1,1,1,1,2,1,1,1,1,2,1,2,1,1,1,1,1,0,1,1,1,1,1,1,1,1,1,1,1,1,1,1,1,1,1
07/23/2010,0,1,1,1,1,1,1,1,1,0,0,1,0,2,2,1,1,1,1,1,0,2,1,1,0,1,0,0,2,1,1,1,0,1,2,1,0,0,2,2,2,0,1,0,1,1,1,1,2,2,1,1,0,1,2,1,0,2,2,1,0,1,0,1,0,1,1,1,1,1,1,2,2,1,1,0,2,1,2,2,1,1,2,1,1,1,1,1,1,1,1,1,1,1,1,2,1,1,1,1
07/25/2010,2,1,0,1,1,1,1,1,1,1,1,1,0,2,1,1,1,1,1,1,1,0,1,1,0,1,1,0,2,0,1,1,2,1,2,1,0,2,2,2,1,0,0,1,1,1,1,1,2,0,1,1,1,2,2,0,0,2,2,1,1,1,1,1,0,1,1,1,1,0,1,2,0,1,0,2,1,0,2,2,2,2,0,1,2,2,2,2,2,0,2,0,0,2,2,0,2,1,2,0
07/26/2010,2,1,1,1,1,1,1,1,1,0,1,1,1,2,1,1,1,1,1,2,0,2,1,1,0,1,1,0,0,2,1,2,0,1,2,1,0,2,2,2,1,0,2,1,1,1,1,2,0,0,1,1,1,1,0,1,0,0,2,0,1,1,1,1,0,1,1,0,1,0,1,2,1,1,0,2,2,2,2,2,2,1,2,0,2,2,2,2,2,2,2,2,2,2,2,2,2,0,2,2
07/27/2010,2,0,1,1,1,0,1,1,1,1,2,1,2,0,1,1,1,1,1,2,2,2,1,1,0,1,1,0,0,2,1,1,0,1,2,1,0,1,2,2,0,1,0,0,1,1,0,1,2,0,1,0,1,2,0,1,0,2,2,1,1,1,1,1,2,1,1,0,1,1,1,2,2,1,0,0,2,2,2,1,1,1,2,0,1,1,0,1,2,1,1,1,1,1,1,2,2,1,1,1
07/28/2010,1,1,1,1,1,2,1,1,1,1,1,1,1,2,1,1,1,1,1,2,2,2,1,0,0,1,1,0,2,2,1,1,0,1,2,1,0,2,2,2,1,0,1,1,1,1,1,2,2,0,2,1,0,1,0,1,0,2,2,1,1,0,1,1,0,1,1,0,1,0,2,2,0,1,0,2,2,2,2,1,2,0,2,0,0,0,2,1,1,1,0,1,1,2,2,1,2,1,2,1
07/29/2010,2,2,1,2,1,1,1,1,1,1,2,1,1,2,0,1,1,1,1,1,2,2,0,1,0,1,1,0,2,2,1,1,0,1,2,1,0,2,2,2,1,0,1,1,1,1,1,1,2,0,1,1,1,1,0,1,0,0,1,1,1,1,0,1,0,2,1,1,1,0,1,2,0,1,0,0,2,2,2,2,1,1,2,1,1,1,1,0,1,1,1,1,1,1,0,1,1,1,1,1
07/30/2010,0,1,1,1,1,1,1,1,2,1,1,1,1,2,1,1,1,1,0,1,2,2,1,0,2,0,1,0,2,1,1,1,2,1,2,1,0,2,2,2,0,0,1,1,1,1,1,1,2,0,1,1,1,1,2,1,0,2,2,2,1,1,1,1,0,1,1,0,1,0,1,2,0,1,0,0,2,2,2,2,2,2,2,0,2,2,2,1,1,1,0,1,1,0,2,0,2,1,1,1
08/01/2010,1,1,1,1,1,1,1,0,2,1,1,1,1,2,1,1,1,1,2,1,2,2,1,1,1,1,1,0,2,2,1,1,0,1,1,0,2,2,2,2,0,0,1,1,1,1,1,1,2,0,1,0,0,0,2,1,0,2,2,1,2,1,1,1,0,1,1,1,1,0,1,1,0,1,1,1,1,1,1,1,1,1,1,1,1,1,1,1,1,1,2,1,1,1,1,1,1,1,1,1
08/02/2010,2,1,1,1,0,2,1,2,1,1,1,1,1,2,1,1,1,2,1,1,2,2,1,1,0,1,1,0,2,2,1,2,0,1,1,1,0,2,2,2,1,0,1,1,1,1,0,1,0,0,1,1,1,1,0,1,0,2,2,1,1,1,1,1,0,1,1,0,1,0,1,2,0,1,0,0,2,2,1,2,1,1,2,1,0,1,1,1,2,1,1,1,1,2,2,2,2,1,2,1
08/03/2010,1,1,1,1,1,1,1,1,1,0,2,1,1,2,1,1,1,1,2,1,2,2,1,1,0,2,1,0,2,1,2,1,0,0,2,1,0,2,2,1,1,0,1,1,1,1,1,1,2,0,1,1,1,2,2,1,0,2,2,1,0,1,1,2,0,1,1,0,1,0,1,2,0,1,0,1,1,1,1,2,1,1,2,1,1,1,1,1,1,1,1,0,1,1,1,1,1,1,1,1
08/04/2010,2,1,1,1,1,0,1,1,1,1,1,1,1,2,1,1,1,1,0,1,2,2,1,1,0,1,1,0,2,2,1,1,0,1,2,1,0,2,2,2,1,0,1,1,1,1,1,1,2,0,1,1,1,1,2,0,0,1,1,1,1,1,2,1,0,1,1,1,1,1,1,2,0,1,1,0,1,1,1,2,1,1,2,0,1,1,2,1,1,1,0,1,1,1,2,2,1,1,1,1
08/05/2010,1,1,1,1,1,1,1,1,1,1,1,1,1,2,1,1,1,1,1,1,2,2,1,1,0,1,1,0,2,2,1,1,0,1,2,1,0,2,2,0,0,0,2,1,1,1,1,1,2,0,1,1,1,1,0,1,0,2,2,1,2,1,2,1,0,2,1,0,1,0,1,2,0,0,0,0,2,2,2,2,0,1,2,0,2,2,2,2,2,0,0,0,0,0,1,0,2,0,2,0
08/06/2010,2,1,1,1,1,0,1,1,1,2,1,1,1,2,2,1,1,1,1,0,2,2,1,2,0,1,1,0,2,2,1,1,0,1,2,1,2,2,2,2,1,0,1,1,1,1,1,1,2,0,0,1,2,1,0,1,2,2,1,0,1,1,1,2,0,2,1,0,0,0,2,2,0,1,0,1,2,2,2,2,2,2,1,0,2,2,0,2,2,0,1,0,2,2,1,2,2,2,2,2
08/08/2010,2,1,1,1,1,0,1,1,1,1,1,1,1,2,2,1,1,0,1,1,2,2,1,2,0,1,0,0,2,2,1,1,0,1,2,1,0,2,2,2,1,0,1,1,1,1,1,1,2,0,0,2,1,1,0,1,0,2,2,1,1,1,1,1,0,1,1,0,1,0,0,2,0,1,0,0,1,2,2,2,2,2,2,2,2,0,0,2,2,0,2,0,2,2,2,1,0,0,2,0
08/09/2010,2,1,1,1,2,0,1,1,0,0,1,1,1,2,1,1,1,1,1,1,2,2,0,1,0,1,1,0,1,2,1,1,0,1,2,1,0,2,2,2,1,0,1,1,1,1,1,1,2,0,1,1,1,1,0,1,0,2,2,1,1,1,1,1,0,1,1,0,0,1,1,2,0,1,0,2,2,2,2,2,2,2,2,0,2,2,2,2,2,0,2,0,0,2,2,2,2,1,2,1
08/10/2010,2,1,0,2,1,1,0,1,2,1,1,1,1,2,1,1,1,1,1,1,2,2,1,1,0,1,1,0,2,2,1,1,2,1,2,1,0,2,2,2,1,0,2,1,2,0,2,1,2,0,2,0,1,1,0,1,0,2,2,1,1,1,1,1,0,1,1,0,0,0,1,2,0,1,0,0,2,2,2,1,2,2,2,0,2,2,1,2,1,0,2,0,0,2,1,0,2,2,2,0
08/11/2010,2,1,1,1,1,0,1,1,1,1,1,1,1,2,0,1,1,1,1,1,2,2,1,1,0,1,1,0,2,2,1,1,0,1,2,1,0,2,0,2,1,0,1,1,1,1,1,1,2,0,1,1,1,1,0,1,0,2,0,2,1,1,1,2,0,1,0,0,1,2,1,2,0,1,1,0,2,2,2,2,2,1,2,1,0,2,2,1,2,1,2,1,0,2,2,1,2,1,2,0
08/12/2010,1,1,1,1,1,0,1,1,1,1,1,1,1,2,1,1,1,1,1,1,2,2,1,1,0,1,1,0,2,2,0,1,0,1,2,1,0,2,2,2,0,1,0,1,1,1,1,1,2,0,1,1,1,1,2,1,0,2,1,1,1,2,1,2,0,1,1,0,1,0,1,2,0,1,0,0,2,2,2,0,2,1,2,0,2,2,2,2,2,1,2,0,0,2,2,0,2,1,2,0
08/13/2010,1,1,0,1,1,0,1,1,1,1,1,1,1,2,1,1,1,1,1,1,1,0,1,1,1,1,1,0,2,2,1,1,0,1,0,2,0,1,2,2,0,0,1,1,1,1,1,2,2,1,1,1,1,1,0,1,0,2,2,1,1,1,1,1,0,1,1,0,0,0,1,2,0,1,0,0,2,2,2,2,1,2,2,0,2,2,2,2,2,0,2,2,2,2,2,2,2,0,2,0
08/15/2010,1,1,1,1,2,0,1,1,1,1,1,1,1,2,0,1,1,1,1,0,2,2,1,1,0,1,1,0,2,2,1,1,0,1,2,1,0,2,2,2,0,0,1,1,2,1,2,1,2,0,1,0,1,1,0,1,0,2,1,1,1,1,1,1,0,1,1,0,1,0,1,2,0,1,0,0,2,2,2,2,2,2,2,0,2,2,1,2,2,2,2,2,2,2,2,0,2,2,2,2
08/16/2010,1,1,1,1,1,0,1,1,1,1,1,1,1,2,1,1,1,0,2,1,2,2,1,1,0,1,1,0,2,2,0,1,0,2,2,1,0,2,2,2,1,0,1,1,1,1,1,1,2,0,1,1,1,1,0,1,2,2,2,1,1,1,1,2,1,2,1,0,1,0,1,2,0,1,1,1,1,1,1,1,1,1,2,1,1,1,1,2,0,2,2,2,1,1,1,1,1,1,1,1
08/17/2010,1,1,1,1,1,0,1,1,1,1,1,1,1,2,1,2,1,1,1,1,2,2,1,1,0,1,1,0,2,2,1,1,2,1,2,1,2,2,1,2,1,0,1,1,0,1,1,2,2,0,1,1,1,1,2,0,0,2,2,1,1,1,1,2,0,1,1,0,1,0,1,2,0,1,1,0,2,2,2,2,1,1,2,2,1,1,1,1,0,1,1,2,2,1,2,1,1,1,1,1
08/18/2010,1,1,1,1,1,0,1,2,1,1,1,1,1,1,1,1,1,1,1,1,2,2,1,1,0,2,1,0,2,2,1,2,1,1,2,1,2,2,2,2,2,0,1,1,1,1,1,1,2,0,1,1,1,1,0,1,0,2,2,2,2,1,1,1,0,1,1,1,1,2,1,2,1,1,2,0,1,1,2,2,2,2,2,0,0,2,1,1,1,1,0,1,1,1,1,1,1,1,1,0
08/19/2010,2,1,1,1,1,2,2,1,1,0,1,1,1,2,1,1,1,1,1,1,2,2,1,1,0,2,1,0,2,2,1,2,2,1,2,1,0,2,2,2,1,0,1,1,1,1,1,0,2,0,1,1,2,1,0,1,0,0,0,0,1,1,1,1,0,1,1,2,2,0,1,2,0,1,0,0,2,2,2,2,2,1,2,2,2,2,0,2,2,1,2,0,1,2,2,1,2,1,2,2
08/20/2010,2,2,1,1,1,0,1,1,1,2,1,1,1,0,1,1,1,1,1,1,2,2,1,1,0,0,1,0,0,2,1,1,0,1,2,1,0,2,0,2,0,0,1,1,1,2,1,1,2,0,1,1,2,1,0,1,1,2,0,0,1,0,1,1,0,1,0,0,0,0,1,2,0,1,0,2,1,2,2,2,0,2,2,2,2,2,2,2,2,2,2,2,2,2,2,2,2,2,2,2
08/22/2010,2,1,1,1,1,0,1,1,1,1,2,0,1,2,1,1,1,1,1,2,2,2,1,1,0,0,1,0,2,2,1,1,1,1,2,1,0,2,2,2,1,0,1,1,1,1,1,1,0,0,1,1,1,1,2,1,0,2,2,1,1,1,1,1,0,1,0,0,1,0,1,2,0,2,0,0,1,2,2,2,2,2,2,2,2,1,2,2,2,0,2,2,2,2,2,2,2,2,2,0
08/23/2010,2,1,2,1,1,0,1,1,0,1,0,1,1,1,1,1,1,1,1,1,2,2,2,1,0,1,1,0,2,2,1,1,2,1,2,1,0,2,1,2,2,0,1,1,1,2,0,0,2,0,0,2,1,1,0,0,0,2,2,2,1,1,1,1,0,1,1,0,1,0,1,2,0,1,0,1,2,2,2,2,2,1,2,0,0,2,2,2,2,0,2,0,2,2,2,2,2,2,2,2
08/24/2010,0,0,1,1,1,0,1,2,1,0,1,1,1,2,1,1,1,1,1,1,2,2,1,1,0,1,1,0,2,1,1,0,0,1,0,1,0,2,0,2,2,0,1,1,1,1,0,1,2,0,1,1,1,0,0,0,0,1,2,1,1,1,1,2,0,1,1,0,1,0,0,2,0,1,1,0,2,1,0,2,1,1,2,1,1,2,0,1,2,1,0,1,1,2,2,1,2,1,2,2
08/25/2010,2,1,1,2,0,0,1,2,1,1,1,1,1,2,1,1,1,1,1,1,2,2,1,1,0,1,1,0,2,2,1,1,0,1,2,1,0,2,2,2,1,0,1,1,1,1,1,1,2,0,1,1,1,1,2,0,0,2,2,2,1,1,1,1,0,1,1,0,1,0,1,0,0,1,0,1,2,2,2,2,2,2,2,0,2,2,2,2,2,1,2,0,0,2,2,2,2,1,0,0
08/26/2010,2,1,1,1,0,0,1,1,0,1,1,1,1,2,1,1,1,1,1,1,2,2,1,1,0,1,1,2,2,2,1,1,0,1,2,1,0,2,2,2,1,0,1,1,1,1,1,1,2,1,1,1,1,1,0,2,0,2,2,1,1,2,1,1,0,1,1,1,1,0,1,1,0,1,0,0,2,2,2,0,1,1,2,0,2,2,2,1,2,2,1,1,1,2,2,1,2,1,2,1
08/27/2010,2,1,1,1,2,0,1,1,1,1,1,1,1,2,1,1,1,1,1,1,2,2,1,1,0,1,1,0,2,2,1,1,0,1,2,1,0,2,0,2,1,0,1,1,1,1,1,1,2,0,1,1,1,2,0,1,0,2,2,1,1,1,1,1,0,0,1,1,1,1,1,2,1,1,1,1,1,1,1,2,1,1,1,1,1,1,1,1,1,1,1,1,1,1,1,1,1,1,1,1
08/29/2010,2,1,1,1,1,1,0,0,1,1,1,1,1,1,1,1,2,1,2,1,2,2,1,1,2,1,1,0,2,2,1,1,0,1,2,1,0,1,2,2,1,0,1,1,1,1,1,0,2,0,1,1,1,1,2,1,0,2,2,1,1,1,1,1,0,1,1,1,1,1,1,2,0,2,1,0,1,0,1,1,1,1,2,1,1,1,1,1,1,1,1,1,1,1,1,1,1,1,1,1
08/30/2010,2,1,1,1,1,0,1,1,1,1,1,1,2,2,1,1,1,1,1,0,2,2,2,1,0,1,1,0,0,2,0,1,0,1,2,1,0,2,2,2,1,0,2,1,1,2,1,1,2,0,1,1,1,1,0,2,0,2,2,2,1,1,1,1,0,1,1,2,1,0,1,2,0,0,0,0,1,2,2,2,1,1,2,1,0,2,1,1,1,1,0,1,1,2,1,0,2,1,2,1
08/31/2010,2,1,1,1,1,1,1,1,1,1,1,1,2,2,1,1,1,1,1,1,2,2,2,1,0,1,1,0,2,2,0,1,0,1,2,1,0,2,2,0,1,0,1,1,1,0,1,1,2,0,2,1,2,1,0,1,0,2,0,1,1,1,1,1,0,1,1,1,1,0,1,2,0,1,1,0,1,1,1,1,1,1,2,1,1,1,1,1,1,1,1,1,1,1,2,1,1,1,1,1
09/01/2010,2,1,1,2,1,0,1,1,1,1,1,1,1,0,1,1,0,1,1,1,2,2,1,1,0,1,1,0,0,2,1,1,2,1,2,2,0,1,2,2,1,0,1,1,1,1,1,2,2,0,1,2,1,1,2,1,0,2,2,1,1,1,1,1,0,1,0,2,1,0,1,2,0,1,0,0,2,2,2,1,0,1,2,0,0,0,1,1,1,1,0,1,1,1,1,1,1,1,1,0
09/02/2010,2,1,1,1,1,0,1,1,1,1,1,0,1,2,1,1,1,1,1,1,2,1,2,1,0,1,0,0,2,2,1,1,0,0,2,1,0,1,2,2,2,1,1,1,1,1,1,1,2,0,2,1,1,1,2,1,0,0,2,1,1,1,1,1,0,1,1,1,1,1,2,2,1,1,1,0,1,1,1,0,1,1,2,1,1,1,1,1,1,1,1,1,1,1,1,1,1,1,2,1
09/03/2010,2,1,1,1,1,1,2,0,1,1,1,1,2,2,1,1,1,1,1,1,2,2,1,2,0,1,1,1,2,2,1,0,0,1,2,0,0,2,2,2,1,0,1,0,1,1,0,1,2,0,1,1,1,1,2,1,2,2,2,1,1,1,1,1,0,1,1,1,1,0,1,2,2,1,1,1,1,1,1,1,1,1,2,1,1,1,1,0,1,1,1,1,1,1,1,2,1,1,1,1
09/05/2010,2,2,1,1,1,0,1,0,1,1,1,1,1,2,0,1,1,1,1,1,2,1,1,1,0,1,1,0,2,2,1,1,0,1,1,1,0,2,2,2,2,0,1,2,1,1,1,1,2,0,0,1,1,1,2,1,0,2,2,2,1,1,1,1,1,2,1,1,1,0,1,1,0,1,0,0,2,2,1,2,1,1,2,1,1,1,1,1,0,1,0,1,1,1,1,1,1,2,1,1
09/06/2010,2,1,1,1,1,0,1,1,1,1,1,1,1,2,1,1,1,1,1,1,0,2,1,1,1,1,1,2,2,0,1,1,0,1,2,1,0,2,2,2,1,0,2,1,1,1,1,1,0,0,1,1,1,1,2,1,0,2,2,1,1,1,1,1,0,1,1,1,1,0,0,2,0,0,0,0,1,2,2,2,1,0,2,0,0,2,1,1,2,1,1,1,2,1,2,1,1,1,1,0
09/07/2010,2,1,2,0,2,0,1,1,1,1,1,1,1,2,1,1,1,1,1,1,2,2,1,1,0,1,2,0,0,2,1,1,0,1,2,1,0,2,2,2,0,0,2,1,0,1,1,1,2,0,1,1,2,1,0,1,0,2,2,0,0,1,1,1,2,1,1,0,0,0,1,2,0,1,0,2,2,2,2,2,2,2,2,0,2,2,2,2,2,2,2,2,2,1,2,2,1,2,2,2
09/08/2010,2,1,1,1,1,0,2,2,1,1,1,1,1,2,1,1,1,1,1,1,2,2,1,2,0,1,1,0,2,2,1,1,0,1,2,1,0,2,2,2,0,0,2,1,0,1,1,1,0,0,1,1,1,1,0,1,0,2,1,0,1,0,1,1,0,1,1,0,1,0,1,2,0,1,0,0,1,2,2,2,0,2,2,0,2,2,2,2,2,1,2,0,1,2,2,2,2,2,2,0
09/09/2010,2,0,0,1,0,0,1,1,2,1,1,1,1,2,1,1,1,1,2,1,2,2,1,1,0,1,1,1,2,2,1,1,0,1,0,1,0,1,2,2,1,2,1,0,1,2,1,1,2,0,1,1,1,1,2,1,1,0,2,1,0,2,1,1,0,1,1,0,2,0,1,2,0,1,0,2,2,2,2,2,2,2,2,0,2,2,2,2,1,1,2,0,0,2,2,0,2,1,2,2
09/10/2010,2,1,1,1,1,0,0,1,1,1,1,1,1,2,1,1,1,1,1,1,1,2,1,1,0,1,1,0,2,2,1,1,0,1,2,1,0,2,2,2,1,0,1,1,1,2,1,1,2,1,1,1,1,1,0,1,1,2,2,0,1,1,1,0,0,2,1,0,0,0,1,0,0,1,0,2,2,2,2,2,2,2,2,2,2,0,2,2,2,0,2,2,2,2,2,1,2,2,2,2
09/12/2010,2,1,1,1,1,1,0,0,1,1,1,1,2,2,1,2,1,1,1,1,2,2,1,1,0,1,1,0,2,2,1,1,0,1,2,1,0,2,2,2,1,2,1,1,1,1,1,1,2,1,2,1,1,1,2,1,0,2,2,0,1,1,2,2,0,1,1,0,1,0,1,2,0,1,1,1,2,2,1,2,1,1,2,1,1,1,1,1,1,1,1,1,1,1,1,1,0,1,1,1
09/13/2010,0,1,1,1,1,1,1,1,1,1,1,1,1,2,1,0,2,1,1,1,0,2,1,1,0,1,1,0,2,2,1,1,0,1,0,1,0,0,2,2,1,0,1,1,1,1,1,1,2,0,1,1,1,1,0,1,1,2,2,1,1,1,2,1,0,0,1,1,1,0,1,2,0,1,0,0,2,2,2,1,2,2,2,0,2,2,2,1,2,1,2,1,1,0,1,1,2,0,2,1
09/14/2010,2,1,1,0,1,1,0,1,1,1,1,1,1,2,1,1,1,1,1,1,2,1,1,1,0,1,1,1,2,2,0,1,0,1,2,2,0,2,2,2,1,0,1,1,1,1,0,1,2,0,1,0,2,1,2,0,0,2,0,1,1,1,1,1,0,1,1,0,0,0,1,2,0,1,0,0,2,2,2,2,2,2,2,0,2,2,2,2,0,0,2,0,0,2,2,1,2,1,0,0
09/15/2010,2,0,1,1,1,0,1,1,1,1,1,1,1,2,1,1,1,1,1,1,2,2,1,0,1,1,1,0,0,2,1,1,0,1,0,1,0,2,2,0,1,0,1,1,1,1,1,1,2,0,1,1,1,1,2,1,0,2,2,1,1,0,1,1,0,1,1,0,1,0,1,2,0,1,0,0,2,2,2,2,1,1,2,1,2,2,2,0,1,1,2,1,1,1,1,0,1,1,1,2
09/16/2010,2,1,2,1,1,1,1,1,1,1,1,0,1,2,1,1,1,1,1,1,2,2,1,1,0,2,1,0,2,2,1,1,0,1,1,1,0,2,2,2,1,0,1,1,0,1,1,1,2,0,1,2,1,1,0,1,0,2,2,1,1,1,2,1,2,1,1,0,1,0,2,2,0,1,0,0,2,1,2,1,1,0,1,1,2,1,1,0,2,1,1,1,1,0,2,1,2,1,2,1
09/17/2010,2,1,1,1,2,0,1,0,0,1,1,1,1,2,1,1,1,1,1,1,2,2,1,1,0,1,1,0,2,2,1,0,0,1,2,1,0,2,2,2,1,0,2,1,1,1,1,0,2,0,1,1,1,0,2,1,2,2,1,0,1,0,1,1,0,1,1,1,2,0,1,2,1,1,0,0,0,1,1,2,1,1,2,1,1,1,1,1,1,1,1,1,1,1,2,1,1,1,1,1
09/19/2010,2,1,1,1,1,1,1,0,1,1,0,1,1,2,1,1,1,1,1,1,2,2,1,1,0,1,1,0,2,2,2,1,0,1,1,1,0,0,2,2,1,0,1,1,1,1,1,1,2,0,2,1,1,1,0,1,1,2,2,1,1,1,1,1,0,1,1,0,1,2,1,2,2,1,0,0,2,1,2,2,1,1,2,1,1,1,1,1,2,1,2,1,2,0,1,1,2,1,1,1
09/20/2010,1,1,1,1,1,1,1,1,1,1,1,1,2,2,2,1,2,1,1,1,2,2,1,0,0,1,1,2,2,2,1,1,2,1,2,1,0,2,2,2,1,0,0,1,1,1,1,1,2,0,1,1,1,1,0,1,0,2,2,1,1,2,0,1,0,1,1,1,1,0,1,2,0,1,1,0,2,2,2,2,1,1,2,1,1,1,1,1,1,2,1,1,1,0,1,1,1,1,1,1
09/21/2010,2,1,1,1,1,0,1,1,1,1,1,1,1,2,1,0,1,1,1,1,2,2,1,1,0,1,1,0,2,2,2,2,0,1,2,0,0,0,2,2,1,0,2,2,1,1,1,1,1,0,1,1,0,1,0,1,0,2,2,2,1,1,1,1,2,1,1,0,1,0,1,2,0,1,0,2,1,2,2,2,2,2,2,0,2,2,2,2,2,0,2,2,2,1,2,2,2,2,2,2
09/22/2010,2,1,1,1,0,1,1,1,1,1,1,1,1,2,1,1,1,1,1,1,2,2,1,1,2,0,1,0,2,1,1,0,0,1,2,0,0,2,2,2,1,0,1,1,1,0,1,1,2,0,0,1,1,1,2,1,0,2,2,1,1,1,1,2,1,1,2,0,1,1,1,2,0,1,0,0,2,2,2,2,2,1,2,0,2,2,2,0,2,1,2,0,2,2,2,2,1,2,2,2
09/23/2010,1,2,1,0,1,0,1,1,1,1,1,0,1,1,1,1,1,1,1,1,2,1,1,1,0,1,1,0,2,2,1,1,0,1,2,1,0,2,2,2,1,0,1,1,1,1,1,1,2,0,1,2,1,1,0,1,0,2,2,1,1,1,1,1,0,1,1,0,0,0,1,2,0,1,0,0,2,2,2,2,2,2,2,0,2,2,2,2,2,0,2,2,2,2,0,2,2,2,2,2
09/24/2010,0,1,1,1,1,1,1,1,1,2,0,1,1,2,0,1,1,1,1,1,0,2,1,1,0,2,1,0,2,2,1,1,0,1,2,1,0,2,2,2,1,0,1,1,0,0,1,1,2,0,1,1,1,1,2,1,1,2,0,1,1,0,1,1,0,1,1,1,1,0,1,2,0,1,1,0,1,1,2,2,1,1,2,1,1,1,1,1,1,1,1,1,1,1,1,1,1,1,1,1
09/26/2010,0,1,1,1,1,1,1,1,1,1,0,1,1,2,1,1,2,1,1,1,2,2,1,1,1,2,1,0,2,2,1,1,0,1,2,1,0,2,2,2,1,0,1,0,1,1,2,1,2,0,1,1,1,1,2,1,1,2,2,0,1,1,1,1,0,1,1,0,0,0,1,2,0,1,0,0,2,2,2,1,2,2,2,0,2,2,0,0,2,1,2,0,0,2,2,0,2,1,2,0
09/27/2010,0,1,1,1,1,1,1,2,1,1,1,1,1,2,1,1,1,1,1,1,2,2,1,1,0,1,1,0,2,2,1,1,0,1,2,1,0,2,0,2,0,0,1,0,1,1,1,1,2,0,1,1,1,1,0,1,0,0,2,0,1,1,1,1,0,1,2,0,0,0,1,2,0,2,0,2,2,2,2,2,0,2,2,0,2,2,2,2,2,2,2,2,2,2,2,2,2,2,2,2
09/28/2010,0,1,1,1,1,0,1,1,1,1,1,1,0,2,2,1,1,1,1,1,2,0,1,0,0,1,1,0,2,2,1,1,0,1,1,1,0,2,2,2,1,0,1,0,1,1,1,1,2,0,1,0,2,0,0,1,0,1,2,1,1,1,1,2,0,1,1,1,1,0,1,2,0,1,1,0,2,2,2,2,1,1,2,1,1,1,1,1,1,1,1,2,1,1,1,1,1,1,1,1
09/29/2010,0,1,1,1,1,2,2,1,1,1,1,1,2,1,0,1,2,1,1,1,2,2,1,1,2,1,1,0,2,2,2,1,0,1,1,1,0,0,2,2,1,1,1,1,0,1,1,1,2,0,0,0,1,1,0,1,2,2,2,0,1,1,1,1,0,1,1,0,0,0,1,2,0,1,0,2,2,2,2,2,0,2,0,0,2,2,2,2,0,2,2,2,2,2,2,0,2,2,2,2
09/30/2010,1,1,1,1,0,0,1,1,1,1,1,1,1,2,0,1,1,1,1,1,2,2,1,1,0,1,1,0,2,2,1,1,0,1,2,1,0,1,2,2,1,2,1,1,0,1,0,1,2,0,1,1,2,1,0,1,0,2,2,0,1,0,0,1,0,1,1,0,0,0,1,1,0,1,0,1,2,2,2,2,1,2,2,0,2,2,2,2,2,0,2,2,2,2,0,2,2,2,2,2
10/01/2010,0,1,1,1,1,0,0,1,1,2,1,1,1,2,1,0,1,1,1,1,1,2,1,2,0,1,1,0,2,2,1,1,0,1,2,1,0,2,2,0,1,0,1,2,1,0,1,1,2,0,1,1,2,1,0,1,0,2,2,1,1,1,1,1,0,1,1,1,0,0,0,2,0,1,0,0,2,2,2,1,2,1,0,0,2,2,2,2,2,2,2,2,2,2,2,0,2,2,2,2
10/03/2010,2,1,1,1,1,0,1,1,1,1,1,1,1,1,0,1,1,1,1,1,2,2,1,1,1,1,1,0,0,2,2,1,0,1,2,1,0,2,2,1,1,0,1,1,2,1,1,1,2,0,1,1,1,1,2,1,0,2,2,1,1,1,0,1,0,2,1,0,1,0,1,2,0,0,2,0,2,2,2,0,1,2,2,0,0,1,2,2,2,0,2,1,1,0,2,0,0,1,0,0
10/04/2010,1,1,1,1,2,1,0,0,2,1,1,2,1,1,1,2,0,1,1,1,2,1,1,1,0,1,1,0,2,2,1,1,0,1,2,1,0,2,2,2,1,0,1,1,2,2,1,0,2,0,1,1,1,2,2,1,1,2,2,1,1,1,1,1,0,1,2,0,1,0,1,2,1,1,0,0,2,2,2,1,2,2,1,0,2,1,2,2,2,1,2,0,0,2,2,2,2,1,2,0
10/05/2010,0,1,1,1,1,0,1,1,2,1,1,1,1,2,1,1,0,1,1,0,2,1,1,0,0,1,2,1,0,2,0,1,0,1,2,1,0,2,2,2,1,0,1,1,1,1,1,2,2,0,1,1,1,1,1,0,0,2,2,1,1,1,1,1,0,1,1,0,1,0,1,2,0,1,0,0,2,2,2,0,2,2,2,0,2,2,2,2,2,1,2,0,2,2,2,1,2,1,2,2
10/06/2010,1,1,2,1,1,0,1,1,1,1,1,1,1,2,1,2,0,1,1,1,2,0,0,0,0,0,1,0,2,1,1,1,0,1,2,1,0,2,2,2,1,0,1,1,1,1,1,1,2,0,1,1,1,1,0,1,0,2,1,1,1,1,1,1,0,0,1,0,1,0,1,2,0,2,1,0,2,2,0,2,2,1,2,1,0,2,0,1,2,1,0,0,1,1,1,1,1,2,1,1
10/07/2010,0,1,1,1,1,0,1,1,1,1,1,1,1,1,1,1,1,1,1,1,2,0,1,1,2,1,1,0,2,2,1,1,2,1,2,1,0,2,2,2,2,2,1,1,2,1,1,1,2,0,2,2,1,1,0,1,0,2,2,1,1,0,1,1,0,0,1,0,1,0,1,2,0,1,0,0,2,2,2,2,0,2,2,0,2,2,2,1,2,2,2,1,2,2,2,2,2,2,2,1
10/08/2010,1,0,1,1,1,0,1,1,1,1,1,1,1,2,1,0,1,1,1,1,2,2,1,1,0,1,1,0,2,1,1,1,0,1,0,1,0,2,2,0,1,0,1,1,1,1,1,0,0,0,1,1,1,1,1,1,0,2,2,1,1,1,1,1,2,1,1,2,1,0,1,2,0,1,2,0,2,2,2,2,0,2,2,0,2,2,2,2,2,1,2,0,1,2,2,0,2,1,2,0
10/10/2010,1,1,1,1,1,2,1,1,1,1,1,1,1,2,1,1,1,1,1,1,2,2,1,1,0,1,1,0,2,2,1,1,0,1,2,1,0,2,2,2,1,0,1,1,1,1,1,1,2,2,1,1,1,1,2,1,0,2,2,0,0,1,1,0,0,1,1,0,1,0,1,2,0,1,0,0,2,2,2,2,1,2,2,0,2,2,2,1,2,1,2,1,2,1,2,0,2,1,2,0
10/11/2010,0,1,1,2,1,0,1,1,1,1,1,1,1,2,1,1,0,1,1,1,2,2,1,1,2,1,1,0,2,2,1,1,2,1,2,1,0,2,2,0,1,0,1,1,1,2,1,1,2,0,1,1,0,1,0,1,0,2,0,1,1,2,1,1,0,1,1,2,0,0,1,2,0,1,0,0,2,2,2,2,2,2,1,0,2,2,2,2,2,1,2,2,0,2,2,1,2,1,2,0
10/12/2010,1,1,1,1,1,0,1,1,1,0,1,1,1,2,1,1,1,1,1,1,2,2,1,1,0,1,1,0,2,2,1,1,0,1,2,1,1,2,2,2,1,0,1,1,1,1,1,1,2,0,2,1,1,0,0,1,0,2,2,1,1,1,2,2,0,1,1,0,1,0,1,2,2,1,1,0,2,2,2,2,2,2,2,0,0,2,2,2,0,1,2,1,0,2,0,2,2,1,2,0
10/13/2010,1,2,0,1,1,0,1,1,1,1,1,1,1,2,2,1,1,1,2,1,2,2,1,1,0,1,1,0,2,2,1,1,0,1,2,2,0,2,2,2,0,0,1,1,0,1,1,1,2,1,2,1,1,0,0,1,0,2,2,1,0,1,1,1,0,1,1,0,1,0,1,2,0,1,0,2,2,2,2,0,0,2,2,0,1,2,2,2,2,0,2,2,2,2,1,0,2,2,1,2
10/14/2010,1,1,0,2,1,0,1,1,0,1,1,1,1,2,1,0,1,1,1,1,2,2,1,1,0,1,1,0,2,2,1,1,0,2,2,1,0,2,2,2,1,0,1,1,1,1,1,1,2,0,1,1,1,1,0,1,0,2,2,0,1,1,1,1,0,1,1,0,0,0,0,1,0,0,0,0,0,2,2,2,2,0,1,0,2,2,0,0,2,1,0,0,0,0,2,0,2,1,1,0
10/15/2010,0,1,1,1,0,0,0,1,1,1,1,1,2,2,1,1,1,1,1,1,2,0,2,1,0,1,1,0,0,2,1,1,0,1,2,1,0,1,2,2,1,0,1,1,1,1,1,1,2,0,1,1,1,1,2,1,0,2,2,1,1,1,1,1,0,1,1,0,1,0,1,2,1,1,0,0,2,2,2,2,2,2,2,0,0,1,2,2,2,0,2,0,2,2,2,2,2,1,2,0
10/17/2010,0,1,1,1,1,0,1,1,1,1,1,1,1,2,0,1,2,1,1,1,2,2,0,1,1,1,1,0,1,2,1,0,0,1,2,1,0,2,2,2,1,0,1,1,1,1,0,1,2,0,1,1,1,1,0,1,1,2,1,0,1,0,1,1,0,1,1,0,1,0,1,2,0,1,0,0,2,2,2,1,2,0,1,0,2,2,2,2,1,1,2,0,2,2,2,2,2,2,0,0
10/18/2010,1,1,1,1,1,0,1,1,1,1,1,1,1,2,1,1,1,1,1,1,1,2,1,2,0,1,1,0,2,2,1,1,0,1,2,1,0,2,2,2,1,0,1,1,1,1,1,1,2,0,1,1,1,2,2,1,0,2,1,1,1,1,1,1,0,1,1,1,1,0,1,2,0,1,0,0,2,2,0,2,0,2,2,0,2,2,0,2,1,1,2,2,1,0,2,0,2,1,2,0
10/19/2010,0,1,1,1,1,2,1,1,2,1,1,1,1,2,1,1,2,1,1,1,2,2,1,2,0,1,2,0,2,2,1,1,0,1,1,1,0,2,2,2,1,0,1,1,2,1,0,1,2,0,1,1,1,1,0,1,0,2,2,1,1,1,1,1,0,1,1,1,1,0,2,2,0,1,0,2,2,2,2,2,2,2,2,0,2,0,2,2,2,1,2,2,1,2,2,1,2,1,2,1
10/20/2010,2,1,1,1,1,0,1,1,1,1,1,1,1,2,1,1,2,1,1,1,2,2,1,1,0,0,1,0,1,2,1,1,0,1,2,1,2,2,2,2,1,0,1,1,1,1,1,1,2,0,2,1,1,1,0,1,0,2,2,1,0,1,1,1,2,1,0,0,1,0,1,2,2,1,1,0,2,2,2,2,2,1,2,1,0,2,2,2,2,1,2,1,1,2,0,2,2,1,2,0
10/21/2010,1,1,1,1,2,0,1,1,1,1,1,1,1,1,1,1,1,1,1,2,2,2,1,0,2,2,2,0,2,2,2,1,0,2,2,1,0,0,2,2,1,0,1,1,1,1,1,1,2,0,2,1,1,0,2,1,0,2,1,1,1,1,1,1,0,1,1,1,0,0,1,1,0,1,0,0,2,2,2,1,1,1,2,1,1,1,1,1,1,1,1,1,1,1,1,1,1,1,1,1
10/22/2010,0,1,0,1,2,0,1,1,2,1,1,1,1,2,1,1,1,1,1,1,0,2,1,0,0,1,1,2,2,2,1,1,0,1,2,1,0,2,2,1,1,0,1,1,1,1,1,1,2,0,1,1,2,1,2,1,0,1,2,1,1,1,1,1,0,1,0,1,1,0,1,2,0,1,0,0,2,1,2,2,1,1,2,1,1,0,1,1,1,1,1,1,1,1,1,1,1,1,1,2
10/24/2010,0,1,1,1,1,1,1,2,1,1,1,1,1,2,1,1,1,1,1,1,2,2,1,1,0,0,1,0,2,2,1,0,0,2,2,1,0,2,1,2,0,0,1,1,1,1,2,1,2,2,1,1,1,1,0,0,0,2,2,1,1,1,1,1,0,1,1,1,1,0,2,2,0,1,0,0,0,2,2,2,2,2,2,0,2,0,2,2,2,1,2,1,0,2,1,0,2,1,0,0
10/25/2010,2,1,1,1,1,1,1,1,1,2,1,1,1,2,2,1,1,1,1,1,2,2,1,1,0,1,1,0,2,2,1,1,0,1,1,1,0,2,2,2,1,0,0,1,1,0,1,1,1,0,1,1,1,2,0,1,0,2,0,1,1,1,1,1,0,1,1,1,1,2,1,0,0,1,1,0,0,2,2,2,1,1,2,1,1,1,1,1,1,1,2,1,1,1,1,0,1,1,1,1
10/26/2010,0,1,0,1,1,0,1,1,1,2,0,1,1,2,1,1,1,1,2,1,2,2,1,1,0,1,1,2,2,2,1,0,0,1,2,1,0,1,2,0,1,0,1,1,1,1,1,1,2,0,1,1,1,1,0,1,0,2,2,1,1,1,2,1,0,0,1,1,1,0,0,2,0,1,0,0,2,2,2,2,2,2,2,0,0,1,2,2,1,1,2,1,0,2,2,0,1,1,0,0
10/27/2010,2,1,1,1,1,0,1,0,1,1,1,1,1,2,1,1,1,1,1,1,2,2,0,1,0,1,1,0,0,2,1,0,0,1,2,1,0,2,2,2,1,0,1,1,0,1,1,1,2,0,1,1,1,2,2,1,0,2,2,1,1,0,1,1,0,1,2,2,1,0,2,2,0,1,1,0,2,2,2,2,1,1,2,1,1,1,1,1,1,1,1,1,1,1,1,1,1,1,1,1
10/28/2010,0,1,1,1,1,0,1,1,1,1,1,1,1,2,1,1,1,1,1,1,2,0,1,1,0,1,1,0,2,2,1,1,0,1,2,1,2,0,2,2,0,0,1,1,1,1,1,1,2,0,1,1,1,1,0,1,0,2,2,1,1,1,1,1,0,1,1,0,1,0,1,2,0,1,2,0,2,2,2,2,2,2,2,0,2,2,2,2,2,1,2,0,2,2,2,2,0,2,2,0
10/29/2010,1,2,1,1,1,0,2,1,1,1,1,1,1,2,1,2,1,1,0,1,2,0,1,1,0,2,1,0,0,0,1,1,0,2,2,1,0,2,2,2,1,0,1,1,1,1,1,1,2,0,1,1,1,2,2,1,0,2,0,1,0,1,1,1,0,1,1,1,1,0,1,2,0,1,0,0,2,2,2,2,1,1,2,0,2,2,2,1,0,1,1,2,2,0,2,1,2,1,2,0
10/31/2010,0,1,1,0,1,1,1,1,1,0,1,1,1,2,1,0,1,1,1,1,2,2,1,1,2,1,1,0,2,2,1,1,1,1,2,0,0,2,2,2,1,0,1,1,1,1,1,1,2,0,1,1,1,1,2,1,0,1,2,0,1,1,2,1,1,1,1,2,1,0,1,2,0,1,1,0,1,2,1,2,1,1,2,1,1,1,0,1,1,1,1,1,1,1,1,1,1,1,1,1
11/01/2010,1,1,2,0,1,0,1,1,2,1,1,1,1,2,1,1,1,1,1,2,2,2,1,0,0,1,1,0,2,2,1,1,0,1,2,1,0,2,2,2,1,0,1,1,1,1,1,1,1,0,1,0,1,1,0,1,2,2,2,1,1,1,1,1,0,1,1,1,1,0,1,1,0,1,0,0,2,2,2,2,2,2,2,0,2,2,2,1,2,1,0,1,2,0,1,1,2,1,2,1
11/02/2010,0,1,1,1,1,1,1,1,1,1,1,1,1,2,1,1,1,1,1,1,1,2,1,1,0,1,1,0,2,2,1,1,2,1,2,1,0,2,2,2,1,0,1,1,1,1,1,0,1,0,1,1,1,1,2,1,0,1,2,1,1,1,0,1,0,1,1,1,1,1,1,2,1,1,1,1,1,1,1,1,1,1,2,1,1,1,1,1,1,1,1,1,1,1,1,2,1,1,1,1
11/03/2010,0,1,1,1,1,1,1,1,1,1,1,0,1,2,1,1,1,1,1,1,2,2,1,0,0,1,1,1,2,2,1,1,0,1,1,1,2,2,0,2,1,0,1,1,1,2,1,1,2,0,1,1,0,1,0,1,0,2,2,2,1,1,0,0,0,1,1,2,1,0,1,2,0,1,0,1,0,2,2,2,2,1,2,1,0,2,2,1,2,1,2,0,1,0,2,0,2,1,2,1
11/04/2010,0,1,1,1,0,1,1,1,1,1,1,1,0,2,1,1,0,1,1,1,2,2,2,1,0,1,1,0,2,2,1,1,0,1,2,1,0,2,2,2,1,0,1,1,1,1,2,1,2,0,1,1,1,1,2,1,0,2,2,1,0,1,1,0,0,1,1,0,1,0,0,2,2,1,0,0,2,2,2,2,0,2,2,0,0,2,2,1,2,1,0,1,1,1,1,1,1,2,1,1
11/05/2010,0,1,1,1,1,0,1,1,0,1,1,1,0,2,1,1,1,1,0,1,1,2,1,1,1,0,0,0,2,2,1,1,1,1,0,1,0,2,2,2,1,0,1,1,1,1,2,1,1,0,1,1,1,1,1,1,0,2,2,1,0,2,1,1,2,1,1,0,1,0,0,2,0,1,0,0,2,2,2,2,2,2,2,0,2,2,2,2,2,1,2,0,0,1,2,0,2,2,2,1
11/07/2010,1,1,2,1,2,2,1,1,0,1,1,1,1,1,1,1,1,1,0,1,2,2,1,1,2,1,1,2,2,2,1,1,2,1,2,1,0,2,2,2,1,0,1,1,1,0,1,1,2,0,1,1,1,1,1,1,1,2,2,1,1,1,0,1,0,0,1,0,1,0,1,2,0,1,1,0,2,0,0,2,2,2,0,2,2,1,2,1,2,1,0,1,0,0,1,0,2,1,1,1
11/08/2010,1,0,1,1,1,1,1,1,1,2,1,2,1,2,1,1,1,1,1,1,1,2,1,1,0,1,0,1,2,0,0,1,0,0,2,0,0,2,1,2,1,0,1,1,1,1,1,2,0,0,1,1,1,1,0,1,2,0,2,1,1,1,1,1,0,1,1,1,1,1,1,2,1,1,1,0,2,2,0,0,0,1,2,0,0,1,1,2,1,1,0,1,1,1,2,1,1,1,1,1
11/09/2010,2,2,1,1,1,1,1,1,2,1,1,1,1,2,1,1,1,1,1,1,0,2,2,1,0,1,1,0,1,2,0,1,0,1,2,2,1,1,1,2,1,0,0,0,1,1,1,1,1,0,1,1,1,1,2,0,2,2,2,1,2,0,2,1,0,1,1,1,2,1,1,1,1,1,0,1,1,1,1,2,2,1,1,2,0,1,1,0,1,1,2,1,0,1,1,1,1,1,1,2
11/10/2010,0,2,1,1,1,1,1,2,1,1,1,1,2,2,1,1,0,0,1,1,1,1,2,0,2,1,2,0,2,1,1,1,0,1,1,0,1,1,1,2,1,2,0,0,1,1,1,0,2,1,1,1,1,1,2,0,1,2,2,0,2,1,0,0,0,0,2,1,1,1,0,0,1,0,0,1,1,1,2,2,0,2,2,2,0,1,2,2,1,0,2,2,0,0,1,2,2,0,0,2
11/11/2010,0,0,0,1,1,1,0,1,1,1,1,1,1,2,1,1,2,2,1,1,1,1,2,1,2,1,2,0,2,2,1,0,0,1,1,2,1,1,0,1,1,2,0,2,1,1,1,0,1,1,1,1,1,1,1,1,1,1,2,1,2,0,0,0,0,0,1,1,0,1,0,0,0,2,2,2,0,2,0,1,0,1,1,2,1,2,1,0,0,1,2,0,0,2,2,2,2,2,0,2
11/12/2010,1,0,0,2,1,1,1,1,0,0,1,1,1,2,1,1,2,0,1,0,1,1,2,1,2,1,2,0,0,2,0,0,1,2,0,2,1,1,0,2,1,1,0,1,1,1,1,0,1,1,1,1,1,1,1,1,1,0,2,1,2,0,0,0,0,0,2,2,0,1,2,0,1,1,2,2,1,2,2,1,0,1,1,2,0,2,1,0,2,2,2,2,1,2,2,2,2,2,0,0
11/14/2010,2,1,0,2,0,1,1,1,0,0,1,0,1,2,2,1,2,2,1,0,1,1,0,1,2,1,2,1,0,2,0,0,1,2,0,2,1,1,1,1,1,1,0,1,0,2,0,0,1,1,2,2,0,1,2,1,2,0,2,1,2,0,0,0,1,0,1,2,0,1,0,1,1,0,1,1,1,2,1,1,2,1,1,0,2,0,2,1,1,2,1,1,1,1,2,1,1,1,0,0
11/15/2010,2,1,0,0,2,1,1,1,2,0,1,0,1,1,0,2,2,0,2,1,1,1,0,0,2,1,2,1,0,2,1,0,1,2,0,2,0,1,1,0,1,1,2,1,2,1,0,0,1,2,2,1,0,1,2,1,0,0,2,1,1,0,1,1,1,0,2,0,1,1,0,1,0,0,2,2,2,2,1,0,2,0,1,1,0,0,2,0,2,2,0,1,2,2,2,1,0,2,2,0
11/16/2010,2,1,0,2,0,0,1,1,0,0,1,1,2,1,1,2,0,0,2,0,0,1,2,0,1,2,1,0,0,2,1,0,1,2,0,0,1,1,1,0,1,1,1,1,1,1,0,2,0,2,2,2,0,1,2,1,1,1,1,1,1,0,1,1,1,1,2,0,1,1,0,1,0,0,2,2,2,0,1,0,2,0,2,2,0,0,2,2,2,2,2,2,2,2,0,1,0,2,2,2
11/17/2010,2,1,0,2,0,0,1,1,1,1,1,1,2,1,1,2,2,1,2,0,0,0,2,1,0,1,1,1,0,1,1,0,1,0,0,0,0,1,1,0,1,0,0,1,1,0,2,1,0,2,2,2,0,1,2,1,1,0,1,1,1,0,1,1,1,1,1,0,1,1,1,0,0,1,1,2,0,0,1,0,2,0,0,1,1,1,1,2,1,1,2,1,2,2,1,1,2,0,1,0
11/18/2010,1,1,0,0,2,1,1,2,0,2,2,1,0,1,0,2,1,2,0,0,0,0,1,1,0,0,1,1,1,1,2,0,2,0,1,0,0,1,1,1,2,0,1,2,1,0,0,2,0,1,2,2,1,1,2,1,1,0,1,2,1,1,1,1,2,1,1,1,2,0,1,0,1,1,1,1,0,1,2,1,2,0,0,2,1,1,1,1,1,1,2,2,1,1,1,0,0,0,1,2
11/19/2010,0,1,1,0,2,1,1,0,0,1,2,2,0,1,2,2,1,0,0,2,0,0,1,1,0,0,1,2,0,1,1,1,2,1,1,1,0,1,1,1,2,0,1,2,1,2,0,1,0,2,0,0,1,1,2,1,1,1,1,2,1,1,1,1,1,1,1,1,0,0,1,2,1,1,2,2,1,1,1,1,1,1,0,2,1,1,1,1,1,1,2,1,1,1,1,1,1,1,1,1
11/21/2010,0,2,1,2,2,1,1,0,0,2,2,1,2,1,1,2,1,1,0,2,0,0,1,1,0,0,1,2,1,0,0,1,2,1,2,0,1,1,1,1,2,1,2,0,1,2,1,1,0,0,0,1,0,1,2,1,1,1,0,2,1,1,1,1,2,1,1,1,0,0,1,2,2,1,2,0,1,1,1,1,1,1,2,2,2,1,1,2,2,1,2,1,0,1,0,1,1,1,1,1
11/22/2010,1,2,1,0,1,1,1,0,0,2,2,1,2,1,2,2,1,1,1,2,0,0,1,2,1,0,2,2,1,2,1,1,2,0,2,1,1,1,2,0,2,0,2,2,1,0,1,0,0,2,1,1,2,0,1,0,1,2,0,2,2,1,1,0,2,1,1,1,1,1,2,2,2,1,2,0,0,1,2,2,2,1,2,1,2,2,0,2,2,0,0,2,2,1,0,0,1,1,0,0
11/23/2010,2,0,1,0,1,1,0,1,1,2,0,0,2,2,1,1,1,2,1,1,0,0,1,2,1,2,1,0,1,1,1,1,2,1,0,0,1,1,0,1,2,2,2,2,1,1,1,1,0,2,1,1,2,1,1,1,2,1,0,2,0,0,1,0,2,1,0,1,2,1,1,0,2,2,2,0,1,1,2,2,1,2,2,1,0,2,0,2,2,0,0,0,2,0,2,2,0,2,2,2
11/24/2010,1,2,1,2,1,1,2,0,0,0,2,0,2,1,0,1,1,2,1,2,1,2,1,2,1,2,1,2,2,1,1,1,0,1,0,1,1,1,2,1,2,1,1,1,1,1,2,2,2,1,1,1,1,0,1,2,0,1,1,0,0,1,1,0,2,1,0,0,2,1,0,1,2,1,2,0,1,0,2,2,0,2,1,1,1,2,1,1,1,0,1,2,1,1,2,1,0,1,2,1
11/25/2010,2,2,1,2,1,1,0,1,0,0,1,0,2,0,1,1,0,2,1,2,1,1,0,2,1,1,1,2,2,1,1,2,1,1,1,1,1,1,2,1,2,1,1,1,0,0,1,2,1,0,1,1,0,0,1,2,0,1,0,0,0,1,0,1,2,1,0,0,1,1,2,0,2,0,0,0,1,2,2,2,1,2,1,1,0,2,2,0,2,2,2,2,2,2,2,2,2,2,2,2
11/26/2010,1,2,1,0,1,1,0,1,1,0,1,2,2,0,1,1,0,2,1,0,1,1,0,0,1,0,2,2,2,1,0,2,0,1,1,1,1,1,2,0,1,1,1,1,0,1,0,2,1,1,1,1,0,1,1,2,2,1,1,0,2,1,0,1,1,1,1,0,2,1,1,0,1,1,1,1,1,1,2,0,0,2,1,0,1,1,1,1,1,1,2,1,1,1,1,1,1,1,0,1
11/28/2010,1,2,0,1,1,1,0,1,1,1,0,0,2,0,1,0,0,2,2,0,1,0,0,2,1,1,1,2,2,0,0,2,1,1,1,1,1,0,2,1,1,1,0,1,2,1,1,2,1,1,2,0,0,2,1,2,2,1,1,0,2,1,1,1,0,1,0,2,2,0,1,1,1,1,1,1,1,2,1,0,2,2,1,2,0,1,1,1,1,1,1,1,0,1,1,1,1,1,1,1
11/29/2010,2,0,1,1,0,1,0,1,1,1,1,0,2,1,0,0,0,1,2,0,1,0,0,2,2,1,2,2,1,2,0,2,1,1,1,2,1,1,0,1,1,1,0,1,1,1,1,2,1,1,2,2,0,1,1,2,1,1,1,2,2,1,0,2,0,2,1,1,2,0,1,0,1,0,0,0,2,1,1,1,1,1,0,2,2,1,1,0,2,1,1,0,0,2,1,1,1,1,1,2
11/30/2010,0,1,0,1,0,1,0,1,1,1,1,1,2,1,0,0,2,2,2,0,1,0,2,2,2,1,0,2,1,2,2,2,1,1,1,2,1,1,0,1,1,2,0,1,1,2,1,2,2,1,2,2,0,0,2,2,2,2,0,2,1,0,0,2,0,2,1,1,0,1,1,1,1,0,1,2,2,1,1,1,1,1,2,0,0,2,1,0,1,1,0,1,0,2,1,0,1,0,0,2
12/01/2010,1,2,2,1,0,2,1,0,1,1,1,0,1,1,2,1,1,2,2,1,2,0,1,0,2,0,0,2,1,2,0,2,1,2,2,0,1,1,0,0,1,1,1,1,1,2,1,1,0,1,2,2,0,0,0,2,1,2,1,1,0,0,1,2,1,1,1,1,0,0,0,1,0,0,2,1,2,1,1,0,1,1,2,2,2,2,1,0,1,0,0,2,0,2,2,1,2,2,0,2
12/02/2010,1,0,1,1,0,1,1,0,0,1,1,1,1,1,1,1,2,1,2,1,1,2,0,1,2,1,1,2,1,2,2,2,1,2,1,2,1,0,2,0,1,2,1,0,1,2,1,1,0,1,2,1,0,0,0,1,1,2,1,1,1,0,1,2,1,1,2,1,1,1,2,1,0,2,0,1,2,1,2,0,1,1,2,2,2,2,0,2,1,2,2,2,1,0,2,2,2,2,1,0
12/03/2010,2,0,2,0,0,1,1,1,0,1,1,1,1,1,1,1,1,1,2,2,0,0,0,0,2,1,1,1,1,1,2,2,1,2,2,1,1,1,0,1,1,0,2,0,1,2,1,1,2,1,1,1,0,0,2,2,1,1,2,1,0,2,1,1,1,1,1,1,1,1,0,1,0,2,0,0,1,1,2,2,2,1,2,1,1,1,2,0,1,0,2,0,1,0,0,2,0,0,1,0
12/05/2010,1,0,2,0,1,1,1,1,0,0,1,1,0,1,0,1,1,1,1,0,0,2,2,1,2,1,1,1,1,2,1,0,1,2,2,1,1,1,0,1,1,0,2,0,1,0,1,1,2,1,1,1,0,0,1,1,1,1,1,2,1,2,1,2,1,1,1,0,0,1,0,0,2,1,2,2,1,2,1,2,2,0,2,1,1,2,2,2,2,2,2,2,1,0,0,2,0,2,0,0
12/06/2010,1,0,2,0,1,1,1,1,0,1,0,1,0,1,1,1,1,1,1,0,0,2,0,1,0,1,1,1,1,1,1,0,2,2,2,1,2,0,1,1,1,2,2,0,0,1,0,1,2,1,1,1,1,0,2,1,1,1,2,0,0,2,1,2,1,1,1,0,1,1,0,0,1,1,2,2,0,1,2,1,2,0,2,0,1,0,2,2,2,2,2,2,2,2,2,2,0,0,0,0
12/07/2010,2,0,1,0,1,2,2,1,1,0,0,1,0,0,1,2,1,2,2,0,0,2,1,1,0,2,0,1,1,2,0,0,0,2,2,2,2,0,1,1,0,2,2,1,0,1,0,1,1,1,1,1,1,2,0,1,0,0,2,2,0,2,1,2,1,1,0,0,0,1,1,0,2,1,2,2,2,2,2,1,2,2,2,1,2,0,0,0,1,2,2,2,2,2,0,0,0,0,0,0
12/08/2010,2,1,1,0,2,0,1,1,1,2,0,1,2,1,1,2,0,1,2,0,0,2,1,1,1,1,0,1,2,1,1,1,0,1,1,0,2,0,1,1,0,2,2,0,0,1,0,1,2,1,2,1,1,2,2,1,0,0,2,2,1,2,1,1,0,0,0,2,0,1,0,0,2,2,2,2,2,0,2,1,2,2,1,2,2,0,0,0,2,2,0,1,2,2,0,2,0,0,0,2
12/09/2010,0,1,1,2,2,0,1,1,1,2,0,1,1,1,1,1,0,1,2,1,0,2,1,1,2,1,1,1,2,2,1,1,0,1,1,0,2,1,1,2,0,1,2,1,0,1,2,1,2,1,1,0,1,1,1,1,1,1,2,0,0,2,0,0,0,0,0,1,0,1,0,0,2,0,1,2,0,0,1,1,2,2,0,2,2,0,1,2,0,0,0,2,2,2,2,2,2,0,2,2
12/10/2010,0,1,0,2,2,0,2,1,1,2,1,1,1,0,2,1,0,1,1,1,0,2,2,0,0,1,0,1,2,1,0,1,0,0,1,0,2,1,1,2,0,1,2,1,1,0,1,1,1,1,0,1,1,1,1,0,1,1,1,1,0,0,1,1,0,0,0,1,1,1,1,0,1,2,1,1,0,1,1,0,2,0,0,1,0,2,1,2,1,1,1,1,0,1,1,0,2,1,0,1
12/12/2010,0,1,0,2,2,1,2,1,1,2,1,0,1,0,2,1,0,1,0,1,2,2,1,1,1,2,0,2,2,0,0,1,1,1,1,2,1,1,1,2,2,1,1,1,1,0,1,1,1,0,1,1,1,2,0,0,2,1,1,1,1,1,1,1,1,0,0,1,1,0,0,0,1,2,2,1,1,2,1,2,2,1,0,2,0,0,1,2,2,1,2,0,2,2,2,2,2,0,0,1
12/13/2010,0,1,0,2,0,2,2,1,1,1,0,0,1,0,0,1,0,1,1,1,2,2,0,1,0,2,2,2,2,0,1,1,1,1,1,0,0,1,0,2,0,1,1,1,0,0,1,1,1,1,0,1,1,2,0,0,1,1,1,1,1,0,2,0,1,0,1,0,1,2,0,0,1,2,1,1,1,2,0,0,2,1,2,0,1,1,1,1,1,1,2,2,1,2,1,2,1,2,1,0
12/14/2010,2,1,0,2,0,2,2,0,1,1,2,0,1,0,2,1,0,0,1,1,2,0,0,0,1,2,2,2,1,2,1,2,1,0,2,1,1,2,0,2,0,1,0,0,2,0,1,1,1,1,0,2,2,2,0,1,1,0,1,0,2,0,1,1,1,1,1,1,1,2,0,2,0,1,1,1,1,1,0,2,2,2,2,1,1,1,0,1,2,2,0,0,1,2,0,0,1,0,0,0
12/15/2010,2,0,0,2,2,1,2,2,2,1,2,0,1,0,2,1,0,1,2,1,1,0,0,0,1,2,1,2,2,2,1,1,2,0,0,2,1,1,0,2,2,0,1,0,1,1,2,1,1,1,0,0,1,2,2,0,1,0,1,0,1,0,2,0,2,1,1,0,2,2,1,1,0,0,1,2,1,2,2,1,2,2,0,2,1,0,1,1,0,2,1,0,2,0,0,2,0,2,0,2
12/16/2010,0,0,0,1,0,1,0,1,1,0,2,0,1,1,2,1,1,1,1,1,1,0,0,2,1,0,1,2,2,2,0,1,0,0,0,2,1,1,0,1,1,1,0,0,1,1,2,1,1,1,0,1,1,2,0,0,0,0,1,0,1,1,2,1,1,1,1,0,1,2,2,1,0,0,1,1,1,1,2,1,1,1,1,2,1,2,1,1,1,2,1,1,1,0,1,2,0,1,1,0
12/17/2010,0,0,2,1,0,0,2,1,1,1,0,1,1,1,0,1,1,1,2,0,1,0,0,2,1,1,1,1,2,2,2,1,0,1,1,2,0,2,0,0,2,0,0,2,1,1,2,0,0,1,1,1,1,2,1,2,0,0,1,0,1,1,2,0,1,1,2,0,1,1,1,1,2,2,1,2,2,1,0,1,1,1,1,1,1,1,1,1,1,0,0,1,1,2,1,1,0,1,1,0
12/19/2010,0,0,2,0,1,0,2,1,1,1,0,1,1,2,2,2,1,1,0,0,1,0,0,2,1,1,0,1,0,1,1,0,0,1,2,2,0,1,0,0,2,2,2,2,2,2,2,2,0,1,1,0,1,2,1,2,0,0,0,0,0,1,2,1,0,2,2,2,0,1,1,2,0,0,1,1,0,2,2,0,0,1,1,2,0,2,0,2,2,2,0,2,2,2,0,2,2,0,2,0
12/20/2010,0,2,2,0,1,1,2,1,1,1,1,1,1,1,1,1,1,2,0,0,1,0,1,1,2,1,1,1,1,1,1,1,0,1,0,0,0,2,1,0,2,0,2,2,1,1,0,2,1,1,1,1,0,2,1,2,0,0,0,1,0,0,1,1,0,0,2,2,2,2,1,0,0,0,0,0,2,0,1,0,2,1,1,2,0,0,0,2,2,2,0,1,2,0,2,1,2,0,0,1
12/21/2010,0,2,2,0,1,2,1,0,0,1,1,1,1,1,1,1,1,2,0,0,0,0,1,1,2,1,1,0,2,1,2,1,0,1,1,0,0,2,1,0,1,1,1,1,1,1,0,2,1,1,1,1,0,2,1,0,1,0,0,1,1,1,0,0,0,0,2,2,0,2,0,1,1,0,2,1,2,0,1,2,2,1,0,2,0,2,0,0,2,1,0,1,2,2,1,1,2,0,2,0
12/22/2010,0,2,1,0,1,0,1,0,2,1,1,0,1,1,0,1,1,2,1,0,0,2,0,1,2,1,0,1,1,1,1,1,0,1,1,1,0,1,1,0,1,1,1,2,1,0,0,2,1,1,1,1,0,1,0,1,1,1,0,0,0,1,1,1,0,0,2,0,0,2,0,2,1,0,2,1,2,2,1,2,2,0,0,1,2,0,0,0,0,2,0,1,2,1,2,0,2,2,2,0
12/23/2010,2,2,2,0,0,0,1,1,1,2,1,0,1,1,0,1,0,2,2,0,2,1,0,1,0,1,0,1,1,0,1,1,2,1,1,0,1,1,1,0,1,0,0,2,1,0,0,2,2,1,0,1,0,1,1,1,1,1,0,1,0,0,1,1,0,0,1,0,0,2,1,2,1,2,2,1,0,0,2,1,2,0,1,0,1,1,2,1,0,2,1,0,1,1,1,0,0,0,1,0
12/26/2010,2,2,1,1,1,0,1,1,2,1,1,1,0,1,0,1,0,1,2,0,0,0,0,1,0,1,1,0,1,0,2,1,1,0,1,2,1,1,1,0,1,1,1,0,0,0,0,2,1,1,2,0,1,1,2,2,1,1,0,0,0,0,0,2,0,1,1,0,2,2,2,1,2,1,2,1,1,2,2,0,2,0,0,2,2,2,2,2,0,2,1,2,0,1,1,2,1,0,2,2
12/27/2010,2,2,1,1,1,0,1,0,1,1,0,1,0,1,0,2,0,1,2,0,0,0,2,1,0,2,2,0,1,0,1,0,1,0,1,1,1,1,1,1,2,1,1,2,0,0,1,2,1,1,2,0,1,1,2,1,1,1,0,1,0,0,0,2,1,1,1,2,2,2,2,1,1,1,0,1,0,2,2,2,1,1,2,2,0,2,1,2,0,2,0,2,0,1,1,0,1,0,1,0
12/28/2010,2,1,1,1,0,1,2,1,2,1,0,1,0,1,0,1,1,1,2,0,1,2,2,2,2,1,1,0,1,0,1,2,1,0,1,1,1,1,1,2,1,1,1,2,0,0,2,2,1,0,2,0,2,1,0,1,0,1,1,1,0,1,1,2,1,1,1,0,1,2,2,0,2,1,2,0,0,2,2,2,1,0,0,2,0,2,1,2,0,2,2,2,2,1,1,1,1,0,2,2
12/29/2010,1,1,1,1,0,1,0,1,2,0,0,1,0,1,0,1,1,1,2,0,1,0,2,2,1,1,0,0,0,2,1,1,1,0,0,1,1,1,1,1,2,2,1,2,0,0,1,1,2,0,2,0,2,1,2,1,0,0,1,1,0,2,2,2,0,0,2,0,2,2,0,1,2,1,1,0,0,2,2,0,1,1,1,1,1,2,1,2,0,1,0,1,2,1,0,1,2,1,2,0
12/30/2010,0,1,1,1,0,1,0,0,2,1,0,1,0,1,0,0,1,0,1,0,1,0,1,2,1,1,1,0,0,0,1,1,1,0,0,1,0,1,0,1,0,0,0,2,1,0,1,0,2,0,2,0,2,0,2,1,1,0,1,1,0,2,2,1,1,0,2,1,2,2,0,1,0,2,1,0,2,1,2,2,0,0,0,1,0,2,1,2,0,1,0,2,2,0,2,0,0,2,2,0
12/31/2010,0,0,1,2,1,2,0,0,2,0,1,2,2,2,1,2,0,0,1,2,0,1,1,2,1,2,1,2,2,1,1,1,1,1,2,1,1,0,2,1,1,0,0,1,2,1,2,0,2,0,2,1,2,2,1,1,0,0,1,1,2,2,1,2,1,0,2,0,1,2,0,2,0,0,2,0,1,0,2,2,2,1,1,1,0,2,2,2,0,1,0,1,2,0,2,0,2,2,1,2
01/02/2011,0,0,1,2,1,0,0,2,2,1,1,2,1,1,1,0,1,1,1,1,1,1,1,2,1,1,1,1,2,1,1,1,1,1,0,1,2,1,0,1,1,2,1,1,1,2,0,1,2,0,2,1,2,2,0,1,0,1,1,1,2,2,1,1,1,0,2,0,2,1,0,0,1,0,2,0,1,1,2,2,2,2,1,2,0,1,1,0,2,2,0,2,1,0,2,0,2,2,0,2
01/03/2011,0,0,1,2,1,2,0,0,2,1,1,2,1,1,1,0,1,2,1,2,1,1,1,1,0,1,2,1,2,1,1,1,0,1,1,1,1,1,0,1,1,2,1,1,1,2,0,0,2,1,2,1,0,2,0,1,1,0,0,1,2,0,1,2,1,0,2,0,1,1,0,0,2,0,2,2,1,1,1,2,2,1,1,2,0,2,2,1,2,2,1,2,1,0,2,2,2,2,0,2
01/04/2011,2,0,1,1,2,2,1,2,0,1,1,2,2,1,1,2,0,1,1,1,0,1,1,1,2,1,2,1,2,1,1,1,0,1,1,1,2,1,0,1,2,1,0,1,1,2,0,1,0,0,2,0,1,2,0,1,1,1,0,1,2,1,1,1,0,0,2,0,1,2,1,1,1,0,0,0,1,1,2,0,2,2,1,2,0,0,2,2,2,2,0,2,0,0,0,0,0,0,0,0
01/05/2011,2,2,1,1,1,2,1,0,1,2,2,2,1,0,1,1,0,1,0,2,0,1,1,0,2,1,1,1,0,1,1,1,0,1,1,2,1,0,1,1,0,2,2,1,1,2,2,1,2,1,0,1,0,2,0,0,1,1,2,1,1,1,1,1,0,0,1,1,1,0,1,1,0,0,1,0,2,0,1,0,2,2,2,0,2,1,2,2,2,2,2,2,2,1,2,0,0,2,2,2
01/06/2011,2,1,0,0,0,2,1,1,1,2,2,0,1,1,1,1,0,1,1,2,0,1,1,0,1,2,2,1,2,2,1,0,0,1,1,2,1,0,2,1,0,2,2,1,0,2,2,1,2,1,0,1,1,1,1,1,1,1,2,1,2,1,1,1,0,0,2,1,0,0,1,0,2,1,1,1,0,0,1,1,1,2,2,0,0,0,1,1,1,2,1,0,0,1,1,1,0,0,0,0
01/07/2011,2,0,0,1,0,2,1,0,1,2,2,0,0,1,1,1,0,1,1,2,0,0,1,0,0,1,0,1,2,2,1,0,0,0,2,2,1,1,1,2,0,2,0,1,0,2,2,2,1,1,0,2,1,1,1,0,1,1,0,1,1,1,1,2,0,0,1,1,0,1,0,0,0,1,1,0,2,0,2,2,0,0,2,0,0,2,0,0,0,0,2,2,2,2,0,0,0,0,2,1
01/09/2011,2,1,0,1,0,0,1,1,1,2,2,0,2,1,0,1,1,1,0,2,1,0,0,0,0,1,0,1,0,2,1,2,1,0,1,2,1,0,0,2,1,1,2,1,0,1,2,2,1,1,0,1,1,1,2,0,1,0,0,2,2,1,1,2,1,1,0,1,0,0,2,0,0,1,1,2,2,0,2,2,0,1,2,1,2,2,1,0,2,2,2,1,0,1,0,0,0,1,0,0
01/10/2011,2,1,0,1,0,2,1,1,1,2,2,1,2,1,1,1,0,1,0,1,0,1,1,1,1,2,0,0,1,1,2,2,1,0,1,2,0,1,0,0,0,1,2,1,1,0,2,2,1,2,0,1,1,1,1,1,1,0,1,0,1,0,1,2,0,0,1,1,0,1,2,0,2,1,1,2,2,2,1,1,0,2,2,2,2,2,2,1,2,1,2,0,1,2,0,0,0,0,2,1
01/11/2011,0,1,2,1,1,1,1,1,2,1,2,1,2,1,1,1,1,1,0,0,1,0,0,1,1,1,0,0,0,0,1,2,1,0,1,1,1,1,0,2,0,1,2,1,1,0,2,2,1,0,1,2,1,0,1,1,2,1,1,0,0,0,1,2,0,0,1,0,0,1,0,0,1,0,1,2,1,2,2,1,0,0,2,2,1,0,2,2,2,2,0,1,0,2,2,0,0,0,0,0
01/12/2011,0,1,1,1,1,1,1,1,2,1,1,2,2,1,1,1,1,2,0,1,1,0,1,1,1,1,1,0,1,0,2,2,1,1,1,1,1,1,0,0,1,1,1,1,0,1,1,2,2,1,0,1,1,0,2,1,2,0,1,1,1,0,1,2,2,0,1,1,2,1,0,0,1,1,0,1,1,0,0,1,0,0,0,2,2,1,2,2,2,2,1,2,0,0,2,0,2,2,1,0
01/13/2011,1,1,1,1,1,1,1,1,1,0,1,1,2,2,0,1,1,2,2,1,1,1,0,1,1,1,1,0,1,0,2,1,1,1,1,1,1,1,2,0,1,1,0,1,1,1,1,1,1,0,1,2,1,0,1,2,1,1,0,1,1,1,1,2,1,0,1,1,2,2,0,2,1,1,0,1,1,1,2,1,2,0,0,2,2,0,2,2,2,2,1,2,0,0,2,0,0,2,2,0
01/14/2011,1,0,1,1,1,1,1,1,0,1,1,2,2,2,2,1,1,2,2,1,0,1,1,1,1,1,1,1,1,1,2,2,1,1,0,1,1,1,2,0,1,1,2,1,1,0,1,1,1,2,2,2,1,0,1,1,2,1,0,1,1,1,1,1,1,0,1,0,1,0,1,1,1,2,1,1,1,1,1,2,2,0,1,1,2,2,2,2,1,2,1,1,0,1,1,0,0,1,2,0
01/16/2011,1,0,1,1,1,1,1,1,1,1,1,2,2,2,2,0,1,2,1,1,0,1,1,0,0,1,1,1,1,2,2,2,1,1,1,1,0,2,0,0,1,1,1,1,1,0,1,1,2,2,1,2,0,0,2,1,2,1,0,1,1,1,1,1,1,0,1,0,1,0,0,2,0,1,0,0,0,1,2,2,0,2,0,1,2,2,2,2,2,2,1,2,2,2,2,0,2,1,2,2
01/17/2011,1,0,1,0,1,1,1,1,0,1,1,2,1,1,1,1,0,2,1,1,2,1,1,0,1,0,1,1,1,1,2,1,2,0,0,1,0,2,0,0,1,0,1,1,0,0,1,1,0,2,1,1,0,2,1,1,1,1,0,1,1,1,2,1,0,2,0,1,1,0,2,2,0,1,0,2,2,1,2,0,2,2,0,0,0,2,1,1,2,0,1,2,0,1,0,0,0,1,2,0
01/18/2011,2,0,1,0,1,1,0,2,0,2,0,0,2,1,1,1,0,2,1,1,2,1,1,2,0,0,2,1,1,1,1,0,2,2,2,0,0,2,0,2,1,2,1,1,0,1,1,1,0,0,0,0,1,2,1,1,2,1,0,1,1,1,2,1,1,1,0,1,1,2,1,1,1,0,2,1,2,2,2,2,1,1,2,2,2,1,1,1,2,0,2,2,1,0,1,1,1,1,1,0
01/19/2011,2,0,1,1,0,1,1,0,2,1,0,0,2,1,2,1,0,1,1,2,2,0,1,0,1,1,2,1,2,0,1,0,2,2,2,1,0,2,1,2,0,2,1,1,0,1,1,1,0,2,0,1,0,2,2,0,1,1,0,1,1,1,2,0,1,1,1,1,1,1,0,0,0,0,1,1,2,2,2,2,1,1,2,2,2,0,2,1,0,0,2,2,2,2,1,1,1,0,0,0
01/20/2011,2,0,1,1,0,1,2,0,1,1,0,1,2,1,0,0,0,2,1,2,2,0,1,0,0,0,0,1,0,1,0,1,2,0,2,0,0,2,1,2,0,2,0,1,2,1,1,1,2,2,0,1,0,1,0,0,1,1,0,1,1,0,2,0,1,1,1,1,2,1,0,1,0,0,1,1,2,2,1,1,1,1,1,2,1,1,1,1,0,1,1,1,1,0,0,1,1,1,1,0
01/21/2011,2,2,2,1,0,1,1,2,1,1,2,1,2,2,0,0,1,2,0,2,1,0,1,0,2,0,0,2,0,1,2,1,2,1,2,0,1,0,1,0,0,2,1,1,2,1,2,0,2,1,1,1,1,1,0,0,1,1,1,1,0,0,2,0,1,1,1,2,1,2,0,0,0,0,0,2,2,0,1,2,0,1,0,2,2,2,0,2,0,0,2,0,2,0,0,1,1,0,0,0
01/23/2011,0,0,1,1,0,1,2,1,2,1,1,1,2,1,2,2,1,2,0,2,1,0,1,0,0,1,1,2,0,2,1,1,1,1,1,1,1,0,1,2,1,2,2,0,1,0,0,0,1,1,1,1,1,1,0,0,1,0,2,1,0,0,1,1,1,0,1,2,0,1,0,0,1,1,0,2,0,0,1,2,0,2,0,1,2,2,2,2,0,2,1,0,2,2,2,1,1,0,0,0
01/24/2011,0,0,2,2,2,1,2,1,1,0,1,1,1,0,1,2,1,1,0,2,1,0,2,0,0,1,2,2,0,2,1,2,1,1,1,0,2,0,1,2,1,2,1,2,1,2,0,2,1,1,1,1,1,1,2,2,1,0,0,1,0,0,2,1,1,0,1,2,1,0,1,1,0,1,2,2,1,1,1,1,0,0,0,1,1,2,2,2,1,1,1,0,1,0,1,0,0,0,0,0
01/25/2011,0,0,0,2,2,1,0,1,1,0,1,1,1,0,2,2,1,1,0,0,2,0,2,1,0,1,1,2,1,0,1,1,1,1,0,1,1,1,1,2,2,1,1,2,1,0,0,1,1,0,1,1,1,1,1,1,0,0,1,0,2,0,2,1,1,2,1,2,2,1,0,1,0,1,2,1,1,1,0,2,0,2,1,1,1,0,2,2,1,1,1,0,1,2,1,0,0,1,0,2
01/26/2011,1,1,0,2,2,1,0,1,1,1,1,1,1,0,2,2,1,1,0,0,1,1,1,1,1,1,0,2,1,2,0,1,0,0,0,1,0,1,1,2,2,2,0,1,0,0,1,1,1,0,1,1,1,2,1,2,0,0,2,2,0,0,1,1,1,2,1,2,0,0,1,2,0,1,2,1,0,1,0,1,0,2,1,2,0,1,2,2,1,2,0,0,2,1,0,0,0,0,2,1
01/27/2011,2,1,0,2,1,1,0,1,0,1,1,2,1,1,1,2,1,1,0,0,1,0,2,1,1,1,1,2,1,1,0,0,2,0,0,1,2,1,1,1,1,1,1,1,1,0,1,1,1,0,1,1,1,1,1,1,0,0,1,2,2,1,1,2,0,2,0,2,2,1,1,0,0,1,2,1,2,2,0,1,2,2,1,2,2,1,1,1,2,0,0,0,0,1,2,2,1,0,2,0
01/28/2011,0,2,0,0,1,1,2,1,0,1,1,0,1,0,1,2,0,1,0,1,1,1,0,1,1,1,1,1,1,1,0,2,0,0,0,1,2,1,0,1,1,1,2,1,1,0,1,1,0,0,2,1,0,0,0,1,0,0,1,1,2,1,0,2,0,1,0,2,1,0,1,0,1,1,1,0,2,2,2,1,2,0,1,2,0,1,1,1,2,2,0,1,0,2,0,2,0,2,2,0
01/30/2011,2,1,1,0,1,1,1,2,0,1,2,0,2,0,1,0,0,1,1,1,1,1,2,1,1,1,1,1,1,1,0,2,1,0,0,1,2,1,0,1,1,1,2,1,0,1,1,0,2,0,1,1,0,1,1,1,0,1,0,2,2,1,0,2,2,1,1,2,1,0,0,0,1,1,1,1,0,0,1,1,2,1,0,0,0,1,1,1,2,2,0,2,0,2,2,2,0,2,0,0
01/31/2011,2,1,0,0,1,1,0,2,0,1,0,0,2,1,1,0,0,1,1,1,1,1,1,2,1,0,1,1,1,1,0,2,1,0,0,1,2,1,0,2,1,1,2,1,1,1,2,1,0,1,1,1,0,1,1,1,0,1,0,2,2,1,1,2,0,1,1,0,1,0,1,2,1,0,1,1,1,1,1,0,1,1,0,2,2,1,1,0,2,1,0,0,1,1,1,1,2,1,1,0
02/01/2011,2,1,1,0,1,0,1,2,1,1,0,2,2,1,0,1,0,0,1,1,1,1,1,2,0,0,1,1,1,1,1,1,1,1,1,2,2,1,0,1,1,1,1,0,0,0,2,1,0,1,1,1,0,2,1,1,1,1,0,2,1,1,1,2,0,1,1,1,1,0,2,0,1,0,1,1,0,0,1,0,2,2,0,1,2,0,2,0,2,0,2,2,0,2,2,2,2,2,0,2
02/02/2011,1,1,1,1,2,0,1,2,1,1,0,0,1,1,0,1,0,0,1,1,2,1,1,2,1,1,1,1,0,1,1,1,0,1,1,2,2,0,2,0,1,0,1,0,1,1,2,1,1,0,1,1,0,2,1,1,1,1,2,2,1,1,0,1,1,2,1,1,2,1,0,1,0,0,0,1,0,1,1,2,2,2,0,1,2,0,2,2,2,1,2,1,0,1,0,2,1,1,2,2
02/03/2011,1,0,0,1,2,0,2,0,1,1,1,0,1,1,0,1,1,0,1,1,2,1,2,1,2,1,0,0,2,2,1,1,2,1,1,0,1,0,1,1,0,0,1,0,1,1,2,1,1,1,1,1,0,2,2,1,1,1,1,2,1,1,1,1,0,0,1,1,2,1,1,1,0,0,2,2,2,1,2,2,1,2,1,1,2,0,2,0,2,0,2,1,1,1,0,0,0,1,0,2
02/04/2011,1,1,0,1,1,1,1,1,1,1,1,1,1,1,2,1,0,2,1,0,2,2,1,0,2,1,0,0,2,2,1,0,1,1,1,0,1,1,2,1,0,2,0,0,1,0,0,0,1,0,1,0,0,2,0,1,1,1,1,2,0,1,1,1,0,0,1,0,2,1,2,1,0,0,0,1,2,2,2,2,2,2,0,0,2,2,2,2,2,2,1,1,2,0,0,0,0,0,0,2
02/06/2011,1,0,0,1,0,0,1,0,1,2,2,1,0,2,0,1,1,0,1,0,2,1,0,0,2,1,0,1,2,0,0,1,2,1,0,2,2,0,1,1,0,2,1,1,1,0,2,0,1,1,1,2,0,2,0,2,1,1,1,2,0,1,0,0,0,1,0,0,2,0,2,0,0,0,0,2,2,2,2,2,2,1,2,0,2,2,2,0,2,2,2,2,2,2,2,1,1,1,2,2
02/07/2011,1,1,1,1,2,1,1,1,1,1,1,1,2,2,0,1,1,1,1,0,2,0,0,0,2,1,0,2,1,0,0,1,2,1,1,2,1,0,0,0,0,2,1,2,2,0,2,2,1,1,1,2,1,0,0,1,2,2,1,2,0,1,1,0,1,0,1,0,1,1,1,0,0,1,0,2,2,2,2,2,2,1,0,0,2,2,1,0,1,2,0,2,1,0,1,2,2,0,2,0
02/08/2011,0,2,1,1,0,1,1,1,2,1,1,1,0,2,2,0,1,1,0,0,1,0,0,2,2,1,0,0,1,1,2,1,0,0,2,2,1,0,1,2,1,2,1,1,1,0,2,2,1,1,1,0,1,0,0,2,2,2,1,2,0,1,1,2,1,0,0,0,0,1,1,2,1,1,1,2,1,2,0,1,2,1,2,0,2,1,1,0,0,1,0,0,1,0,1,1,0,1,1,0
02/09/2011,0,2,1,1,1,2,1,0,2,1,1,1,0,2,0,1,1,1,0,0,1,0,0,1,1,1,2,1,1,1,2,1,1,0,2,2,1,1,1,2,1,2,0,1,1,1,0,2,1,1,1,0,1,1,2,0,2,2,1,1,0,1,0,1,1,0,0,2,1,1,2,2,1,1,1,1,1,2,1,1,0,1,2,0,2,1,1,0,2,2,2,0,1,2,1,2,0,1,1,0
02/10/2011,1,2,1,1,1,2,0,0,2,1,1,1,1,0,0,0,1,1,1,0,1,0,1,1,2,1,1,1,2,1,1,1,1,0,2,2,1,1,1,2,1,2,2,1,1,0,1,2,2,1,1,2,0,1,2,1,0,2,1,1,1,1,2,2,1,0,0,0,0,1,0,1,1,0,1,1,1,2,1,2,2,0,2,0,0,1,2,0,2,2,1,0,0,2,2,2,0,0,0,0
02/11/2011,2,2,1,1,2,2,0,0,2,1,1,1,1,1,1,2,1,1,1,1,0,0,1,1,2,1,1,1,1,1,1,1,1,2,2,1,1,1,0,2,1,2,2,1,1,1,0,0,2,1,1,0,2,2,1,1,0,2,1,1,1,1,0,2,2,0,0,0,0,1,0,1,1,0,2,1,1,1,1,1,2,0,2,0,0,2,1,2,2,2,2,0,0,2,0,2,0,0,0,0
02/13/2011,2,2,1,1,2,2,0,0,1,0,1,1,2,1,1,0,1,0,2,1,1,0,1,1,2,1,1,1,0,1,1,0,2,1,2,1,1,2,1,2,1,1,2,1,1,1,1,2,0,1,1,0,0,1,1,1,0,1,1,1,1,0,0,1,2,0,0,0,0,1,0,1,1,1,2,1,1,1,2,2,2,0,2,2,0,2,2,2,1,0,2,2,2,0,2,0,0,0,0,0
02/14/2011,2,2,2,1,2,1,0,0,0,2,1,0,0,1,1,0,1,2,2,1,1,0,1,1,0,2,0,1,0,1,0,0,1,1,1,1,1,1,0,2,1,1,2,0,1,1,1,2,2,0,1,1,0,2,1,1,0,1,1,0,2,2,1,1,2,0,2,0,0,0,0,0,1,2,2,0,0,1,2,2,0,0,0,2,0,2,2,2,2,2,0,2,2,2,2,2,0,0,2,2
02/15/2011,2,1,1,2,1,1,0,1,0,1,0,0,0,1,0,0,1,2,1,1,1,0,1,1,1,2,0,1,0,1,0,0,1,1,1,1,1,2,1,2,1,1,2,0,1,1,1,1,1,2,1,1,0,0,1,1,0,1,1,2,1,2,1,1,2,1,2,2,0,1,1,1,1,1,2,1,1,1,2,2,1,2,0,0,0,0,2,1,1,1,2,0,0,1,2,1,0,0,0,1
02/16/2011,1,1,0,2,1,2,1,1,0,0,1,0,1,1,1,0,0,2,2,1,1,2,1,1,1,2,0,1,1,1,1,0,1,2,1,0,2,0,0,1,1,0,2,0,2,1,0,2,1,2,1,0,1,0,1,1,1,1,1,1,0,2,1,2,2,0,1,1,2,1,1,0,1,2,2,0,0,2,2,2,1,0,2,2,2,2,2,2,2,1,2,2,2,2,1,2,1,2,0,2
02/17/2011,1,1,0,0,1,1,2,1,0,1,0,1,1,0,2,1,0,2,0,1,1,2,0,1,1,2,2,1,2,1,2,0,1,0,1,0,1,2,0,0,1,0,1,0,1,1,0,1,1,2,2,1,2,2,1,1,1,1,1,1,1,2,1,2,2,2,1,2,2,1,0,1,0,2,2,1,0,2,2,2,1,2,2,2,2,0,2,1,2,1,0,1,2,2,0,2,1,1,1,0
02/18/2011,1,1,0,0,1,1,1,1,0,0,0,1,2,1,2,1,0,2,0,1,1,2,0,1,1,2,2,0,0,1,2,1,1,2,1,0,1,0,1,0,1,0,1,0,2,0,2,1,2,1,2,1,2,1,1,0,1,1,1,1,1,2,1,1,1,0,2,1,2,1,0,1,2,1,0,0,1,2,1,0,1,1,1,2,0,2,0,2,2,1,2,2,2,0,0,2,1,1,0,1
02/20/2011,1,1,2,0,1,1,1,1,1,0,0,1,2,0,0,1,2,2,0,1,1,2,0,1,1,1,2,0,1,1,1,2,2,2,1,0,1,2,1,2,0,0,1,2,1,0,2,1,0,1,2,1,2,1,1,0,0,1,2,1,0,1,1,1,0,0,0,2,2,1,0,1,1,2,1,1,2,0,1,2,1,2,1,0,2,0,0,2,2,0,0,1,2,0,2,2,2,1,2,0
02/21/2011,2,1,0,1,1,1,2,1,1,1,1,1,2,0,0,1,2,2,0,1,1,0,1,1,2,1,1,2,1,1,1,2,1,2,1,0,1,0,1,0,2,1,1,1,1,0,1,1,2,1,1,1,2,1,1,0,0,0,2,1,1,1,2,1,0,0,1,1,2,0,1,2,1,1,2,1,2,2,1,2,2,1,2,0,1,1,1,1,1,0,1,1,1,1,1,1,2,1,1,1
02/22/2011,2,1,2,1,1,0,2,1,1,1,1,1,2,0,0,1,1,2,0,0,2,1,0,1,0,1,1,0,1,2,0,2,2,2,2,1,2,1,1,1,2,1,1,1,0,0,1,1,0,1,2,1,2,1,0,0,0,1,2,1,1,1,2,1,1,1,1,1,2,0,2,2,1,1,2,1,2,2,1,1,2,0,2,0,1,0,1,1,1,0,1,1,1,1,1,1,0,0,0,1
02/23/2011,0,2,2,1,2,1,2,1,0,1,1,1,2,1,0,0,1,2,0,2,0,1,1,1,1,0,1,0,1,1,1,1,1,2,0,1,1,1,1,1,2,1,0,1,2,0,2,2,0,1,1,0,2,2,0,1,0,0,2,0,2,1,2,1,0,1,0,1,2,0,1,2,1,1,2,0,2,1,2,1,2,2,2,1,2,1,0,1,0,2,1,0,1,1,1,0,2,0,1,1
02/24/2011,2,1,2,1,1,1,2,0,0,1,1,1,2,1,0,0,2,2,1,1,0,1,1,1,1,1,0,1,1,1,0,1,1,2,0,1,1,1,1,1,2,1,0,1,2,0,1,1,1,1,1,0,1,1,2,0,0,2,2,1,0,1,0,1,0,1,1,1,1,0,1,1,1,2,1,0,2,2,2,0,2,2,2,0,0,0,0,1,0,0,1,2,2,1,2,0,2,0,0,1
02/25/2011,2,1,2,1,1,2,2,1,2,1,1,0,2,1,1,0,1,1,1,0,0,0,1,2,1,1,1,1,0,1,1,0,1,1,0,1,1,1,2,1,2,0,1,1,2,1,1,2,1,1,1,0,1,1,2,1,0,2,1,1,0,0,0,1,1,1,1,1,1,0,1,1,0,0,1,0,1,0,2,1,1,1,2,1,0,0,0,2,0,1,1,2,0,2,1,0,1,1,2,0
02/27/2011,0,1,0,1,2,2,1,1,2,1,1,0,2,1,1,0,2,0,2,1,1,0,1,1,1,0,1,1,1,1,1,1,2,1,0,1,1,1,2,2,1,2,1,1,1,0,0,1,1,1,0,1,0,0,1,1,0,2,1,1,0,1,0,0,1,0,1,0,1,1,1,1,0,0,1,0,1,2,2,1,1,1,2,1,0,1,1,1,0,1,0,1,0,1,0,1,1,1,0,0
02/28/2011,2,1,2,1,1,2,1,2,1,1,0,1,0,1,1,0,1,0,2,1,1,0,2,1,2,1,1,1,0,1,1,1,0,1,2,1,1,2,2,2,0,2,1,0,1,2,0,1,1,1,2,1,0,0,1,0,1,2,1,2,1,1,0,0,1,0,0,1,1,1,1,1,1,0,1,1,0,1,2,1,1,1,1,0,0,1,1,1,2,1,1,1,0,2,1,1,1,2,2,2
03/01/2011,2,1,0,1,1,2,1,2,0,0,0,1,0,1,1,2,1,0,2,1,0,0,2,0,2,1,2,1,0,1,1,1,0,1,2,0,2,2,2,2,0,2,1,1,1,1,1,1,0,0,0,1,0,1,1,1,1,1,1,1,1,1,1,0,0,0,0,1,0,1,0,0,0,2,1,1,1,1,2,2,2,1,1,2,0,2,0,1,0,1,2,1,0,1,1,1,2,1,0,0
03/02/2011,1,1,0,1,1,2,1,2,0,1,0,1,0,1,1,1,1,0,2,2,1,0,0,1,2,0,2,1,2,1,1,1,0,1,1,0,2,2,0,2,0,2,2,1,1,1,1,1,0,0,0,1,0,0,1,1,1,1,1,1,1,0,1,2,1,0,0,1,1,1,0,0,1,0,1,1,1,2,2,2,1,0,1,2,1,1,1,1,1,1,1,1,1,1,1,1,0,1,1,1
03/03/2011,1,2,0,1,1,2,1,2,1,1,0,1,0,1,1,1,1,0,2,1,2,0,1,1,2,0,2,2,2,1,1,2,2,0,1,0,2,0,2,2,0,2,2,1,1,1,0,1,0,0,1,1,1,2,0,0,1,1,2,1,1,1,1,1,1,1,0,2,1,0,0,2,1,0,2,1,2,2,2,2,0,2,0,2,0,2,1,1,2,0,1,1,2,2,2,0,2,0,0,1
03/04/2011,1,2,0,1,2,2,1,0,1,2,1,1,0,1,0,1,1,0,0,1,2,0,0,1,0,0,2,2,2,1,1,0,2,0,1,0,2,0,1,2,0,2,2,1,2,2,1,1,2,2,2,1,1,2,1,0,1,1,0,2,1,0,1,1,1,1,0,1,0,1,1,1,2,0,2,2,2,2,0,2,0,2,2,2,2,2,2,0,2,0,2,0,1,2,2,2,2,2,0,1
03/06/2011,1,2,0,2,0,0,0,0,1,0,1,1,1,0,0,0,0,0,0,2,2,1,0,1,1,2,0,1,2,1,2,0,1,0,0,0,2,1,1,1,2,1,1,2,1,0,1,1,2,0,2,1,1,0,1,1,1,0,1,2,1,0,0,1,0,0,2,2,1,1,1,1,1,1,2,1,1,1,1,1,1,2,2,1,2,1,1,1,1,1,1,1,1,1,1,1,1,1,1,1
03/07/2011,1,2,1,1,2,2,1,0,1,1,1,0,1,0,1,0,0,0,0,1,2,1,0,1,0,0,0,2,2,0,1,0,1,2,1,1,2,1,1,1,1,0,2,2,1,2,1,0,2,2,2,1,1,1,0,0,1,0,1,1,1,2,1,2,2,1,2,2,1,2,1,1,1,1,1,2,0,0,1,2,1,2,2,1,2,1,0,1,1,0,1,1,1,0,1,1,1,1,2,0
03/08/2011,2,2,1,1,2,1,1,1,1,1,1,0,1,0,0,1,0,2,1,1,2,1,1,1,0,2,0,2,2,0,1,1,1,0,0,1,2,0,1,1,1,1,1,2,1,2,1,0,0,0,2,2,1,1,2,0,1,0,1,1,1,0,2,2,2,1,2,2,1,1,0,1,1,2,2,2,2,0,1,0,0,1,2,2,2,0,2,2,0,2,0,2,2,0,0,0,1,1,2,2
03/09/2011,2,2,1,1,2,2,1,1,1,1,1,2,1,0,0,1,2,2,1,1,2,1,1,0,1,0,0,1,2,0,1,1,1,0,2,1,2,1,1,1,0,1,2,2,1,2,1,0,2,1,2,1,1,1,0,0,1,0,2,2,1,0,2,2,1,2,2,2,1,0,0,1,2,1,1,1,2,1,1,1,1,0,1,1,2,1,1,2,0,1,0,2,2,1,1,1,1,1,2,2
03/10/2011,2,0,1,1,2,2,1,1,0,0,2,2,1,0,0,0,2,2,2,0,0,1,1,1,0,0,1,1,1,1,0,1,0,0,0,1,2,1,0,0,0,1,1,1,0,2,0,0,2,1,2,1,2,1,0,0,1,0,1,2,1,0,2,2,2,0,2,2,1,0,0,0,0,0,1,1,2,1,1,1,0,2,0,1,2,2,0,2,0,2,2,2,2,0,2,2,2,2,2,2
03/11/2011,1,1,1,0,2,2,1,1,1,0,1,2,2,1,0,0,2,2,2,0,0,1,1,1,0,0,1,1,1,1,1,1,1,1,0,2,2,1,2,0,1,1,1,2,2,1,0,0,2,1,2,1,2,1,2,0,1,0,1,2,1,2,2,2,2,0,2,0,1,0,1,0,0,1,1,2,2,1,0,1,0,0,0,2,2,2,1,1,1,0,2,1,0,1,2,0,0,2,2,0
03/13/2011,2,1,1,1,2,2,1,1,1,1,2,2,0,1,2,0,2,2,0,0,0,1,0,1,1,2,1,1,0,1,1,2,1,1,0,2,1,2,0,0,1,2,1,2,0,0,0,0,2,2,1,0,2,1,1,0,1,1,2,2,1,1,2,0,1,0,0,0,1,1,1,0,0,2,1,2,1,1,0,2,0,2,0,0,2,2,0,2,0,1,2,2,0,2,2,2,2,2,2,1
03/14/2011,2,0,1,0,1,2,1,2,1,1,0,2,2,1,2,0,2,1,0,0,0,0,2,2,1,1,1,1,1,1,0,2,1,1,1,2,0,1,1,0,1,2,1,1,0,0,0,1,0,2,1,2,2,1,1,0,2,1,2,1,2,2,2,1,0,2,2,1,1,1,1,1,1,2,0,2,1,1,1,0,0,1,0,0,2,0,0,1,1,1,0,1,0,2,2,2,2,2,1,0
03/15/2011,2,1,1,0,1,0,1,2,1,0,0,2,2,1,1,1,1,1,0,2,0,0,2,2,1,1,1,1,1,2,1,2,1,1,0,2,1,1,2,0,0,1,2,1,0,0,0,0,2,2,1,1,2,1,1,2,1,1,2,0,2,1,2,2,0,1,1,1,1,1,1,2,2,2,0,2,0,1,1,0,1,1,0,2,2,0,0,2,2,0,2,1,0,1,2,0,2,2,1,0
03/16/2011,0,1,0,0,1,0,1,2,0,1,2,1,2,1,1,1,2,2,0,2,1,0,2,2,1,1,1,1,1,2,0,2,1,1,1,1,1,1,2,1,1,2,2,1,0,1,1,1,0,2,1,1,1,1,1,2,1,1,2,1,2,1,1,1,1,1,1,1,2,1,0,2,1,1,1,1,1,1,1,0,1,2,2,2,2,0,0,1,1,1,2,2,0,2,1,2,1,1,1,1
03/17/2011,0,1,0,0,1,1,1,2,2,1,1,2,2,2,1,1,1,1,0,2,1,0,2,2,1,0,0,1,1,2,1,2,0,0,0,0,1,1,0,2,1,2,0,1,0,2,0,1,0,0,1,1,1,0,0,2,1,1,2,1,2,0,0,1,1,1,1,2,1,0,2,2,2,2,0,2,2,2,1,2,2,1,2,2,2,2,0,2,1,2,2,2,2,0,2,2,2,2,2,2
03/18/2011,0,0,0,2,0,1,1,0,0,1,1,2,2,0,2,1,2,1,1,0,1,1,2,1,1,0,0,0,1,2,2,0,1,0,1,2,0,2,2,2,1,2,2,1,1,1,1,1,0,2,1,2,1,1,2,2,1,0,2,1,2,0,0,1,0,0,1,1,1,0,2,1,0,1,2,1,2,0,1,1,1,1,1,2,2,1,0,2,2,1,1,2,2,1,0,2,0,1,0,2
03/20/2011,0,0,0,1,0,0,1,1,0,1,1,2,0,0,2,1,2,1,1,2,1,1,2,2,0,2,0,0,0,2,2,0,1,1,1,2,2,0,2,2,0,1,1,1,1,0,1,1,0,2,0,0,1,1,2,1,1,0,2,1,1,1,0,1,1,2,1,0,2,0,2,1,0,1,2,2,2,0,2,2,2,0,2,2,0,2,0,2,2,2,2,2,2,1,2,2,0,2,2,2
03/21/2011,2,0,0,1,0,1,1,1,0,1,1,1,1,0,2,1,0,1,1,1,1,2,1,2,0,1,0,0,1,2,2,1,1,1,1,2,1,2,2,2,1,1,1,1,1,1,1,1,1,1,0,0,1,1,2,1,1,0,1,1,1,1,1,1,1,2,1,0,2,2,2,1,2,1,1,1,1,0,2,1,1,1,1,1,1,2,1,1,1,1,1,1,0,1,1,1,1,1,1,1
03/22/2011,2,2,2,1,0,0,1,0,1,1,1,1,1,0,1,1,0,1,1,1,1,1,1,1,0,1,0,2,1,0,1,1,1,1,0,2,1,0,0,0,1,2,1,1,1,1,1,1,0,1,0,0,1,1,2,0,1,0,1,0,0,1,1,0,1,2,0,2,2,0,0,0,1,0,1,2,2,0,2,1,2,1,1,1,1,1,0,2,1,1,1,1,1,1,1,1,2,0,1,1
03/23/2011,0,2,2,1,1,2,1,0,0,0,0,1,1,1,1,1,0,1,0,0,2,0,1,0,1,1,1,0,1,1,1,1,2,0,1,2,0,0,1,0,0,1,1,2,1,1,1,0,0,2,2,0,1,1,2,1,2,0,1,0,1,1,1,1,1,0,0,2,0,1,2,0,1,0,0,2,2,0,2,2,2,2,0,0,2,2,2,1,2,0,2,0,2,0,2,0,2,0,2,1
03/24/2011,2,2,2,2,1,2,0,1,1,0,0,2,1,2,1,1,0,2,1,0,2,0,1,1,1,1,1,0,0,1,1,0,0,1,1,1,0,0,0,0,0,1,1,1,1,1,0,2,2,1,0,1,0,1,2,1,0,2,1,0,1,2,1,1,0,2,0,2,0,1,0,0,1,0,0,2,1,0,1,1,1,1,0,1,0,1,2,1,0,1,0,1,2,0,1,0,0,1,1,1
03/25/2011,0,1,2,0,0,2,0,1,1,0,1,2,1,1,1,1,2,2,1,0,0,1,1,0,1,1,1,1,2,1,1,1,0,1,1,2,1,0,0,0,0,1,1,0,1,1,0,1,1,1,1,1,0,1,2,1,0,2,0,0,0,2,1,1,0,2,1,2,1,0,0,0,2,0,0,2,1,2,1,0,2,2,1,1,2,2,2,0,2,2,2,2,2,2,2,2,2,1,2,2
03/27/2011,0,2,0,0,1,2,0,1,1,1,1,2,1,1,1,1,2,2,2,0,0,1,1,0,1,0,0,1,0,1,1,1,0,2,2,2,1,0,1,1,0,1,1,2,2,2,1,1,1,1,1,1,0,0,2,1,0,2,0,1,1,1,0,0,2,1,1,2,1,0,1,1,2,0,0,2,0,2,1,1,1,2,2,1,1,2,1,0,0,1,1,1,0,1,1,0,1,1,1,1
03/28/2011,0,2,0,1,1,2,0,1,1,1,1,2,1,2,1,1,2,1,2,1,0,1,1,0,0,0,1,0,0,0,1,0,1,1,1,1,1,1,1,1,0,1,1,2,1,2,1,1,1,1,1,1,0,1,2,1,0,2,1,1,1,1,1,0,2,1,1,2,0,0,1,0,2,1,2,1,0,0,1,1,0,2,1,1,1,1,1,2,0,1,1,1,0,1,0,0,1,1,1,2
03/29/2011,0,2,0,0,1,1,1,2,0,1,1,2,1,2,0,0,1,1,2,1,0,1,1,0,2,0,2,1,2,0,1,0,1,1,1,1,0,1,1,1,0,0,1,0,1,2,0,0,0,1,1,1,0,2,2,2,0,2,0,1,1,1,0,0,2,1,1,2,1,1,1,0,2,1,2,1,1,2,1,2,2,0,2,1,2,2,0,2,2,1,2,2,0,1,1,2,0,2,2,0
03/30/2011,0,0,0,0,2,1,2,1,0,1,1,2,1,2,0,0,1,1,2,1,0,1,1,0,2,2,2,1,2,0,1,0,1,0,0,1,0,1,0,1,1,2,1,1,0,0,1,2,0,1,1,1,1,0,1,2,1,2,1,1,1,1,0,0,2,1,1,0,1,1,1,0,2,1,2,1,2,2,1,2,2,1,1,0,1,2,2,2,0,0,2,2,0,1,2,1,0,2,0,2
03/31/2011,1,1,1,1,2,1,1,1,0,1,0,1,1,2,0,0,1,1,1,0,1,2,2,2,2,2,2,1,2,0,1,0,1,0,0,1,0,1,2,1,1,2,2,1,0,1,1,0,0,1,1,1,1,0,1,2,1,2,1,1,1,1,0,0,0,0,0,1,1,1,1,1,0,1,2,1,0,2,1,2,2,1,1,0,1,1,1,1,1,0,1,1,0,1,2,1,2,2,2,0
04/01/2011,2,0,1,1,0,1,1,2,0,1,0,0,1,2,0,0,1,1,1,0,2,2,2,2,2,1,2,1,0,2,1,2,1,0,0,1,1,1,1,1,1,2,2,1,0,1,1,0,2,1,1,1,1,0,1,0,1,1,1,1,1,1,1,1,1,0,1,0,1,0,0,0,2,0,2,0,2,2,0,2,0,0,1,2,1,1,2,2,2,0,0,1,0,2,0,0,0,1,0,0
04/03/2011,2,2,1,1,2,1,1,2,2,2,0,1,0,2,1,0,2,1,1,2,0,2,2,1,0,1,2,2,2,0,1,2,1,0,0,1,2,1,1,2,1,1,0,0,1,1,0,1,2,2,1,1,1,0,2,2,1,0,2,1,0,1,1,1,1,0,2,1,2,0,0,0,2,0,1,2,2,2,2,1,2,1,0,0,1,2,2,1,2,2,2,2,2,2,2,1,2,0,2,2
04/04/2011,0,1,0,1,0,1,2,2,2,0,0,1,1,2,1,2,0,1,2,2,1,0,2,2,2,1,2,2,2,1,0,2,0,1,2,1,2,0,1,1,1,2,2,0,1,1,0,1,2,2,1,1,1,0,0,2,1,1,1,2,0,1,1,1,2,0,2,0,0,0,1,0,1,1,1,0,2,1,2,1,0,1,0,0,1,2,1,0,2,2,1,0,2,2,2,1,1,0,0,1
04/05/2011,2,1,1,1,0,1,0,0,1,0,0,0,1,1,0,2,1,1,2,2,1,0,2,2,2,2,1,2,0,1,0,2,0,1,2,1,2,0,1,2,1,2,1,1,1,1,0,1,1,2,0,0,0,2,0,1,1,0,0,2,1,1,2,2,0,2,2,0,0,0,1,1,1,1,1,0,2,2,0,1,1,2,0,0,2,2,2,2,2,2,0,2,2,2,2,2,1,0,2,2
04/06/2011,1,1,1,1,0,1,2,0,1,0,2,1,1,1,1,1,1,1,2,2,2,0,1,2,2,2,1,2,0,2,1,2,0,1,2,1,2,2,2,2,1,2,1,0,1,0,0,1,1,2,2,2,0,0,0,1,1,0,0,1,1,1,1,2,0,2,2,0,0,0,1,1,1,1,1,2,1,2,2,1,1,1,1,1,1,1,1,1,1,1,0,1,1,1,1,1,1,0,0,1
04/07/2011,1,1,1,2,1,0,1,0,1,0,1,1,1,1,1,1,1,1,2,2,0,1,1,1,0,2,1,2,0,2,1,2,1,1,1,2,2,2,2,1,1,1,1,0,1,0,1,1,1,2,2,2,0,1,0,1,0,0,0,1,1,1,0,0,0,1,2,1,2,0,0,1,2,0,0,0,2,2,2,0,0,0,0,0,2,0,2,1,0,2,0,2,1,1,1,0,1,0,2,0
04/08/2011,1,0,0,2,1,1,1,0,1,1,1,1,1,1,1,1,1,1,2,2,0,1,1,2,2,0,1,1,0,1,1,2,1,1,0,1,2,2,2,2,0,1,1,1,1,0,1,1,1,2,0,2,2,1,0,1,0,1,0,2,1,0,1,0,0,1,2,1,1,0,2,1,1,1,0,0,2,1,1,2,2,2,1,1,1,1,0,1,0,2,0,2,2,0,0,1,2,1,2,2
04/10/2011,2,2,0,2,1,2,1,2,2,1,1,1,1,0,0,1,1,0,2,1,2,0,1,2,2,1,1,1,1,1,1,0,1,1,1,2,2,1,0,2,0,1,1,0,0,0,1,0,1,2,2,1,0,1,1,1,1,0,0,2,1,0,2,2,2,1,2,0,1,1,2,1,1,1,0,2,2,1,0,2,1,2,2,2,1,0,2,0,2,2,0,2,2,2,0,0,2,0,0,2
04/11/2011,1,2,0,2,1,0,2,0,0,0,1,1,1,0,0,0,1,0,2,1,0,1,0,0,2,0,1,1,1,0,1,1,1,1,1,2,1,2,0,1,2,1,1,1,0,0,1,0,1,1,2,1,1,2,1,1,0,1,1,0,1,0,0,0,0,1,2,1,2,1,2,1,1,1,1,2,0,1,1,2,2,2,1,2,1,1,0,1,1,1,2,1,0,1,1,1,0,1,1,1
04/12/2011,1,2,0,2,1,0,1,1,1,2,1,1,0,0,2,2,1,0,2,1,1,1,1,1,1,1,0,1,1,2,1,1,1,1,1,2,1,2,0,1,1,1,1,1,0,1,1,2,0,1,0,1,1,2,0,1,0,0,1,1,1,0,0,1,1,1,2,1,2,2,1,2,1,1,1,1,0,0,1,0,1,2,1,0,1,1,1,0,1,2,1,1,0,2,1,1,1,1,1,1
04/13/2011,1,2,0,2,1,1,1,1,1,2,0,1,0,0,0,1,0,0,1,0,0,2,0,1,0,1,0,1,1,1,1,1,0,0,1,0,1,0,1,1,0,1,0,1,0,0,1,0,1,1,1,1,1,2,2,0,0,1,1,1,0,1,0,1,1,1,0,0,0,1,1,0,1,2,1,0,1,2,2,1,1,1,1,2,1,0,2,1,1,2,2,0,0,1,2,0,1,2,1,0
04/14/2011,0,2,0,2,0,1,2,1,1,2,0,1,0,1,0,1,1,0,1,0,1,2,0,1,0,1,0,1,1,1,1,1,0,0,2,2,1,0,1,1,1,1,0,2,0,0,0,0,0,1,1,1,1,0,1,0,0,1,1,1,0,1,1,1,1,0,0,0,0,1,2,0,1,2,1,0,2,2,2,0,1,2,1,2,2,2,1,1,1,2,2,0,0,2,2,2,1,2,2,0
04/15/2011,2,2,0,0,0,0,2,1,1,2,0,1,0,1,0,1,1,1,1,0,1,2,2,1,1,1,0,1,1,0,1,1,0,1,2,0,1,0,1,1,1,1,1,2,0,1,1,0,0,1,1,1,1,0,1,1,1,2,1,1,0,1,0,1,1,0,0,0,0,0,2,1,2,1,2,1,1,2,2,1,1,2,2,1,2,1,1,1,1,0,2,0,1,1,2,2,1,0,0,0
04/17/2011,0,1,1,2,0,1,1,1,1,0,0,0,1,1,1,1,1,1,1,0,1,2,2,1,1,1,1,1,0,1,1,1,0,1,2,1,1,0,1,1,1,0,0,0,1,1,0,2,0,1,1,1,2,1,1,1,1,2,1,1,2,1,1,1,1,1,0,0,0,0,2,1,2,0,0,1,2,2,2,1,2,2,0,0,2,2,0,1,2,0,2,0,0,2,2,2,0,2,0,1
04/18/2011,0,1,1,0,0,1,2,2,1,2,2,0,1,1,1,2,2,1,1,1,0,1,0,0,1,0,1,1,0,1,1,1,0,1,0,1,1,0,1,1,1,2,0,0,1,1,1,1,0,0,0,2,2,0,1,2,1,2,1,0,0,1,1,1,1,1,0,1,1,0,2,1,2,0,2,1,1,1,1,1,0,2,0,0,1,1,0,1,1,1,0,0,1,1,1,1,0,1,0,2
04/19/2011,1,1,1,1,1,1,2,2,1,1,0,2,1,1,1,2,1,1,0,1,0,1,2,1,1,0,1,0,2,1,1,0,0,1,1,1,0,0,1,0,1,0,0,0,0,1,1,1,0,1,1,2,1,1,1,1,1,2,2,1,2,1,2,1,1,2,0,1,1,1,2,1,1,1,2,2,1,1,1,1,2,1,0,0,1,2,2,1,0,1,1,1,0,0,1,1,0,0,0,2
04/20/2011,2,1,1,1,1,0,2,2,1,0,0,1,1,1,0,2,1,2,0,2,0,1,2,1,1,1,1,2,2,1,1,0,0,1,2,1,0,0,1,1,1,2,0,0,2,1,2,1,1,2,1,2,0,1,1,1,1,1,0,0,0,1,2,2,1,2,0,2,0,1,2,1,1,1,2,2,2,2,2,2,2,2,0,2,1,2,2,2,0,2,2,2,2,1,2,2,2,2,2,2
04/21/2011,0,1,1,1,2,0,1,0,1,1,0,1,1,1,1,2,1,2,0,1,0,0,1,2,1,1,1,2,2,1,1,1,0,1,2,1,2,1,2,2,1,2,0,1,2,1,0,1,2,2,2,2,2,2,1,1,1,2,0,1,1,1,2,2,0,1,1,1,1,1,1,0,1,1,1,2,1,1,1,2,1,1,1,1,1,2,1,0,1,0,1,1,1,0,1,0,1,0,0,2
04/24/2011,2,1,1,1,2,1,1,0,1,1,1,1,0,1,1,2,1,2,0,1,1,0,2,2,0,1,1,2,2,0,1,1,1,2,2,0,2,1,2,2,1,2,2,1,2,2,1,0,0,2,0,2,1,0,2,1,2,0,1,1,1,1,2,1,0,2,2,2,1,1,1,0,1,0,1,2,1,2,1,2,1,1,1,1,2,0,1,0,1,0,0,1,1,1,1,1,1,1,1,1
04/25/2011,2,1,1,1,1,0,1,0,0,1,2,2,0,1,1,0,1,2,0,1,0,0,2,2,0,1,0,0,2,2,1,1,1,2,2,0,2,1,1,2,1,0,1,1,2,2,1,0,1,2,0,1,1,0,2,1,1,2,2,1,1,2,2,1,0,2,1,1,1,1,1,0,1,0,1,1,1,2,2,2,2,0,1,2,0,0,2,0,1,2,2,0,1,0,1,0,1,1,0,1
04/26/2011,2,1,1,2,1,1,1,1,2,1,2,1,0,1,1,0,1,2,2,2,1,0,2,1,0,1,0,0,0,2,0,0,1,2,0,0,2,1,2,2,1,1,2,2,2,2,1,0,1,2,0,1,2,0,2,1,2,1,1,1,1,0,2,0,1,2,1,1,2,1,1,2,0,0,1,2,2,2,2,2,0,0,1,2,0,0,2,0,2,2,2,2,2,2,0,0,2,1,1,2
04/27/2011,1,1,1,1,1,1,1,1,1,1,1,1,2,1,1,0,1,1,1,0,1,0,0,2,0,0,1,0,0,2,0,2,1,0,0,0,2,2,2,2,1,2,1,0,2,2,1,1,1,2,0,2,1,1,2,1,1,0,1,1,1,1,2,0,0,1,2,1,2,1,1,2,2,2,0,2,0,2,2,0,2,0,1,1,0,0,2,2,2,2,2,0,2,2,2,2,2,2,0,0
04/28/2011,1,0,1,0,1,1,0,1,1,0,1,1,2,1,1,0,0,1,1,1,1,0,0,2,1,0,0,0,0,2,1,2,1,0,0,1,2,0,2,2,1,1,1,0,2,1,1,0,0,1,0,1,1,1,2,1,1,0,1,0,1,1,1,0,1,1,2,1,0,1,1,2,0,0,0,2,2,2,2,2,2,0,2,2,2,0,2,2,1,2,2,1,0,2,2,2,2,2,2,2
04/29/2011,2,0,0,2,0,1,2,2,1,0,1,1,1,1,1,0,1,1,1,0,1,0,0,1,1,2,2,1,2,2,0,2,0,0,1,1,2,0,2,1,1,1,1,0,2,1,1,1,0,1,1,1,1,1,2,1,0,1,0,0,0,1,1,2,1,1,2,1,0,1,0,1,0,2,2,0,1,1,2,2,1,0,2,0,0,2,2,0,2,2,2,2,2,0,2,0,2,2,0,0
05/01/2011,2,0,0,2,0,1,0,0,1,0,0,0,2,0,2,1,2,1,1,0,1,0,0,1,1,0,1,0,1,2,2,2,1,0,1,0,1,0,1,1,1,1,1,1,2,1,1,1,2,1,2,1,1,1,1,1,0,1,1,0,0,1,2,1,1,1,2,1,0,0,0,1,1,2,0,0,2,1,2,0,1,0,2,0,2,2,2,2,0,1,2,2,2,2,2,2,2,2,2,2
05/02/2011,2,0,2,0,0,0,2,1,1,2,1,0,2,0,2,1,0,1,1,0,1,0,2,1,1,0,1,1,1,1,1,2,0,0,1,0,1,0,2,1,2,0,0,1,1,2,1,1,0,0,2,1,2,1,2,0,0,1,0,0,0,1,1,2,1,1,2,1,1,1,0,1,1,2,2,0,2,1,2,2,0,2,0,0,2,2,2,1,1,2,2,2,2,2,0,2,2,0,0,2
05/03/2011,1,1,1,0,0,1,2,1,1,2,1,1,0,0,2,2,1,1,0,0,2,1,1,1,1,0,1,0,0,1,1,0,0,1,1,0,1,0,2,1,2,2,0,1,0,0,1,1,0,2,1,0,2,1,1,0,0,1,0,1,2,0,1,2,0,1,2,0,1,0,1,1,0,0,1,0,1,2,1,2,0,2,0,0,2,1,2,2,1,0,2,0,2,2,2,2,0,2,2,0
05/04/2011,2,1,1,0,0,2,2,1,1,2,1,1,2,2,1,1,0,1,0,1,1,0,1,1,1,2,1,0,0,1,1,0,0,1,1,2,0,0,0,1,2,1,0,1,1,1,1,1,0,0,1,1,1,1,1,1,2,1,0,1,2,2,1,1,0,0,1,1,1,0,2,1,2,1,1,1,1,2,2,1,0,2,0,0,2,2,2,2,2,0,2,0,2,2,0,0,2,0,2,0
05/05/2011,2,1,1,0,0,1,2,1,1,2,1,1,2,0,1,1,0,1,0,1,0,1,0,1,2,2,1,0,0,1,1,0,0,0,1,2,0,1,2,1,0,1,1,1,1,1,1,1,0,0,1,1,1,1,0,0,0,1,0,1,0,0,1,0,0,1,1,1,1,1,0,0,2,2,2,0,1,2,1,2,0,2,0,0,0,2,2,0,2,0,2,2,2,0,0,0,2,1,2,2
05/06/2011,2,1,2,1,1,1,2,0,0,1,1,1,2,1,1,1,2,0,0,1,0,1,0,1,0,1,0,0,1,1,1,1,2,1,0,1,0,2,1,1,2,1,1,1,1,1,1,1,1,0,1,1,1,1,0,1,1,1,0,1,2,0,1,1,0,0,1,1,1,0,0,1,1,1,0,1,1,1,2,1,0,0,1,1,1,1,1,1,1,1,1,1,1,1,1,1,1,1,0,1
05/08/2011,0,1,2,1,1,2,2,1,0,0,1,1,1,1,2,1,1,0,0,1,0,0,0,0,0,1,1,0,1,1,0,2,2,1,0,1,0,1,1,2,2,2,1,1,1,1,2,2,0,0,0,1,0,2,0,1,1,0,0,0,1,0,1,1,1,0,0,1,0,0,1,1,1,0,0,2,0,2,2,2,2,1,1,1,0,1,2,1,2,0,1,2,0,2,0,1,2,1,0,1
05/09/2011,0,0,1,0,1,2,1,1,1,1,1,0,0,2,1,1,1,1,2,1,0,1,1,0,2,1,0,1,1,1,0,1,0,1,0,1,0,0,1,1,2,2,1,1,1,1,2,2,1,0,0,1,0,1,0,1,1,0,1,1,1,1,1,1,1,1,2,2,0,2,1,0,1,0,0,2,2,2,2,2,2,1,1,1,0,0,0,0,0,2,2,2,0,2,0,0,0,0,0,0
05/10/2011,0,1,0,1,1,2,0,1,1,2,1,1,1,0,1,1,2,2,0,1,0,1,1,0,2,1,0,1,1,1,0,1,0,1,2,2,1,1,1,1,1,2,2,1,1,0,2,0,1,0,1,0,0,1,0,2,1,0,1,0,1,0,2,1,1,1,0,0,0,1,1,0,1,1,0,2,1,1,1,1,1,1,1,1,0,1,1,1,2,2,1,1,1,1,1,1,1,1,1,1
05/11/2011,0,1,0,1,1,0,0,1,1,2,1,1,1,1,1,0,0,1,0,1,0,1,0,0,2,1,0,2,1,0,2,1,0,2,2,1,0,1,1,1,1,2,2,1,0,0,0,1,1,0,1,1,0,2,1,2,1,0,0,1,1,0,0,0,1,1,0,2,2,1,0,2,2,0,0,2,2,2,2,1,2,1,1,2,2,0,1,0,2,0,2,1,0,2,2,2,1,1,0,2
05/12/2011,2,1,0,1,2,0,1,0,1,2,0,1,0,2,1,0,0,1,2,1,0,1,1,1,1,1,0,2,1,1,0,2,0,2,1,1,1,1,1,1,1,2,2,1,2,0,1,2,1,1,1,2,0,1,1,0,0,1,1,1,1,1,0,0,1,1,1,1,1,1,0,0,0,1,1,1,2,1,2,1,1,1,2,1,1,1,1,0,1,1,0,0,1,1,1,2,1,0,0,0
05/13/2011,2,0,0,1,1,2,1,0,2,1,1,1,1,2,0,0,0,0,1,1,1,2,1,1,1,1,1,0,1,2,1,1,0,2,2,1,1,1,1,1,1,2,2,1,0,1,1,2,2,1,1,2,1,1,1,2,1,0,1,1,0,1,1,0,0,2,1,0,1,2,0,2,0,0,1,1,2,1,2,1,1,1,1,0,1,1,1,2,1,1,2,1,1,2,1,1,1,1,1,1
05/15/2011,1,0,1,1,1,2,1,0,1,1,2,1,2,2,1,0,0,0,1,1,1,2,1,1,1,1,1,0,2,1,1,2,1,2,1,1,0,0,1,1,1,2,1,1,1,1,1,2,2,1,1,2,1,0,1,2,1,2,2,1,0,1,1,0,1,2,1,0,2,0,1,2,1,1,1,1,2,1,1,1,1,1,2,1,1,1,1,1,1,1,1,1,1,1,1,1,1,1,1,1
05/16/2011,1,0,1,1,1,1,0,0,1,0,0,1,1,0,0,0,0,0,1,1,1,1,1,1,1,1,1,2,0,1,2,2,2,2,1,2,2,0,1,2,1,1,1,1,1,2,1,2,2,1,2,2,2,1,1,1,1,1,0,1,1,0,1,0,0,2,1,0,1,2,1,2,1,1,1,1,2,2,1,1,2,1,0,0,1,1,2,1,1,1,1,2,1,0,1,1,1,1,1,1
05/17/2011,1,0,1,1,1,1,2,0,1,1,0,0,1,0,0,0,1,2,1,1,1,1,1,1,1,1,2,2,0,1,1,2,1,2,1,0,2,0,1,1,2,0,1,1,1,1,1,2,2,2,2,1,1,1,2,1,0,1,0,2,0,0,1,1,0,0,0,0,1,2,1,1,1,1,0,1,1,2,1,1,0,1,0,0,2,1,2,1,2,1,1,1,1,1,1,1,1,1,1,1
05/18/2011,2,0,1,0,2,1,1,0,1,1,0,1,1,1,2,0,1,2,0,0,1,0,1,1,0,0,2,0,0,2,2,0,0,2,1,0,2,0,0,0,2,1,1,1,0,1,1,2,2,1,2,2,2,1,1,1,0,0,0,2,1,0,1,1,0,0,1,1,1,2,1,2,1,2,2,2,1,2,2,2,2,0,0,0,2,2,2,1,2,2,1,2,2,2,2,2,2,2,2,2
05/19/2011,2,2,1,1,0,1,1,1,2,1,0,1,1,1,1,0,1,2,1,0,0,1,1,1,1,0,2,2,0,2,2,2,1,2,1,1,0,0,2,2,2,0,1,1,1,2,1,2,2,1,0,0,1,1,1,1,0,0,0,2,1,2,2,1,2,0,0,1,1,1,1,1,1,0,0,2,1,1,2,2,2,1,2,1,2,2,2,1,1,0,0,1,2,1,1,0,0,2,1,0
05/20/2011,1,1,1,1,0,2,1,0,1,1,0,0,1,1,1,0,1,0,1,0,0,1,1,1,0,0,0,2,1,0,2,0,1,2,1,1,0,2,1,0,2,2,1,2,1,0,2,2,1,0,1,1,2,1,1,2,0,2,1,0,2,2,2,1,1,1,2,1,0,1,0,1,0,0,0,1,0,1,2,2,0,0,0,1,2,2,2,2,1,2,2,2,2,0,0,0,2,2,2,2
05/22/2011,1,1,1,1,0,1,1,1,0,0,1,0,1,1,1,0,1,1,1,0,1,1,1,1,0,2,0,1,1,2,1,1,2,2,2,1,1,2,1,1,2,0,1,0,0,0,1,2,1,0,0,1,2,2,1,2,1,2,1,0,1,0,2,2,1,1,1,1,2,2,2,0,0,0,1,1,1,1,2,2,1,0,1,1,0,2,1,2,0,0,0,1,2,1,2,0,0,1,1,0
05/23/2011,1,1,1,1,1,1,1,2,0,0,1,0,1,1,0,1,1,1,0,0,0,1,1,1,0,2,0,2,1,1,1,0,2,1,2,1,1,2,1,2,1,1,1,0,1,0,1,2,1,0,0,1,2,2,1,1,1,0,1,0,1,0,2,2,1,2,1,1,2,2,0,0,0,1,1,1,1,1,2,1,1,0,2,2,0,0,1,2,1,0,1,0,1,1,1,1,0,1,1,1
05/24/2011,1,1,1,1,1,1,1,1,2,0,1,2,2,0,1,1,1,1,1,0,0,1,0,1,1,1,0,2,1,1,1,1,2,1,2,2,1,0,1,1,0,1,1,0,0,0,0,1,2,1,1,1,2,2,1,0,1,1,1,1,1,0,0,1,1,1,1,2,1,1,0,0,0,2,0,0,2,2,2,1,0,2,0,2,0,0,2,2,0,0,2,2,2,0,2,2,0,0,0,0
05/25/2011,0,2,0,1,1,1,1,1,2,0,2,2,1,1,1,1,1,1,2,1,0,1,0,1,2,0,0,2,2,0,1,2,0,0,2,2,1,2,1,1,0,1,2,0,0,0,1,1,1,0,1,1,2,2,1,1,0,1,1,1,1,1,1,2,1,0,1,2,2,0,0,2,1,1,1,0,2,0,1,1,1,2,2,0,1,1,0,1,0,1,2,1,0,0,2,0,0,1,0,2
05/26/2011,0,2,0,1,1,0,1,1,1,0,1,2,0,1,1,1,1,0,0,1,0,1,0,1,1,2,0,1,0,0,1,1,0,2,2,0,0,2,1,1,0,1,0,1,0,1,0,1,0,0,1,1,2,2,0,0,1,0,1,1,1,1,1,2,1,0,2,2,2,1,1,1,1,2,1,0,0,0,1,1,1,2,2,0,1,1,0,0,0,1,0,1,2,2,2,0,0,2,0,2
05/27/2011,0,2,0,1,1,1,0,1,2,1,1,2,1,1,1,1,1,1,0,1,1,0,0,0,1,2,1,1,2,0,1,1,1,2,2,2,1,1,0,1,2,2,0,1,0,1,0,1,0,0,1,0,2,2,0,0,1,0,1,1,2,1,1,2,1,0,0,2,2,1,1,0,1,2,2,2,1,0,2,0,2,0,2,0,1,1,0,1,2,2,2,0,2,2,2,0,2,2,2,0
05/29/2011,0,2,0,2,1,1,0,0,1,1,1,2,1,1,1,0,1,0,1,2,0,1,1,1,2,2,1,1,2,0,0,1,1,1,1,2,0,1,0,1,0,0,0,1,0,1,0,1,1,2,1,0,1,1,0,0,1,0,1,1,2,1,1,2,0,0,0,2,2,1,1,1,2,2,1,2,1,0,0,0,1,1,2,0,2,0,0,2,2,2,2,0,2,0,2,0,2,2,2,0
05/30/2011,1,2,0,1,0,0,0,0,1,1,1,0,1,1,1,1,1,0,0,2,0,0,0,2,2,2,1,2,2,1,1,0,1,0,1,2,1,1,0,1,1,0,0,1,0,1,1,1,0,1,1,0,1,1,0,0,1,0,0,1,2,0,2,2,0,2,1,2,2,0,1,1,2,2,2,1,1,0,0,0,1,1,1,2,2,2,0,2,0,2,2,1,2,1,0,1,2,0,1,1
05/31/2011,1,2,0,1,0,1,2,0,0,1,0,2,0,2,1,1,1,0,1,2,1,0,1,2,2,2,1,1,2,1,1,1,1,0,1,0,1,1,2,2,2,0,0,1,1,1,1,1,0,0,2,2,1,1,0,0,0,0,0,2,2,0,2,2,1,2,1,2,0,1,1,2,2,2,1,1,1,0,2,0,2,1,0,2,2,2,0,2,2,2,2,2,2,2,0,0,0,0,1,0
06/01/2011,1,0,0,1,1,1,2,0,1,1,0,0,0,1,1,1,1,0,0,2,2,0,1,2,2,0,2,1,2,1,2,2,2,0,1,1,2,1,0,1,1,2,1,1,1,0,1,0,2,1,1,2,0,1,0,2,0,0,0,2,2,0,1,1,1,1,0,2,0,0,2,1,2,1,1,2,2,1,2,0,2,1,0,0,0,2,1,2,2,0,2,2,2,1,2,2,2,2,2,1
06/02/2011,1,0,0,1,1,1,1,1,0,1,0,0,1,1,1,1,1,1,1,1,2,2,1,2,1,1,2,0,0,2,1,2,1,1,1,1,2,1,2,1,2,2,1,1,1,0,1,1,1,0,1,2,1,1,0,1,0,2,0,2,2,0,1,1,1,1,1,1,0,0,0,1,1,1,1,2,1,1,1,2,1,2,0,1,0,0,1,0,1,1,1,1,1,1,1,1,1,1,1,1
06/03/2011,2,0,1,1,1,0,1,1,0,0,0,0,1,2,0,1,0,1,1,1,2,1,1,1,0,1,2,0,1,2,2,2,2,0,1,0,2,1,0,1,2,1,1,1,1,0,2,1,1,0,2,2,2,0,2,1,0,1,2,2,1,2,1,1,2,1,1,1,0,0,2,0,1,1,2,2,2,2,1,2,0,0,2,2,1,2,1,0,1,1,1,2,1,1,1,1,0,0,1,1
06/05/2011,2,0,1,1,2,1,1,1,1,0,1,0,1,1,0,1,0,1,1,1,2,1,0,1,0,1,2,0,0,2,0,2,1,1,1,2,2,1,0,1,2,1,1,1,1,0,1,1,1,1,0,0,0,2,1,1,2,1,0,2,1,0,1,1,1,0,1,0,0,0,1,0,2,2,0,2,2,0,2,2,0,0,2,2,1,0,2,0,2,0,2,2,0,0,2,1,2,2,2,2
06/06/2011,2,0,1,1,2,2,2,1,0,0,1,0,1,0,0,2,2,1,1,1,2,2,2,1,0,1,2,0,0,2,2,1,1,1,1,0,2,1,0,1,2,1,1,1,1,1,0,1,1,0,0,1,0,1,1,1,0,1,1,2,0,0,2,1,1,0,0,0,1,1,1,0,1,1,0,1,1,2,1,1,1,1,2,1,1,1,1,1,1,1,1,1,1,1,0,1,1,1,1,1
06/07/2011,2,1,1,1,2,2,2,1,1,2,2,1,1,1,0,0,1,2,1,1,1,1,0,1,1,1,2,1,2,1,2,1,1,1,1,0,1,1,0,1,2,1,1,0,1,1,0,1,0,0,0,2,1,1,1,1,1,1,1,2,0,1,1,0,1,0,1,2,1,2,1,0,1,0,0,1,2,2,2,2,1,0,2,2,2,0,2,1,2,0,2,2,2,2,2,2,2,2,2,2
06/08/2011,0,1,1,1,2,2,0,1,2,2,1,1,2,1,0,0,1,2,1,1,1,1,0,0,1,2,1,1,2,2,1,2,1,1,1,0,1,2,2,1,2,1,1,1,0,1,0,1,0,1,0,2,1,1,1,1,1,2,2,2,0,1,2,0,1,0,2,1,1,1,1,2,1,1,1,1,1,2,1,1,1,1,1,1,2,1,2,1,1,0,1,1,1,1,1,1,1,1,1,1
06/09/2011,2,1,2,1,2,2,0,1,1,2,1,1,2,0,0,1,1,2,0,0,1,1,0,0,0,2,1,1,0,2,1,0,1,2,1,0,1,1,2,1,2,1,2,2,0,1,1,2,1,1,1,2,1,1,1,0,0,1,0,1,0,1,0,2,0,0,2,1,1,0,1,2,2,0,1,1,1,1,2,1,2,1,2,2,0,1,0,2,2,2,1,1,2,1,0,1,0,1,1,2
06/10/2011,0,1,2,1,0,0,0,2,1,1,1,0,1,1,2,1,1,0,0,0,1,1,1,0,0,2,1,1,2,2,0,1,1,2,0,1,1,1,2,1,2,1,0,1,1,1,1,2,1,1,2,1,1,1,1,0,0,2,2,1,1,1,0,0,0,0,1,1,1,0,1,2,2,0,1,1,1,1,1,1,1,1,1,1,1,1,0,1,1,1,1,1,1,1,1,1,0,1,1,2
06/12/2011,0,1,2,1,2,2,0,2,1,1,2,1,1,1,0,2,0,0,0,0,1,1,1,0,0,0,2,2,2,1,1,1,1,2,0,2,0,1,2,1,1,0,1,0,1,0,1,2,1,0,1,0,1,1,0,0,1,0,1,1,1,1,0,2,0,0,1,2,0,0,1,2,1,0,1,1,1,1,2,1,2,1,1,1,1,0,1,1,1,1,2,1,1,1,1,1,2,1,1,1
06/13/2011,0,1,2,1,1,0,1,0,1,1,2,1,0,1,1,1,0,2,0,0,1,2,1,2,0,1,2,2,1,1,0,1,1,2,0,2,1,0,2,1,2,0,0,0,1,1,0,2,1,1,0,1,0,1,0,1,1,2,0,0,0,0,0,2,2,0,1,1,1,0,1,0,1,0,0,2,2,1,2,1,2,2,0,1,1,2,2,2,2,2,2,1,1,2,0,2,0,2,0,2
06/14/2011,0,1,2,2,1,1,1,0,1,1,2,2,1,2,1,2,0,0,0,1,0,2,2,0,1,1,2,2,1,2,0,0,1,0,2,2,0,0,1,1,1,1,0,0,1,1,0,2,1,1,1,1,0,0,0,2,1,2,0,1,1,2,1,0,2,1,1,1,0,1,0,1,0,2,0,2,1,1,1,1,1,2,1,1,1,1,1,2,1,1,1,1,1,2,1,1,1,2,2,1
06/15/2011,0,1,2,2,1,1,1,0,0,1,2,0,1,2,1,1,0,1,0,1,2,2,1,0,1,1,1,2,1,1,0,0,1,0,2,1,0,2,1,2,1,0,2,1,1,0,1,2,1,2,1,1,0,2,1,1,1,0,0,1,1,0,1,2,1,1,0,1,1,1,0,1,0,1,1,2,2,0,1,0,1,0,1,0,1,1,1,1,1,1,2,0,0,1,1,0,1,0,1,1
06/16/2011,1,1,2,2,1,1,1,2,2,2,2,0,1,2,0,1,1,0,2,0,0,2,1,1,1,1,2,0,1,1,2,0,1,0,2,1,0,2,2,1,1,0,0,1,1,1,1,1,1,2,1,1,0,1,0,1,1,0,0,0,2,0,1,2,2,1,0,2,1,1,1,1,0,1,1,2,1,0,1,1,1,0,1,0,2,1,0,1,1,1,1,1,0,1,1,1,1,1,1,1
06/17/2011,1,1,2,2,1,0,1,0,0,0,2,0,1,2,1,1,1,1,2,1,1,2,1,1,0,1,0,0,1,2,2,0,1,0,1,1,0,2,1,2,0,2,2,1,1,2,0,1,2,2,1,1,0,1,2,1,1,1,1,0,2,0,1,0,2,1,0,0,1,1,1,1,0,1,1,2,2,2,1,2,2,1,0,0,0,2,0,1,2,1,0,0,0,1,2,1,2,2,1,0
06/19/2011,2,2,2,2,1,1,1,0,0,0,1,0,1,2,1,1,1,1,1,0,1,0,1,0,2,0,0,1,1,2,2,2,1,2,1,1,0,0,1,2,1,2,2,1,1,2,0,0,2,2,2,2,0,1,1,1,1,1,1,1,2,0,0,1,2,0,0,2,1,1,2,1,0,1,1,2,2,2,2,1,1,1,0,0,0,2,0,0,2,1,1,2,2,1,2,2,2,1,2,2
06/20/2011,2,1,1,2,0,2,1,0,0,0,1,2,1,2,0,1,1,2,1,1,1,0,1,1,1,0,0,1,0,2,2,2,1,1,1,1,2,2,0,1,0,2,2,2,1,2,0,0,2,2,0,2,1,1,1,1,1,1,1,1,2,1,2,1,1,0,1,1,0,1,1,1,1,1,1,1,1,1,1,1,1,1,1,1,1,1,1,1,1,1,1,2,1,1,1,1,2,1,1,1
06/21/2011,0,1,1,2,0,0,2,1,1,1,1,2,1,2,0,1,1,2,2,2,1,0,1,1,1,0,1,1,1,2,1,2,1,0,1,1,1,1,0,1,0,2,1,2,1,1,0,0,2,1,2,2,1,1,1,1,2,0,0,1,1,1,1,1,1,0,1,2,0,0,2,0,0,2,2,0,1,1,1,2,2,1,1,1,1,0,0,1,1,1,1,1,1,1,1,2,1,1,0,2
06/22/2011,1,1,1,2,2,0,2,0,1,1,1,2,0,2,0,1,1,2,1,2,2,0,1,1,2,2,1,1,2,1,1,0,1,2,1,1,1,1,0,1,2,2,1,0,0,1,1,0,2,1,0,2,1,0,0,0,2,1,0,2,1,1,1,0,1,0,2,2,0,0,2,1,1,2,1,1,0,1,1,1,1,1,1,1,1,1,1,2,1,1,1,1,1,1,1,1,1,1,1,1
06/23/2011,0,0,1,0,1,0,0,0,1,1,2,2,2,1,0,1,1,2,2,0,2,0,1,1,0,0,1,1,1,1,1,0,1,0,1,1,1,2,2,1,2,2,2,0,0,1,2,1,1,1,0,0,0,0,0,0,2,1,0,0,1,0,1,1,0,0,1,0,0,1,0,2,1,2,0,1,1,2,1,2,2,2,1,1,2,2,2,2,1,2,2,2,2,2,2,2,2,2,0,0
06/24/2011,0,0,0,0,1,0,1,1,1,1,0,2,2,1,0,1,0,2,2,0,0,0,1,1,0,1,1,1,1,1,0,0,0,1,1,0,2,1,1,1,2,2,0,0,0,0,2,0,1,1,1,2,1,2,0,0,2,0,0,0,0,1,0,1,0,1,0,0,0,0,0,0,2,0,0,0,0,2,0,2,0,0,1,2,1,2,2,2,2,2,2,2,2,2,1,2,2,2,2,2
06/26/2011,0,0,0,1,1,1,0,0,1,1,0,1,1,2,0,1,2,2,2,2,2,0,1,1,0,1,2,2,2,0,1,2,0,1,1,0,2,1,2,1,2,2,2,0,1,0,2,1,0,1,1,2,0,0,1,0,1,0,2,2,1,1,0,1,1,1,2,0,1,0,0,2,1,2,0,0,0,2,2,2,0,1,2,2,2,2,2,2,2,2,2,2,1,0,2,2,2,0,1,2
06/27/2011,2,1,0,1,1,1,1,1,2,2,1,1,2,1,1,1,0,2,1,0,2,1,1,0,2,0,2,2,1,1,1,1,2,1,2,2,0,1,2,1,2,2,2,0,1,1,1,1,1,2,1,2,0,1,2,0,2,2,2,2,1,2,0,1,1,1,2,0,1,1,1,0,1,1,0,1,0,1,1,1,1,2,1,1,1,1,1,2,2,0,1,1,1,1,1,1,1,1,2,1
06/28/2011,1,2,0,1,1,1,1,2,2,0,1,0,2,1,1,1,0,0,1,0,2,1,1,0,2,1,0,2,1,1,0,1,2,1,1,2,2,1,1,1,2,1,2,1,1,1,1,1,1,1,1,0,0,1,2,1,2,2,2,2,1,1,0,2,1,1,2,1,1,1,1,2,2,1,2,0,0,2,1,1,1,1,2,2,2,1,2,2,2,0,0,0,2,0,0,2,1,2,2,2
06/29/2011,1,1,0,1,1,1,1,0,2,0,1,1,2,1,1,1,1,1,1,1,0,1,0,0,2,1,0,1,1,1,0,1,2,1,1,2,1,1,1,1,1,2,1,1,1,1,1,1,2,1,1,0,1,1,0,1,1,2,1,2,1,1,1,2,1,1,1,1,1,1,0,0,1,1,2,1,1,1,1,1,1,2,2,1,0,1,1,1,1,1,0,1,1,1,1,1,1,1,1,1
06/30/2011,2,1,1,1,2,1,1,0,0,0,1,1,2,1,1,1,1,1,1,1,2,1,0,1,2,1,0,2,1,1,0,1,2,0,2,2,0,1,1,0,1,2,1,1,0,1,0,1,1,0,0,0,1,1,1,1,0,2,1,1,0,2,1,2,1,2,0,1,1,1,0,0,1,0,2,1,1,1,1,1,2,2,2,1,1,1,1,1,0,1,0,0,1,2,1,0,1,0,0,0
07/01/2011,2,1,1,0,0,1,1,0,1,0,0,1,2,1,2,1,1,1,1,1,2,1,2,0,1,2,0,1,2,1,0,1,1,1,1,2,0,1,1,0,0,2,1,1,0,1,1,0,1,0,1,0,1,0,1,1,0,2,1,1,0,1,1,2,1,2,1,1,1,1,2,1,1,0,2,1,1,2,2,1,2,1,0,0,1,0,0,1,0,2,2,2,1,2,2,2,0,2,2,0
07/03/2011,1,2,1,0,0,1,0,0,1,0,0,1,0,1,2,0,0,1,1,1,2,1,2,0,1,0,2,1,2,2,0,1,1,1,1,1,1,1,1,1,0,2,1,1,1,0,1,0,1,0,1,0,1,0,1,1,0,2,1,1,0,1,0,1,1,2,1,0,0,0,2,1,1,0,2,1,2,0,0,0,2,0,0,0,2,0,0,0,2,2,2,2,0,2,2,1,0,2,2,0
07/04/2011,2,1,1,0,0,2,2,1,1,0,0,2,0,1,2,2,1,1,1,2,2,0,2,1,0,0,1,1,2,1,1,1,1,1,0,1,0,2,1,1,0,1,2,1,1,2,1,0,1,2,1,0,1,0,1,1,0,1,1,1,1,1,0,1,1,1,2,0,0,0,2,1,2,0,2,2,2,2,2,0,2,0,1,0,2,2,0,0,2,2,2,2,2,1,2,2,1,2,2,0
07/05/2011,2,2,2,0,0,0,1,1,1,2,1,1,0,2,2,2,1,1,1,0,1,1,2,0,0,2,1,1,2,0,1,1,1,1,0,1,2,1,1,1,0,1,2,2,0,2,1,0,1,2,1,1,1,0,0,1,0,1,1,0,1,1,1,1,0,1,1,0,2,0,1,0,0,1,2,1,2,1,2,0,2,0,1,1,2,1,0,0,2,2,0,1,2,1,0,1,0,1,0,1
07/06/2011,1,1,0,1,1,0,0,1,1,0,2,1,0,1,2,2,0,0,0,2,1,0,1,2,0,2,1,1,2,1,1,1,1,1,1,1,1,0,1,1,0,1,2,2,0,2,1,2,2,0,1,1,0,0,0,0,0,0,1,0,1,2,1,1,1,1,0,1,2,0,0,0,1,1,2,2,0,1,2,0,2,0,2,2,2,2,0,2,2,1,2,0,0,0,2,2,2,2,0,2
07/07/2011,1,1,0,1,0,0,0,1,1,2,2,1,0,1,1,2,1,0,1,1,1,1,1,1,2,1,2,0,2,2,1,2,1,2,0,1,2,0,1,0,0,1,2,2,0,0,1,2,0,0,2,1,0,1,0,0,0,1,1,0,1,0,1,1,1,1,0,1,2,2,1,0,1,2,2,0,2,0,1,1,2,0,1,2,0,2,0,2,2,0,2,1,2,0,2,1,2,1,0,2
07/08/2011,1,2,0,1,1,0,0,1,1,1,1,1,1,2,1,2,0,2,1,1,1,0,0,2,0,1,2,0,2,2,1,2,1,0,2,1,2,2,1,1,0,1,2,2,1,2,0,1,0,0,2,1,0,2,0,0,1,0,1,0,1,0,0,0,0,1,0,1,1,0,1,0,0,1,2,2,2,1,1,0,2,1,2,1,1,2,2,1,1,0,0,0,2,2,2,0,2,0,0,2
07/10/2011,0,2,0,1,1,0,2,0,1,1,1,1,1,2,1,2,1,1,1,1,1,1,0,1,1,1,2,0,1,1,0,2,1,1,2,1,2,0,1,1,1,2,0,1,0,1,0,1,0,1,2,1,0,2,0,1,1,1,1,0,1,0,1,0,2,1,0,0,1,0,0,2,0,1,2,1,2,1,1,1,0,2,2,2,1,2,2,0,1,0,1,1,1,1,0,1,2,1,0,2
07/11/2011,0,0,0,0,1,1,2,2,1,1,1,1,1,1,1,0,1,0,2,1,1,1,0,1,1,1,2,1,1,1,1,2,1,1,2,1,2,2,1,2,1,1,2,1,0,1,2,1,2,2,2,1,0,2,1,1,1,1,1,1,1,0,2,0,2,1,0,0,1,1,0,1,0,0,2,1,2,0,2,1,2,0,2,0,1,2,2,0,0,0,2,2,2,1,2,2,1,0,2,2
07/12/2011,1,0,1,1,1,1,1,2,1,1,1,2,2,1,1,0,1,0,1,2,1,0,0,0,1,1,0,1,1,1,1,2,1,0,2,1,2,2,0,0,1,1,1,1,2,1,1,1,1,2,2,0,1,2,1,1,1,1,1,2,1,0,2,0,2,2,2,0,1,1,0,1,1,1,2,1,1,1,2,1,2,1,0,0,0,1,2,1,1,1,2,0,2,1,2,2,1,2,2,0
07/13/2011,2,1,1,1,1,1,1,1,1,2,1,1,2,1,1,1,1,1,1,2,1,0,0,0,1,2,0,1,1,1,1,2,1,2,1,1,0,1,1,0,1,2,1,1,2,1,1,0,1,2,2,0,1,2,1,1,2,1,0,1,0,1,0,0,0,0,2,0,0,1,1,2,1,1,2,1,1,1,2,1,1,1,1,0,0,0,1,1,0,1,1,1,1,1,1,0,0,1,1,1
07/14/2011,0,1,1,1,2,1,1,1,1,1,1,2,2,1,1,1,1,1,1,2,0,0,0,0,1,0,0,0,0,2,1,2,0,1,1,1,0,0,1,2,1,1,0,1,2,1,1,0,1,2,1,0,1,2,1,1,1,1,0,1,2,1,2,0,0,0,1,0,0,1,1,1,1,1,2,2,1,1,2,2,1,1,1,0,2,1,1,1,0,2,2,0,2,1,1,0,0,0,0,0
07/15/2011,2,1,1,1,2,1,1,1,0,1,1,1,2,1,0,1,1,1,1,2,2,0,1,1,0,0,1,1,2,2,0,2,2,0,0,1,2,1,0,2,1,2,1,1,2,1,1,0,1,1,1,2,1,2,1,1,1,0,0,0,1,1,2,2,2,2,1,1,0,1,1,1,0,2,1,2,1,1,1,2,1,2,0,1,0,2,1,1,0,1,0,1,2,0,1,1,1,1,0,1
07/17/2011,2,1,1,1,2,1,1,1,2,1,1,1,2,1,1,0,1,1,1,2,0,0,1,1,0,0,0,2,0,2,1,1,1,1,1,1,1,0,1,2,1,2,1,1,0,1,1,0,1,1,2,2,1,2,1,2,1,0,1,2,1,2,0,2,2,1,2,1,1,1,1,2,0,0,1,1,2,1,1,0,2,2,0,1,2,0,1,1,1,1,1,1,1,0,1,1,1,1,1,1
07/18/2011,2,1,2,0,0,1,1,0,2,1,1,1,0,1,0,1,1,2,1,2,2,0,1,0,0,2,1,1,1,2,2,1,1,1,1,2,1,0,1,2,1,2,1,0,2,1,2,1,1,1,1,1,0,2,2,2,1,2,1,2,1,1,1,1,2,1,0,1,1,1,0,2,0,0,1,2,2,1,1,1,2,2,1,1,1,0,2,2,1,1,1,1,1,0,1,1,1,1,1,2
07/19/2011,1,1,1,0,0,1,1,0,2,1,1,1,2,1,0,1,0,2,2,2,2,1,1,0,0,0,1,1,1,2,0,1,1,2,0,0,1,0,1,2,1,1,0,1,1,1,2,2,0,1,0,1,0,2,2,2,1,1,1,0,1,1,1,2,0,1,2,1,1,0,0,0,2,0,1,1,0,1,1,1,2,2,1,1,1,0,0,1,1,0,1,1,1,1,0,2,1,1,1,1
07/20/2011,1,1,0,1,0,1,0,0,2,1,1,1,2,2,0,0,1,2,0,2,1,1,2,0,0,0,1,1,1,2,2,0,1,1,0,0,1,2,1,0,2,1,0,2,0,1,2,2,0,1,1,0,0,1,1,2,1,1,1,1,1,1,1,2,1,1,2,1,1,0,0,1,1,2,0,1,2,2,1,1,0,1,2,1,1,0,2,0,1,0,0,2,1,1,2,2,1,0,0,0
07/21/2011,1,1,0,2,1,1,0,1,1,1,1,2,2,1,2,2,1,2,0,2,0,1,2,0,0,1,2,1,1,1,2,1,1,1,2,2,1,1,1,0,2,0,0,1,1,1,2,2,2,1,1,1,0,1,1,2,2,0,2,2,1,1,1,1,0,1,2,1,1,1,0,1,1,1,0,1,1,1,1,1,2,1,1,1,1,1,1,1,1,1,0,0,1,1,1,1,1,0,1,1
07/22/2011,1,1,0,1,1,1,0,1,1,1,1,1,1,2,0,0,1,2,0,2,1,1,2,2,0,1,1,2,0,1,0,1,1,1,2,0,1,1,1,0,2,1,0,0,1,0,0,2,2,1,1,1,1,1,0,2,0,1,2,1,1,1,0,2,1,1,1,0,2,0,2,0,1,0,1,1,1,0,2,1,2,0,2,2,2,1,2,0,2,0,1,2,2,0,1,2,0,0,0,0
07/24/2011,2,2,0,1,1,2,1,1,1,0,1,1,2,1,1,0,1,2,2,2,1,0,2,2,1,1,1,2,1,0,2,1,1,1,2,1,2,1,2,1,2,1,1,1,1,2,0,1,2,0,1,1,1,1,0,2,0,1,2,0,1,2,1,2,1,2,2,0,0,1,2,0,1,2,1,2,0,0,1,1,1,1,1,2,0,1,1,1,1,2,1,0,1,1,2,1,1,1,2,1
07/25/2011,2,2,0,1,1,1,1,1,1,0,1,1,1,0,1,0,0,1,0,0,1,0,2,2,1,1,0,2,1,1,0,1,1,1,2,0,0,2,1,1,2,0,1,1,1,2,0,1,2,0,1,0,1,1,0,2,0,1,2,1,0,2,1,2,1,0,1,1,0,1,2,0,1,1,1,2,2,1,0,2,2,1,2,2,0,2,0,2,0,2,2,2,2,2,1,1,0,1,2,0
07/26/2011,2,2,1,1,1,1,1,1,1,0,1,0,1,0,0,0,0,1,0,2,1,0,1,2,1,0,0,2,0,0,0,2,2,2,0,1,0,0,1,1,2,2,1,1,1,1,0,1,0,0,0,0,1,1,2,2,0,1,1,1,0,2,0,2,1,0,1,0,0,2,2,2,1,1,2,2,2,1,2,2,2,2,0,0,1,2,1,2,0,2,0,2,0,2,2,1,2,2,2,2
07/27/2011,2,0,1,1,1,1,2,1,1,2,1,0,1,0,0,0,1,1,1,0,1,1,1,2,1,0,1,2,1,0,0,2,2,1,1,0,0,0,1,1,0,1,1,1,1,0,1,1,2,0,0,1,0,1,0,1,0,0,1,1,1,2,0,0,1,1,1,1,0,2,2,2,0,0,2,1,2,1,1,1,2,2,0,0,1,2,0,0,2,2,2,2,1,2,0,2,2,2,2,2
07/28/2011,0,0,1,1,1,1,2,2,1,0,0,0,1,0,0,0,2,1,1,1,1,2,1,2,1,2,2,2,1,2,2,2,2,2,1,1,0,0,1,1,1,1,1,0,2,2,1,1,1,1,1,1,0,1,1,1,2,0,1,1,1,2,0,0,1,1,1,0,0,0,2,2,0,0,2,2,2,2,2,0,2,2,0,0,0,2,0,2,0,2,1,2,0,2,2,2,2,2,2,2
07/29/2011,1,0,1,0,1,1,2,2,1,0,0,0,1,0,2,1,1,1,1,1,1,2,1,1,1,0,0,2,1,0,1,0,2,1,2,1,1,0,1,2,1,1,2,2,1,2,2,1,0,1,1,1,0,0,1,0,1,1,1,0,1,2,0,2,2,1,1,2,2,2,1,2,1,0,2,1,1,2,1,0,0,2,1,0,1,2,0,1,0,2,2,2,0,1,2,1,1,0,1,0
07/31/2011,0,0,1,1,2,1,1,2,0,0,1,1,1,0,1,2,0,1,2,1,1,2,0,1,0,0,0,1,1,0,1,1,1,1,0,1,1,0,1,1,1,1,1,1,1,0,1,1,0,1,1,1,0,2,2,0,1,2,1,0,1,2,1,1,1,1,0,1,2,2,1,1,2,1,1,2,1,0,2,0,2,2,1,2,1,2,0,2,0,2,0,2,2,1,2,2,2,0,0,2
08/01/2011,2,1,0,0,2,1,1,2,0,2,1,0,0,0,1,1,1,1,1,1,0,1,1,1,0,2,1,1,0,0,1,1,2,0,1,1,1,0,2,0,1,1,1,2,1,2,2,0,0,1,1,0,2,2,2,0,1,0,1,0,1,1,1,1,1,1,0,1,2,2,1,1,2,1,0,0,1,2,2,0,2,0,1,1,2,2,0,1,2,2,2,2,2,1,2,1,2,2,2,2
08/02/2011,1,1,0,0,2,0,0,0,0,0,1,1,0,2,1,2,1,1,1,1,0,1,1,1,1,2,1,1,0,0,1,1,1,0,1,1,1,1,1,0,1,2,1,0,1,0,1,0,0,1,1,0,2,2,2,0,1,1,0,0,1,2,1,1,0,1,2,0,2,0,0,1,2,1,0,0,0,0,0,0,2,1,0,0,2,2,0,2,2,2,2,2,2,2,1,2,2,2,2,2
08/03/2011,1,1,2,0,2,1,1,2,0,0,1,1,0,1,1,1,1,1,1,1,1,0,2,1,1,2,1,1,0,0,1,1,0,1,1,2,1,1,1,1,2,2,0,2,1,0,1,0,1,1,0,1,2,2,2,0,1,1,2,1,1,2,1,2,2,1,2,1,2,1,0,1,2,1,1,0,0,0,1,1,1,0,1,0,0,2,1,2,0,0,1,0,2,0,1,2,0,1,0,1
08/04/2011,2,1,1,0,1,1,0,2,0,2,1,1,0,1,1,1,2,1,2,1,1,1,0,0,1,2,1,0,2,1,0,1,0,0,1,0,1,1,1,0,1,2,0,1,1,0,0,0,0,1,0,1,2,2,0,1,0,1,0,1,2,2,2,2,2,2,2,1,2,1,0,2,2,1,0,1,0,1,1,1,1,1,1,0,0,2,1,2,2,0,1,0,2,2,2,1,1,1,2,2
08/05/2011,1,1,0,1,2,1,0,2,2,1,1,1,0,2,1,0,2,1,2,1,1,1,0,0,1,0,1,0,2,2,2,2,0,0,1,0,1,1,1,1,2,2,2,1,1,1,1,0,2,1,0,2,0,0,0,1,0,2,0,1,0,2,1,2,2,0,2,1,2,1,1,1,2,1,1,0,1,1,1,0,1,2,2,1,1,1,1,1,1,2,1,1,1,1,1,1,1,1,1,1
08/07/2011,2,1,1,2,2,1,0,2,0,1,0,2,1,1,0,0,2,1,2,2,1,0,0,0,1,2,2,0,2,2,2,0,2,1,1,0,1,1,1,1,1,1,0,1,1,2,1,1,2,2,0,1,2,1,2,1,0,2,0,2,0,0,1,2,2,0,1,1,2,1,1,0,1,2,0,2,0,0,2,1,2,1,2,2,1,2,2,2,1,1,1,0,1,1,1,1,0,0,1,2
08/08/2011,2,1,1,1,2,1,0,2,0,1,2,0,1,1,0,2,0,2,2,2,1,0,1,2,1,2,2,0,1,2,0,1,1,1,1,0,1,1,1,2,1,0,0,1,2,1,1,2,2,1,0,0,1,1,0,1,0,0,0,1,0,0,0,1,2,1,2,2,2,1,1,1,2,2,2,1,0,2,2,1,1,1,2,2,0,2,2,0,1,2,2,2,2,2,2,2,2,2,1,2
08/09/2011,2,1,1,1,2,2,0,2,1,1,0,0,1,1,0,1,0,2,2,2,0,0,0,2,2,0,2,0,1,2,1,1,1,1,2,1,1,1,0,0,1,1,1,1,2,1,1,2,2,1,2,2,1,1,0,1,0,0,1,1,0,0,0,1,1,1,1,1,1,1,1,1,1,1,1,1,1,1,1,1,1,1,1,1,1,2,1,1,1,1,2,1,1,1,1,1,1,1,1,1
08/10/2011,2,2,1,1,1,2,1,2,1,1,0,0,1,2,0,1,0,0,2,2,0,2,2,2,1,2,2,1,2,2,1,0,1,1,0,1,0,0,0,0,1,0,1,1,2,0,1,1,2,1,2,0,1,0,0,0,1,2,1,0,1,0,0,1,0,0,2,0,0,0,2,0,1,1,2,2,2,2,0,2,1,0,0,1,0,1,0,1,0,2,2,2,2,2,2,2,1,2,2,1
08/11/2011,0,0,0,0,1,2,2,0,1,1,0,0,1,2,0,1,1,0,2,2,2,2,1,2,1,2,2,1,1,2,1,1,1,2,0,1,0,0,0,1,0,0,1,2,2,1,1,1,2,1,2,2,1,1,1,0,1,1,2,2,1,0,0,1,1,1,1,2,1,1,1,2,1,1,1,1,1,1,1,1,1,1,2,1,1,1,1,1,1,1,0,1,1,1,1,1,1,1,0,1
08/12/2011,1,0,1,0,2,0,1,1,1,1,0,0,2,2,1,0,1,1,0,2,2,2,1,1,1,2,2,1,1,2,1,0,1,2,0,0,2,2,1,1,1,2,1,0,2,1,2,1,0,1,1,2,0,1,1,0,1,1,2,2,1,1,1,1,2,2,1,2,0,1,1,1,1,1,1,1,1,1,1,1,1,1,1,1,1,1,1,1,1,1,0,1,1,1,1,1,1,0,1,2
08/14/2011,2,0,1,1,1,2,1,1,1,0,1,2,2,1,1,0,0,1,2,2,1,2,1,1,1,1,2,1,1,2,1,0,1,2,0,2,0,0,1,1,1,2,1,0,1,0,1,1,1,0,2,2,0,1,1,1,1,1,2,2,0,1,1,1,1,0,2,0,0,1,1,1,0,0,2,2,2,2,2,1,0,2,1,0,1,1,2,1,1,1,1,2,1,2,1,1,1,1,1,1
08/15/2011,2,1,2,0,1,2,1,2,1,0,1,1,2,2,1,0,2,1,2,0,0,1,0,1,1,1,2,1,2,1,0,1,1,2,0,0,0,0,1,1,1,2,1,1,0,0,1,1,1,1,2,2,0,0,1,1,1,1,2,2,1,1,1,0,1,0,1,2,0,0,1,1,0,0,1,1,0,1,1,1,0,1,1,0,1,1,1,1,1,1,0,1,1,1,1,1,1,2,1,1
08/16/2011,1,2,1,0,0,2,1,1,1,0,1,1,2,0,2,0,0,1,1,1,1,1,0,2,0,2,0,0,0,2,1,2,1,2,0,0,0,2,1,1,1,0,1,0,1,0,1,2,1,1,2,2,0,0,2,1,2,1,0,1,1,2,1,0,0,0,2,2,0,0,1,0,0,0,2,2,2,2,1,0,2,2,0,2,2,2,2,2,2,2,2,2,0,2,2,2,2,1,2,2
08/17/2011,1,2,1,1,0,2,1,0,1,0,1,1,2,0,2,1,0,1,2,1,2,1,0,1,2,1,2,1,0,0,1,1,1,2,1,0,1,0,1,1,2,1,1,2,1,0,1,2,1,1,2,2,0,0,0,1,1,0,0,1,0,1,1,0,0,2,0,2,1,0,1,2,1,0,0,1,1,2,2,2,1,1,0,1,1,2,0,1,2,0,2,1,2,1,2,2,2,2,2,0
08/18/2011,1,1,1,1,0,1,0,0,1,0,1,1,2,1,2,1,0,1,1,0,1,0,1,1,2,1,2,2,2,0,1,1,2,2,1,0,0,2,1,1,2,1,1,2,0,2,2,2,1,1,1,2,0,0,1,1,2,0,2,1,0,1,1,0,0,2,0,2,1,2,1,1,1,1,1,0,2,2,1,2,1,1,2,1,1,0,2,0,1,0,1,2,0,1,2,2,0,2,2,2
08/19/2011,1,2,1,1,1,1,2,0,1,1,2,1,1,1,2,1,0,1,1,1,2,2,1,0,0,1,1,0,2,0,2,2,0,1,1,0,0,0,1,1,1,1,1,2,0,1,1,2,1,0,2,1,0,0,1,2,1,0,1,1,1,2,1,0,0,2,0,1,1,2,0,1,1,1,1,0,2,2,1,1,0,1,2,1,1,2,2,2,2,2,2,2,2,2,2,2,2,2,2,2
08/21/2011,2,2,1,2,1,0,2,2,0,1,1,1,1,1,2,1,0,1,1,1,1,0,1,2,2,1,1,2,1,1,0,1,0,0,1,1,0,1,2,1,0,1,0,0,0,1,0,2,0,0,2,0,0,2,0,1,0,0,1,2,0,2,1,0,1,2,0,0,1,1,0,1,1,1,1,0,0,1,1,1,1,1,2,2,0,1,1,2,1,2,2,2,1,2,1,2,2,2,2,1
08/22/2011,0,2,1,1,1,1,1,2,1,1,2,1,2,1,2,0,1,1,1,1,1,1,1,0,2,1,1,2,1,2,0,1,0,0,1,0,0,1,0,1,2,2,2,0,0,1,0,2,1,1,1,0,0,2,0,0,0,0,1,2,0,2,0,2,1,1,1,2,1,1,1,1,1,1,0,1,1,0,1,1,1,1,1,1,2,1,1,1,1,1,1,1,1,1,1,1,1,1,1,1
08/23/2011,2,0,1,1,1,1,1,2,1,1,2,1,2,1,2,1,1,0,1,1,1,1,1,0,2,1,1,2,1,1,0,1,1,0,0,1,2,1,0,1,1,1,2,1,0,1,0,2,1,2,1,0,0,1,1,0,0,0,1,2,1,2,2,2,1,2,2,2,0,1,1,0,1,1,1,1,1,1,1,1,1,1,1,0,1,1,1,1,2,1,0,1,0,1,1,1,1,1,1,1
08/24/2011,2,0,0,2,1,1,1,2,1,1,0,2,1,1,1,1,1,0,1,1,0,1,0,0,2,1,1,1,2,2,1,2,0,0,1,1,2,0,2,1,0,1,2,1,2,1,0,2,2,1,1,0,0,1,1,0,0,0,1,2,1,2,1,2,0,1,0,0,0,2,0,0,0,0,2,0,0,1,2,1,1,1,1,1,1,1,0,1,1,1,1,1,1,1,1,1,1,1,1,1
08/25/2011,1,0,0,1,1,1,1,1,1,0,2,0,1,1,1,1,1,0,0,1,1,0,0,1,1,1,1,2,1,1,1,0,1,1,0,1,0,1,1,1,0,0,2,1,0,2,0,2,1,2,1,0,2,1,1,0,0,0,0,2,1,2,1,2,0,1,1,1,0,0,2,0,0,1,1,0,1,1,1,1,1,2,1,0,0,2,2,1,1,1,2,1,0,0,0,2,2,2,2,2
08/26/2011,2,0,2,1,2,0,0,1,0,0,1,0,1,1,1,1,2,0,0,1,0,2,0,1,1,1,1,2,0,2,1,0,1,1,0,1,1,1,1,0,1,1,2,0,0,0,1,0,1,2,1,1,2,1,1,1,0,1,0,2,1,2,1,1,2,1,2,0,2,0,2,2,0,1,1,0,2,1,1,0,0,2,2,0,0,2,0,1,0,2,1,1,1,1,1,1,1,1,1,1
08/28/2011,1,1,2,0,1,2,1,1,0,1,0,0,1,0,1,1,2,0,1,1,0,0,2,1,1,0,1,2,0,1,0,2,1,1,1,1,1,1,0,0,1,1,2,1,0,0,1,2,1,1,2,0,2,2,1,1,0,1,1,2,1,1,1,1,2,0,0,2,2,2,2,0,0,2,2,0,2,1,0,0,0,2,0,0,1,1,0,2,0,2,1,0,0,2,0,0,0,0,0,0
08/29/2011,0,1,1,0,2,1,1,1,0,1,0,0,1,0,1,2,2,1,1,0,0,0,0,1,1,0,1,2,0,1,1,2,1,1,0,1,0,0,1,0,1,2,2,1,1,0,1,1,1,2,1,1,2,2,1,1,0,1,0,2,1,1,2,1,2,1,1,2,2,2,0,2,0,2,2,2,2,2,1,0,0,2,0,1,1,1,0,1,1,1,1,1,1,1,1,1,0,1,1,1
08/30/2011,0,1,1,0,2,1,1,1,2,1,0,2,1,1,1,0,0,1,1,0,2,0,0,1,1,0,2,1,0,0,1,1,1,0,1,1,1,0,2,0,1,2,2,1,1,0,1,0,1,2,0,0,2,0,0,1,1,1,0,1,1,0,1,1,1,0,1,2,2,0,0,2,0,2,2,2,2,2,2,2,0,0,2,2,2,2,2,2,1,0,0,2,1,0,2,0,1,0,2,1
08/31/2011,2,1,1,0,2,1,1,0,2,1,1,1,1,1,1,1,0,1,2,0,0,0,1,1,1,0,2,1,0,0,0,2,2,1,1,1,0,0,1,2,1,2,2,1,1,0,1,1,1,2,1,1,2,2,1,0,1,1,1,0,1,1,1,1,1,1,1,1,2,1,0,1,0,1,2,1,1,1,1,1,1,1,1,1,1,1,1,1,1,1,1,2,1,1,1,1,1,1,2,1
09/01/2011,2,1,1,0,0,1,1,0,2,1,1,2,1,1,1,1,1,2,1,0,1,1,1,0,1,0,2,1,1,0,1,1,1,1,1,1,1,0,1,2,2,2,2,1,0,0,0,2,1,1,1,1,2,1,0,0,1,1,2,0,2,1,2,1,2,1,0,1,1,1,0,1,0,1,1,2,2,1,2,0,2,2,2,2,2,2,2,2,2,0,1,2,2,2,2,0,2,2,2,2
09/02/2011,2,1,1,0,2,1,1,2,2,0,1,1,1,1,1,1,1,1,1,0,0,0,1,0,1,0,2,2,1,2,1,1,2,1,1,1,1,0,1,2,0,2,1,1,0,0,0,1,0,1,1,2,2,1,0,1,1,1,2,1,2,0,0,1,2,1,0,1,1,1,0,0,2,1,2,2,2,2,2,1,2,2,2,2,2,0,2,0,2,0,2,1,2,2,2,2,2,2,2,2
09/04/2011,0,1,2,0,2,0,1,2,2,0,1,1,1,0,1,2,1,1,0,0,1,0,1,0,1,0,2,1,1,1,1,1,2,1,1,1,0,0,1,2,0,1,1,1,1,1,0,1,1,1,1,2,2,2,0,2,1,1,2,0,0,0,2,0,1,1,0,1,1,1,0,1,2,2,1,2,0,1,1,1,2,1,2,0,2,0,2,0,2,2,2,2,2,2,2,2,2,2,2,2
09/05/2011,1,0,1,1,0,2,1,2,2,0,0,1,0,1,1,1,1,1,0,1,1,0,2,1,1,1,1,2,1,0,2,0,2,0,1,0,0,1,1,1,1,1,1,0,1,1,0,0,2,0,1,2,1,2,0,2,1,2,2,0,0,0,1,2,1,1,1,0,0,1,0,0,2,1,1,2,2,2,1,1,2,1,2,0,0,0,2,1,2,1,1,2,2,2,2,0,2,0,2,1
09/06/2011,1,0,1,1,1,0,1,0,2,1,0,1,0,0,1,1,1,1,1,0,1,0,1,2,2,1,2,2,1,1,2,0,2,1,1,0,0,1,1,2,1,1,1,1,1,1,1,2,1,1,0,2,1,1,0,2,2,0,1,1,0,0,0,2,1,1,2,1,0,1,1,1,2,0,1,2,1,1,1,1,1,1,1,1,1,1,1,1,1,1,1,1,1,2,2,1,1,1,1,1
09/07/2011,1,0,1,1,2,0,2,2,2,1,0,1,1,2,1,1,2,1,1,1,1,1,1,1,2,1,2,1,1,1,2,0,1,1,1,0,0,1,1,1,1,1,0,1,1,1,1,0,2,0,0,2,1,1,0,2,0,0,1,1,1,1,1,2,0,0,2,1,2,1,2,0,1,0,1,1,0,1,1,1,1,1,1,1,1,1,1,1,1,1,1,1,1,1,2,1,1,1,1,1
09/08/2011,0,0,2,1,1,0,1,0,2,1,0,2,1,0,1,1,0,2,1,1,0,0,1,1,2,2,2,2,2,1,2,1,1,0,1,0,1,1,1,1,2,2,0,1,1,0,1,1,1,1,2,2,0,0,1,2,2,0,2,1,1,1,1,2,0,0,2,0,1,0,1,0,1,0,1,2,2,2,1,2,0,1,1,1,0,1,1,1,0,1,1,1,1,1,1,1,1,1,1,1
09/09/2011,0,0,2,0,1,0,2,0,1,1,0,2,1,0,1,1,0,1,0,2,2,0,0,0,0,2,2,2,2,2,2,0,1,0,1,1,0,1,1,0,2,1,1,1,2,0,1,1,1,1,0,2,1,1,1,1,2,0,2,2,1,1,1,2,0,0,2,0,1,0,1,0,1,0,0,1,1,2,0,2,0,1,1,1,0,1,1,0,1,2,1,0,1,0,0,1,0,0,0,2
09/11/2011,1,1,2,1,1,2,2,1,1,0,2,2,1,0,1,0,0,1,0,0,0,0,0,2,0,2,2,2,2,1,1,0,1,0,0,0,0,1,0,0,0,1,1,1,2,2,1,2,1,1,0,2,1,1,1,0,0,0,2,2,1,2,1,1,0,0,2,0,1,2,0,0,1,0,0,0,0,2,2,2,0,2,0,2,0,2,2,2,2,2,2,2,2,2,2,2,2,2,2,0
09/12/2011,1,0,1,0,1,1,2,1,1,2,1,2,1,1,1,0,1,1,1,1,1,0,0,2,0,0,2,2,2,1,1,0,1,1,0,0,1,1,1,0,0,1,1,1,2,2,1,1,1,1,1,2,0,1,1,1,1,1,2,2,1,1,1,1,0,1,1,1,2,2,1,1,1,1,1,1,1,1,2,1,1,0,0,1,1,1,1,1,1,1,1,1,1,1,0,0,1,1,0,1
09/13/2011,0,0,2,1,1,1,2,1,0,2,1,2,1,1,1,0,1,1,1,1,1,0,0,2,0,0,1,1,0,1,2,1,1,1,0,0,1,0,0,0,0,2,1,1,2,2,1,2,1,1,1,2,0,1,1,2,1,2,1,1,1,0,1,2,0,1,1,0,2,2,0,1,0,1,1,0,0,1,2,2,0,1,2,1,0,2,2,1,2,1,2,2,2,1,1,0,0,2,2,2
09/14/2011,0,0,2,1,0,1,2,0,1,1,1,1,1,1,1,1,1,2,1,0,1,1,0,2,2,0,1,0,1,1,1,1,1,1,1,0,1,0,0,1,0,1,1,1,2,2,1,2,1,1,1,1,0,1,0,2,1,0,1,2,1,1,1,2,1,1,1,1,1,2,1,1,0,1,1,1,2,0,1,0,0,1,1,1,1,1,1,1,1,1,1,1,1,1,1,1,1,1,0,0
09/15/2011,2,0,2,1,0,1,1,1,1,1,1,1,2,1,1,2,1,2,1,0,1,1,0,2,0,0,1,1,2,1,2,0,1,1,1,1,1,0,0,1,0,1,1,1,2,2,1,2,2,0,1,1,0,1,0,1,1,1,1,2,1,0,2,2,0,0,0,2,1,1,1,1,0,1,1,2,0,1,1,1,1,1,1,1,1,1,1,1,2,1,1,1,1,1,1,1,1,1,1,1
09/16/2011,1,1,0,1,0,1,2,1,1,1,0,2,1,1,1,1,1,2,1,0,0,1,0,2,0,0,1,1,1,1,2,1,1,2,1,1,1,0,0,1,1,2,0,0,1,2,0,1,2,0,1,1,2,1,1,1,1,1,1,1,2,0,2,2,1,1,1,2,2,1,2,2,0,1,2,2,2,2,2,2,2,0,2,0,2,2,2,2,2,2,2,2,2,2,2,1,2,0,2,2
09/18/2011,1,0,0,1,1,1,1,1,0,1,1,1,2,1,0,1,2,2,1,0,1,1,2,2,1,0,1,1,1,1,0,1,1,2,1,1,1,1,1,1,0,2,1,1,1,0,0,1,0,1,1,1,2,1,1,1,1,2,1,1,2,2,2,1,1,0,1,2,2,1,2,1,1,0,2,2,0,0,1,2,1,1,1,1,2,0,1,0,1,2,1,1,2,2,2,1,2,1,1,2
09/19/2011,1,0,0,1,1,1,1,2,1,1,0,1,0,1,1,1,1,0,1,2,1,1,1,0,1,2,1,0,1,1,2,0,1,1,1,0,0,1,1,1,1,2,1,1,1,2,1,1,2,1,1,1,2,1,1,2,1,1,1,0,2,2,1,1,1,2,1,1,2,0,0,0,1,1,2,2,2,2,0,2,2,0,2,2,2,0,1,1,2,2,2,2,2,2,2,2,2,2,2,2
09/20/2011,1,1,1,1,2,2,0,2,1,1,0,1,0,1,0,1,1,1,1,2,1,1,2,1,1,1,2,0,1,2,2,0,0,0,1,1,2,1,2,1,1,2,1,1,1,0,0,1,0,2,1,1,0,1,1,2,1,2,0,1,0,1,1,1,1,0,1,0,2,0,1,1,1,1,2,2,1,2,0,2,2,0,2,2,2,0,1,2,2,2,2,0,1,2,2,0,2,0,1,2
09/21/2011,2,1,1,1,2,0,0,0,1,1,0,2,0,1,2,1,1,1,0,0,1,1,2,2,1,1,2,0,0,1,2,0,1,0,2,2,2,1,1,0,1,0,1,0,1,0,0,1,1,1,1,1,2,1,0,2,0,0,1,0,0,1,1,1,0,1,1,1,2,0,1,1,2,1,2,2,1,2,0,0,2,1,0,2,1,1,1,2,2,2,2,2,2,2,1,2,2,2,2,2
09/22/2011,1,1,0,2,1,0,0,2,1,0,0,1,1,2,2,1,1,0,0,2,1,0,2,1,1,1,1,1,0,1,2,1,2,1,2,0,2,1,1,2,1,2,1,0,1,1,0,1,1,2,0,1,2,2,0,1,1,2,1,0,0,2,1,1,0,1,1,0,1,0,1,1,1,1,1,1,1,1,1,1,2,1,0,1,1,1,1,1,2,1,1,0,2,1,1,2,2,2,2,2
09/23/2011,1,1,1,2,1,0,0,0,1,0,0,2,1,1,2,1,0,1,0,2,1,0,2,1,1,0,1,0,0,1,1,1,2,0,2,0,2,1,1,2,1,2,2,0,0,1,0,1,2,2,0,1,2,2,0,1,0,0,2,0,1,1,1,1,0,1,1,2,1,2,0,0,0,1,1,1,0,0,2,1,2,2,2,2,1,2,2,2,0,2,2,2,0,2,0,0,1,0,0,0
09/25/2011,1,1,1,0,1,0,0,1,1,0,0,2,1,0,1,0,0,1,0,1,1,0,1,0,1,2,1,0,0,0,1,2,2,0,2,0,2,1,0,1,1,2,1,0,2,1,2,1,0,1,0,1,2,2,1,1,0,0,2,1,1,1,0,0,0,2,1,2,1,2,0,0,2,0,2,2,1,2,2,2,0,2,0,2,2,2,2,2,2,2,2,0,2,2,2,0,0,2,2,2
09/26/2011,1,1,0,2,1,2,1,1,1,1,0,1,1,1,2,0,0,1,0,1,2,0,1,2,1,0,1,0,1,2,1,0,2,1,2,2,0,1,2,1,1,1,1,1,1,1,1,2,0,2,0,1,2,2,1,2,0,1,2,1,1,1,0,2,1,2,1,2,1,1,1,1,1,1,1,1,1,1,1,1,1,0,1,1,0,1,1,0,1,1,1,1,1,2,1,1,1,1,1,1
09/27/2011,0,2,0,1,0,1,0,1,1,1,0,2,0,1,0,0,0,1,1,1,1,0,1,2,1,0,1,2,1,2,1,2,2,0,1,2,1,0,1,1,0,1,0,1,0,1,1,1,1,2,1,1,1,2,1,1,1,1,1,1,1,1,0,2,1,2,0,1,1,2,0,1,2,0,2,2,0,1,1,1,1,1,1,1,2,2,2,2,1,1,0,1,1,0,1,1,2,0,1,2
09/28/2011,0,2,0,1,0,1,1,1,0,1,1,2,2,1,1,0,1,1,1,2,1,1,1,2,1,1,1,2,0,2,1,1,2,0,2,2,1,0,1,1,0,1,0,1,0,1,1,2,1,2,2,2,1,1,2,1,1,0,0,0,1,1,1,2,1,1,0,1,0,0,0,0,0,0,1,2,1,1,1,1,0,1,1,1,2,1,1,1,1,1,1,1,1,1,1,1,0,1,1,1
09/29/2011,0,2,1,1,0,1,1,1,1,1,0,1,2,2,1,0,1,1,0,2,1,1,0,2,0,2,0,2,1,2,1,1,0,2,2,2,1,0,1,1,0,1,0,1,1,1,1,2,1,2,1,2,1,1,2,1,1,0,1,1,1,1,1,2,1,1,1,1,0,1,1,1,1,2,1,1,1,1,1,1,1,1,1,1,2,1,1,1,1,1,1,1,1,1,1,0,1,1,1,1
09/30/2011,0,1,0,1,0,1,1,1,2,1,0,1,0,0,2,0,1,1,1,0,1,1,1,1,0,1,2,2,1,2,2,1,0,1,0,2,1,0,1,0,0,2,0,1,1,1,2,1,0,2,1,2,1,0,2,1,1,1,2,1,2,2,1,2,1,1,2,1,0,1,2,1,1,2,1,1,1,2,2,2,2,0,2,2,2,1,1,0,2,2,1,2,0,2,1,2,2,2,2,2
10/02/2011,2,2,0,1,0,2,1,1,2,1,2,1,1,2,2,1,1,0,2,0,1,1,0,1,0,1,1,2,1,2,2,2,0,1,1,2,1,0,0,0,0,2,1,1,1,0,2,0,0,1,1,2,1,1,2,2,1,1,2,0,2,2,1,1,1,0,1,1,0,1,1,1,1,1,2,1,0,2,2,1,1,0,2,2,2,2,1,0,1,0,2,0,0,0,2,0,1,2,2,2
10/03/2011,2,0,2,1,1,2,0,1,2,1,0,1,1,2,2,2,1,0,2,0,0,1,0,1,0,1,1,2,1,2,0,1,1,1,1,1,0,2,1,0,2,2,1,1,1,2,1,2,0,1,1,2,1,1,2,1,1,2,2,0,2,2,1,0,1,1,2,1,2,1,1,1,1,2,1,2,1,2,0,0,2,2,2,1,1,2,1,0,1,0,2,0,0,0,0,0,1,2,0,1
10/04/2011,2,0,2,2,1,2,1,1,2,0,0,2,1,2,0,1,2,0,2,0,1,1,0,1,0,2,2,2,2,1,0,0,1,2,1,1,0,0,0,0,2,2,1,0,1,2,0,1,0,1,1,2,0,1,1,1,0,0,2,0,2,2,1,1,0,1,2,0,1,1,1,0,1,1,2,1,1,1,1,1,1,1,1,1,1,1,1,1,1,0,1,1,1,2,1,1,1,1,1,1
10/05/2011,2,1,2,2,1,2,2,0,2,1,1,1,2,1,0,1,2,0,0,0,0,0,0,2,2,2,2,2,1,1,0,0,1,0,1,1,0,2,0,1,2,0,1,0,0,2,0,2,0,1,0,0,0,0,0,1,0,0,2,0,2,2,0,0,0,1,2,0,1,0,2,2,1,1,0,2,1,1,0,1,2,1,1,1,0,1,1,1,1,1,2,2,2,1,2,1,2,1,1,2
10/06/2011,1,1,1,1,1,2,1,0,2,1,0,0,1,2,0,1,2,2,0,1,0,0,1,1,0,2,1,2,1,1,1,0,0,0,1,1,2,0,0,0,1,2,0,0,0,2,0,1,0,1,0,0,0,0,2,1,0,0,1,1,0,2,2,0,0,0,2,1,2,1,2,2,2,1,1,2,2,1,1,1,1,1,1,1,1,1,1,1,1,1,1,1,1,1,0,1,1,1,1,1
10/07/2011,2,1,2,2,1,2,2,0,1,1,1,0,1,2,0,1,2,0,0,2,0,0,1,1,1,0,2,2,1,0,1,0,1,0,1,1,2,1,1,2,1,1,0,1,0,2,0,1,1,1,0,0,0,1,2,0,1,0,1,1,0,2,1,0,0,1,2,0,0,0,0,2,0,1,1,1,1,1,2,1,1,1,1,1,1,1,1,1,1,1,0,1,1,1,1,1,1,1,1,0
10/09/2011,1,1,2,1,0,2,0,1,1,1,1,0,0,0,0,1,2,1,0,0,1,2,1,1,2,0,1,2,1,0,0,1,1,0,1,1,2,1,0,2,1,0,1,1,0,2,1,1,0,2,0,0,2,0,2,2,1,2,1,1,1,0,1,1,1,0,2,1,2,2,0,1,2,0,0,1,2,0,0,2,0,0,2,2,0,1,2,2,1,2,2,1,2,0,1,2,2,0,2,2
10/10/2011,1,1,2,0,0,1,1,2,1,2,1,1,0,1,0,1,2,1,1,1,1,1,1,2,1,1,1,2,0,0,1,0,0,1,2,1,1,2,0,2,2,0,2,1,2,0,1,0,2,1,2,1,2,0,2,0,1,0,1,1,1,0,1,0,1,0,1,1,1,2,1,1,0,0,1,1,1,2,0,1,0,0,2,0,0,1,1,1,1,1,1,1,1,1,1,1,0,1,0,1
10/11/2011,1,1,2,0,0,2,2,1,1,1,1,1,1,1,0,2,0,2,1,1,1,2,1,1,1,1,0,2,1,2,2,0,2,1,2,1,1,2,1,1,1,2,0,1,2,1,1,1,2,2,1,1,2,0,0,2,1,1,1,1,2,0,2,0,1,1,2,1,0,2,0,1,2,0,0,1,2,2,2,1,0,1,0,2,0,2,2,2,2,2,2,2,1,0,2,2,0,0,0,0
10/12/2011,1,2,2,0,1,2,1,1,1,1,2,1,0,1,0,2,0,1,1,1,1,1,0,1,1,1,0,1,1,1,2,0,0,1,2,1,2,1,1,1,1,0,2,0,2,1,1,0,2,2,1,1,2,1,2,2,2,1,1,1,1,2,1,1,1,1,1,1,1,2,1,1,1,0,1,1,1,1,2,1,1,1,1,1,1,1,0,1,1,2,1,1,1,1,1,1,1,1,1,1
10/13/2011,0,1,2,0,1,2,1,1,1,0,2,2,0,2,0,2,1,1,2,1,1,1,1,1,1,2,0,1,1,1,2,0,0,1,2,1,0,0,1,1,1,0,2,1,0,1,1,2,1,0,1,1,2,2,1,1,2,1,1,1,1,1,1,1,1,1,2,1,0,2,1,0,1,2,2,2,2,2,2,0,0,1,2,2,2,2,0,2,2,0,0,0,1,0,2,2,1,0,0,1
10/14/2011,2,2,2,0,1,1,1,0,0,0,2,1,0,0,1,2,2,2,2,1,0,1,1,1,1,1,1,1,1,1,2,1,1,2,2,2,1,0,1,0,1,0,1,0,1,1,0,1,1,2,1,1,1,1,1,1,2,1,1,1,1,1,1,1,2,1,0,1,1,2,0,0,1,2,1,0,2,2,2,0,2,2,2,2,2,2,0,2,2,2,0,0,2,2,0,2,1,2,0,0
10/16/2011,0,2,0,2,2,2,1,0,0,2,2,2,1,2,1,1,1,0,1,1,0,0,0,0,2,1,0,1,2,1,2,2,1,1,2,2,1,0,1,0,1,1,1,1,1,1,0,1,1,2,0,0,2,0,1,1,2,1,1,0,1,2,2,1,2,1,0,0,0,1,0,0,0,2,1,0,2,1,1,0,2,1,1,0,2,2,1,0,2,1,0,1,0,2,0,0,2,2,1,2
10/17/2011,2,2,0,2,1,2,1,0,0,2,0,2,1,0,1,1,0,0,1,0,0,0,2,0,1,2,2,1,0,1,1,2,1,1,2,2,0,0,1,2,2,1,2,1,1,2,0,1,1,2,0,2,2,1,1,1,2,1,1,0,0,1,2,0,2,0,0,0,0,0,1,2,0,2,0,0,1,0,2,2,2,2,1,1,0,2,2,2,2,2,0,2,2,2,2,2,2,2,2,2
10/18/2011,2,2,1,0,1,0,1,1,2,2,0,2,1,2,1,2,2,1,2,0,1,0,0,0,1,2,1,1,0,1,1,2,1,1,2,2,0,0,1,2,0,1,1,1,1,0,0,1,1,1,0,2,2,0,1,2,2,1,0,0,0,0,2,0,1,0,1,0,0,1,1,2,0,1,1,1,1,1,1,2,2,2,1,0,1,1,0,1,1,1,1,1,0,1,1,1,1,1,1,1
10/19/2011,2,2,1,0,2,1,1,1,2,2,1,2,1,0,0,2,2,1,2,0,1,1,0,0,0,2,1,1,2,1,1,2,1,0,0,2,0,1,0,2,2,1,1,0,1,0,1,2,1,1,0,0,1,0,0,0,1,1,0,0,1,1,0,0,1,0,2,0,2,1,0,2,0,2,0,0,2,2,1,2,2,2,0,0,2,0,2,1,2,2,0,2,2,0,1,0,1,1,2,1
10/20/2011,1,0,1,0,0,0,0,1,2,0,1,2,0,0,0,2,1,1,1,0,1,0,1,0,0,2,1,1,0,0,1,2,1,0,2,2,1,1,0,2,1,0,0,0,0,0,0,1,1,1,0,2,0,1,0,0,2,1,0,0,0,1,2,0,0,2,2,0,1,1,0,1,1,0,0,0,2,2,1,1,1,2,1,0,1,0,2,1,0,2,0,2,2,2,2,2,1,0,2,1
10/21/2011,1,2,1,0,2,0,1,2,1,2,1,2,0,1,0,2,1,1,0,2,2,0,1,0,0,2,1,1,0,0,1,0,1,0,2,1,2,1,0,1,1,1,0,0,0,0,0,0,1,1,0,2,0,1,0,2,0,1,0,0,1,1,1,0,1,2,2,0,1,1,0,1,1,0,1,2,2,0,1,1,1,0,1,0,1,0,2,1,0,2,2,2,1,1,1,1,1,1,0,1
10/23/2011,1,2,1,0,2,2,1,1,2,2,1,1,0,0,1,2,0,1,0,0,0,2,1,1,2,2,1,0,1,1,0,1,0,0,2,1,0,1,0,1,1,2,0,0,0,2,0,0,1,1,0,2,0,1,0,0,2,2,0,2,1,2,1,2,1,2,1,0,1,1,1,1,2,0,0,2,1,2,1,1,1,1,2,2,2,2,2,2,0,2,2,2,2,2,0,0,0,2,0,0
10/24/2011,1,1,2,0,2,1,1,1,1,2,2,2,0,1,1,0,1,1,2,1,0,0,1,1,2,1,0,1,2,1,0,1,0,0,2,1,1,1,1,1,1,0,0,2,0,1,0,0,1,0,1,2,0,1,0,2,0,0,0,2,1,2,1,2,1,2,1,0,0,1,1,1,1,0,0,1,1,2,1,1,1,2,1,1,1,1,1,1,1,1,1,1,1,1,2,1,1,1,2,1
10/25/2011,1,1,1,1,0,1,1,2,1,2,2,0,0,2,1,1,0,2,0,1,1,1,1,1,2,1,0,0,1,1,0,1,0,0,2,1,2,1,2,1,0,0,0,1,1,0,1,0,1,0,0,2,1,1,1,2,0,1,2,1,1,0,1,2,1,2,1,0,0,0,1,1,1,0,0,2,2,2,2,0,0,1,1,0,2,1,1,2,1,0,1,0,1,2,2,0,1,1,0,0
10/26/2011,0,0,1,1,0,1,1,2,1,0,2,0,0,2,1,2,1,1,2,1,1,2,1,1,2,1,0,0,1,1,0,1,0,1,1,0,1,2,1,1,0,0,0,1,2,1,1,1,1,0,0,1,1,0,1,2,0,1,1,1,1,0,1,2,1,0,1,1,1,0,1,0,1,0,1,1,1,1,2,0,1,1,1,0,1,1,2,1,1,1,1,1,1,1,1,1,0,1,1,1
10/27/2011,2,0,1,1,1,1,1,0,1,0,1,2,2,1,1,0,1,1,0,1,0,2,0,2,2,1,0,0,1,2,1,1,2,1,1,2,1,0,1,1,2,2,0,2,2,1,1,2,0,0,1,1,1,2,1,2,0,1,1,2,0,1,0,2,1,0,0,1,1,0,0,1,0,0,2,2,2,2,2,0,0,2,2,2,2,2,2,1,2,0,2,2,2,2,2,0,1,0,2,0
10/28/2011,2,2,0,1,1,0,2,0,1,1,1,1,1,1,1,0,2,2,1,2,0,1,0,0,2,1,1,0,1,2,1,1,0,0,2,0,1,2,1,0,2,2,2,1,1,1,1,2,0,0,1,1,1,2,0,2,1,1,0,2,0,0,1,2,2,0,0,1,1,1,0,0,0,0,1,1,1,1,1,1,1,2,2,1,0,1,0,1,1,1,2,0,1,1,1,0,2,2,1,1
10/30/2011,2,2,1,1,1,0,2,0,1,1,1,1,1,1,1,0,2,1,0,2,0,1,0,0,2,2,1,2,1,2,1,1,1,1,0,0,1,1,1,0,2,2,2,2,0,1,1,1,0,0,2,1,1,2,1,2,1,0,0,2,0,1,0,0,2,0,0,1,1,0,0,0,0,2,1,1,2,2,1,1,1,2,1,1,1,1,0,1,2,1,1,0,1,1,1,1,0,0,1,1
10/31/2011,1,2,0,2,1,0,2,1,1,1,0,1,1,1,1,1,2,1,1,0,0,1,1,0,0,0,0,1,1,2,1,1,1,1,2,0,2,2,1,0,2,0,1,0,2,1,1,0,2,0,0,0,0,0,1,2,1,0,0,1,0,1,0,0,2,0,0,1,1,1,0,0,0,2,1,0,2,1,1,1,2,0,0,0,0,0,2,2,2,0,1,0,2,2,2,2,0,2,2,1
11/01/2011,2,2,0,2,1,1,2,1,1,1,0,1,1,2,0,1,2,1,1,0,2,1,0,0,1,0,1,2,1,2,0,0,1,1,2,1,2,2,1,0,1,1,1,1,1,1,0,1,1,1,1,0,2,1,1,2,1,0,2,1,0,1,0,1,1,0,0,0,1,1,1,0,0,0,1,2,1,1,1,0,1,0,1,2,1,1,1,1,2,1,1,1,2,1,1,1,1,2,1,1
11/02/2011,2,1,1,2,1,0,2,1,1,2,0,1,1,0,1,2,2,0,1,0,1,1,0,0,1,0,1,2,1,2,2,0,1,0,2,0,2,0,0,2,2,1,1,1,1,1,0,1,1,2,1,2,0,2,2,2,1,2,2,1,0,1,0,1,0,0,1,0,1,0,1,0,0,1,2,0,2,2,0,2,2,0,2,0,2,0,2,2,2,2,0,0,2,2,2,2,2,0,2,2
11/03/2011,1,1,1,2,2,1,2,1,0,1,2,1,2,1,0,1,2,1,1,0,1,0,1,0,0,0,1,0,1,2,2,0,1,0,2,1,2,0,0,1,1,2,1,0,0,1,1,1,1,2,1,0,1,1,1,2,1,0,2,0,0,1,2,0,0,1,1,0,1,1,1,1,1,1,2,1,2,1,1,1,1,0,1,1,1,1,1,1,1,0,2,1,1,1,1,1,1,1,1,1
11/04/2011,1,2,1,1,2,1,2,1,0,1,2,1,0,1,2,1,0,1,1,1,1,0,1,1,1,1,0,2,0,0,1,1,1,0,1,1,2,0,1,2,1,1,1,2,1,1,0,1,1,1,0,0,2,0,1,1,1,0,2,1,0,1,1,1,0,0,0,0,0,2,0,0,1,2,2,0,2,2,0,2,1,1,1,0,1,0,1,2,1,1,0,2,2,0,1,2,2,1,2,0
11/06/2011,1,2,0,2,0,1,2,0,1,2,2,2,0,1,1,0,0,1,0,1,2,0,2,1,0,1,1,0,1,1,1,1,0,1,1,0,2,1,1,1,1,0,1,0,1,1,0,0,0,2,0,1,2,0,1,0,1,1,1,1,0,1,1,1,1,2,0,1,0,2,0,1,1,0,2,1,1,1,1,1,1,1,1,1,1,1,1,1,1,1,1,1,1,1,1,1,1,1,1,2
11/07/2011,1,2,1,2,0,1,2,0,1,1,1,2,0,1,1,0,0,1,1,1,1,0,1,1,0,1,1,1,1,1,1,1,2,1,1,2,1,1,1,1,1,0,1,0,1,2,1,0,0,1,0,1,2,1,1,0,1,1,1,1,0,0,1,1,1,1,1,0,1,1,0,1,1,0,1,1,1,1,1,0,1,1,1,1,1,1,1,1,1,1,1,1,1,1,1,1,1,1,2,1
11/08/2011,2,2,1,1,1,1,1,0,1,1,1,2,1,0,1,0,0,1,0,0,2,0,1,2,1,2,0,1,1,1,1,1,2,1,1,0,1,0,1,1,1,0,2,0,1,1,1,0,1,2,2,1,1,1,2,0,1,1,1,1,1,0,1,1,1,1,0,1,1,2,0,0,2,0,1,2,2,2,2,0,2,0,0,2,0,2,2,1,2,2,2,2,2,2,2,2,2,0,2,2
11/09/2011,0,2,1,1,2,2,0,0,1,1,0,2,1,0,1,0,0,0,1,1,1,1,1,1,0,1,0,1,1,1,1,1,2,1,1,0,1,0,2,1,1,0,0,0,1,2,1,0,1,1,2,1,1,1,2,0,0,0,1,0,1,0,0,0,1,0,1,1,1,2,0,2,1,0,1,1,1,1,2,2,2,2,1,2,2,2,1,0,2,1,2,1,2,2,0,0,1,2,2,0
11/10/2011,2,2,2,2,2,2,1,0,1,1,2,2,2,0,1,0,0,1,0,1,0,1,1,2,0,1,0,2,0,1,1,1,0,1,1,0,1,1,2,0,2,0,2,2,1,0,1,0,1,0,2,1,1,1,2,1,0,2,1,0,1,0,0,0,1,2,1,0,1,1,1,1,1,1,1,1,1,0,1,1,0,1,0,1,1,1,1,1,1,2,1,1,1,1,1,1,2,0,1,1
11/11/2011,2,0,2,1,1,2,0,1,1,1,0,0,1,0,1,0,0,1,1,1,0,2,1,2,1,1,2,1,1,1,0,2,0,0,0,1,1,0,2,0,0,1,2,2,0,0,2,0,1,1,0,1,1,1,0,1,0,1,1,0,1,1,0,0,1,2,1,1,1,1,1,1,2,1,1,0,2,2,0,2,2,0,0,2,0,2,2,2,0,2,2,2,2,2,2,2,2,0,0,0
11/13/2011,2,0,2,1,1,2,0,1,2,2,0,2,1,1,2,1,0,0,1,1,0,2,0,2,1,0,0,1,1,1,0,2,1,0,1,0,1,0,2,0,2,1,2,2,0,0,1,2,0,0,1,1,1,2,2,1,0,1,2,0,1,0,0,0,1,0,1,0,1,1,0,0,2,1,0,0,2,2,1,2,0,0,2,2,2,1,1,2,0,2,2,2,1,2,2,2,2,2,2,2
11/14/2011,1,1,2,1,2,2,2,1,2,2,0,0,1,1,1,1,1,1,1,1,2,2,0,2,1,0,2,1,0,0,0,0,1,2,1,1,1,2,2,0,2,1,1,2,0,0,1,1,1,0,1,1,1,2,1,1,2,0,0,0,1,1,0,2,1,1,1,1,1,1,2,0,2,2,1,0,2,2,1,2,1,0,2,2,2,1,0,2,1,2,2,2,2,0,1,0,0,2,0,0
11/15/2011,1,1,2,1,1,0,1,2,0,2,0,2,0,1,1,1,1,1,2,1,1,0,0,2,1,2,2,1,1,0,0,0,1,0,1,1,1,1,0,1,2,1,1,2,0,0,1,1,0,0,1,0,1,2,1,0,2,1,0,1,2,1,1,0,1,1,1,0,2,1,1,1,1,2,1,1,1,1,1,0,2,1,2,1,2,1,1,1,1,2,1,2,2,1,1,0,2,0,1,1
11/16/2011,1,1,2,1,2,1,1,0,0,2,2,2,2,1,1,0,1,1,2,1,1,2,2,0,1,2,2,1,0,0,1,0,1,0,1,1,0,1,0,1,1,0,1,1,0,0,1,2,0,1,0,0,0,2,1,0,1,1,1,1,2,1,1,2,1,1,2,0,0,1,0,0,1,0,0,1,2,1,1,2,2,1,2,2,2,2,2,2,2,2,2,2,2,2,0,1,2,2,0,0
11/17/2011,1,1,1,1,1,1,1,1,0,2,1,2,2,1,1,0,1,2,2,0,1,2,0,2,0,0,2,0,0,0,1,0,1,2,1,1,0,1,1,2,2,0,1,0,1,1,1,2,2,1,1,0,0,2,2,0,2,1,2,1,2,1,1,2,1,1,2,0,0,2,0,0,0,2,0,1,2,1,0,2,2,0,2,1,1,0,1,2,2,1,2,2,2,2,0,2,2,1,0,1
11/18/2011,1,1,1,1,2,1,1,1,1,1,1,0,1,0,1,0,1,2,2,2,2,0,0,1,0,2,2,1,0,2,1,2,1,1,0,1,0,1,1,2,2,0,1,1,0,1,0,2,2,1,1,0,2,2,0,2,2,1,2,0,1,0,1,2,2,1,0,1,1,0,1,1,0,1,1,1,2,0,0,1,0,1,0,1,1,0,2,0,2,1,2,1,2,1,2,2,1,2,2,2
11/20/2011,1,2,1,2,2,1,1,1,1,1,1,0,1,0,0,0,0,1,2,0,2,0,0,1,0,2,2,2,1,0,1,1,1,0,0,1,1,1,1,2,0,0,1,1,0,1,0,0,2,1,0,2,2,2,0,0,2,1,1,1,1,0,1,2,2,1,0,0,0,0,0,1,0,1,2,2,2,2,0,2,0,0,2,2,2,0,2,0,2,2,0,2,0,1,2,1,0,0,0,2
11/21/2011,1,1,1,0,2,2,2,2,0,1,1,0,1,0,2,2,1,0,2,0,2,0,0,1,0,2,2,2,1,0,1,1,1,1,0,0,1,0,1,1,2,0,0,1,0,1,0,0,2,1,1,0,2,1,0,0,2,1,2,1,1,0,0,2,2,1,0,1,1,0,2,2,2,1,2,2,2,2,0,2,0,0,2,2,0,2,2,2,1,2,2,2,2,2,2,2,2,2,2,2
11/22/2011,1,2,0,2,0,1,2,1,1,0,1,0,1,0,2,0,1,1,1,0,0,2,1,1,0,1,2,2,1,2,1,1,1,1,0,0,1,0,1,1,1,0,0,0,1,1,0,0,1,1,0,0,2,1,0,1,2,1,2,1,1,0,0,2,2,2,1,1,1,2,1,2,0,1,2,2,2,1,0,0,2,2,1,2,2,1,2,2,2,0,2,2,1,2,2,2,2,2,2,1
11/23/2011,1,2,1,2,2,2,2,1,1,0,1,0,1,0,0,0,0,1,2,0,0,0,1,0,0,1,2,2,1,2,0,1,2,1,0,0,1,0,1,1,1,0,1,0,1,0,0,1,1,2,0,0,1,1,1,1,2,1,2,2,2,0,1,0,0,2,2,1,1,1,0,2,2,0,1,0,2,2,1,2,2,2,1,2,2,0,2,0,2,0,0,2,2,2,2,2,2,2,2,2
11/24/2011,1,2,2,1,2,1,0,1,1,0,1,1,1,1,0,1,1,1,0,0,0,1,1,0,2,2,2,0,1,1,0,1,2,0,1,0,1,0,0,1,1,1,1,2,1,0,1,1,2,2,2,1,1,1,0,1,1,1,2,1,2,0,0,1,0,2,1,1,2,1,1,2,1,0,0,2,1,1,2,2,1,2,2,2,1,0,2,1,0,1,1,1,1,0,2,0,1,1,0,0
11/25/2011,2,2,1,2,0,0,0,1,1,0,1,1,1,1,1,1,1,1,0,1,1,1,2,2,0,2,1,2,1,1,0,1,1,1,1,1,1,2,1,1,1,1,1,2,1,1,1,1,0,2,2,1,1,1,0,1,1,1,2,1,2,1,0,1,0,1,1,1,2,1,1,2,1,0,1,1,1,0,1,1,1,1,1,1,1,1,1,1,0,1,1,1,1,1,1,0,1,1,1,1
11/27/2011,0,2,1,2,0,0,0,1,0,1,2,1,1,1,1,1,0,2,0,1,1,0,1,1,1,2,1,2,0,1,0,1,1,1,1,1,1,1,1,1,1,1,1,2,1,2,0,1,0,2,2,0,2,1,2,1,0,0,1,1,2,0,2,1,0,2,0,0,2,1,1,1,0,0,1,2,1,1,1,0,1,1,1,1,1,2,2,1,0,0,1,1,1,1,1,1,1,1,1,1
11/28/2011,0,2,1,2,0,2,1,1,1,1,2,1,1,1,1,1,0,1,0,2,1,0,1,1,1,1,1,2,2,1,1,1,0,1,1,1,1,1,1,1,0,2,1,1,1,1,2,0,0,2,2,0,1,2,2,1,0,0,1,1,2,1,1,1,1,2,0,1,1,1,2,1,2,2,1,1,0,1,1,1,2,1,1,1,1,1,1,1,1,1,1,1,2,2,2,1,1,1,1,2
11/29/2011,0,2,1,1,0,0,1,1,0,1,2,1,1,1,1,0,2,2,0,2,1,2,1,1,1,1,1,2,2,1,1,1,0,2,1,1,1,1,1,0,1,1,1,1,0,1,1,0,0,2,2,2,0,0,2,2,1,2,1,1,2,1,1,0,1,1,0,1,0,1,1,1,0,1,1,1,1,1,0,1,1,2,1,1,0,1,2,2,1,1,1,1,2,1,0,2,0,1,1,1
11/30/2011,1,2,1,0,0,0,1,1,0,2,1,0,1,1,1,0,2,0,1,2,1,0,0,1,1,1,2,1,2,1,1,0,1,1,2,1,1,1,1,0,2,1,2,1,0,2,1,0,0,0,1,0,0,2,2,0,0,1,1,1,2,1,0,0,1,1,0,1,2,1,1,0,1,1,1,1,2,1,1,1,1,2,2,1,1,1,1,1,1,1,1,1,1,1,1,1,1,1,1,1
12/01/2011,1,2,2,0,0,0,1,1,1,2,2,0,1,1,1,0,1,0,1,2,0,2,0,1,2,1,1,1,2,2,1,0,1,1,2,1,1,1,1,0,1,1,1,1,0,2,1,2,0,1,0,0,0,2,1,0,1,1,1,1,1,1,1,0,1,0,1,1,2,1,2,0,0,2,0,0,2,2,2,2,2,2,0,2,2,2,2,2,0,2,2,1,2,2,2,2,2,2,0,2
12/02/2011,1,1,0,1,1,1,1,1,1,2,2,0,1,2,1,0,1,0,1,2,0,2,0,0,2,0,0,1,2,2,1,0,1,1,2,1,0,1,1,0,1,1,0,1,2,0,0,0,1,1,0,0,0,2,2,0,1,1,1,1,1,1,1,0,1,0,2,1,2,1,1,0,1,2,2,2,2,2,1,2,1,1,1,2,2,2,0,2,1,1,2,0,1,2,2,2,0,2,2,2
12/04/2011,1,1,0,1,1,1,0,1,1,2,2,0,1,2,0,0,1,0,0,2,0,2,0,1,2,1,0,1,2,2,1,0,1,1,2,2,0,1,1,0,1,2,0,1,2,0,0,2,1,1,0,1,0,0,1,0,1,1,1,0,1,1,1,1,1,0,1,0,2,1,1,0,1,2,1,2,2,1,1,2,1,1,1,0,0,0,2,2,1,1,1,1,1,0,1,1,1,2,0,1
12/05/2011,1,1,0,2,1,1,0,1,1,1,2,1,1,2,2,0,2,0,1,0,0,1,1,1,2,1,1,1,2,2,1,0,2,2,0,2,0,1,1,1,0,2,0,0,2,2,0,1,1,1,2,2,0,2,2,0,1,1,0,1,0,1,0,1,1,1,1,0,1,1,0,0,1,2,2,2,1,1,1,2,1,2,0,0,1,2,0,1,2,2,2,0,2,2,0,2,1,2,2,2
12/06/2011,1,1,0,1,1,1,0,2,1,1,1,2,0,2,0,0,1,1,0,1,0,1,1,1,0,1,1,1,2,0,0,0,2,1,0,2,0,1,0,2,1,2,0,0,1,2,0,1,1,1,0,1,1,1,2,1,1,2,0,0,0,0,1,2,1,1,1,2,2,0,0,2,1,2,1,2,1,0,1,1,2,2,0,0,2,2,0,2,2,1,2,0,2,2,0,0,0,0,1,1
12/07/2011,2,1,0,1,1,1,0,1,1,1,1,1,0,2,1,0,2,1,0,1,2,1,0,0,0,1,2,1,1,0,2,1,2,0,1,2,0,1,1,1,0,2,0,0,1,2,0,0,1,0,1,2,2,1,1,0,1,1,2,1,1,1,1,1,0,1,2,2,2,0,0,2,0,2,1,2,0,0,0,1,2,2,2,1,1,2,0,2,2,2,2,2,2,0,0,0,2,2,1,1
12/08/2011,2,0,0,1,2,1,2,2,1,2,1,1,0,2,1,1,2,1,0,1,2,1,0,1,0,1,2,2,1,0,2,1,1,0,2,2,0,1,0,2,0,0,1,0,1,2,0,0,1,0,1,1,1,1,1,1,1,1,2,1,0,2,1,2,0,1,1,2,2,0,0,2,0,0,1,2,1,2,2,1,2,0,2,1,2,2,1,2,2,2,2,2,2,0,2,2,2,2,2,2
12/09/2011,1,0,0,1,2,2,0,2,1,0,1,1,0,2,1,1,2,1,0,1,2,1,0,1,1,0,1,2,1,1,2,0,2,0,1,2,1,1,1,2,0,0,1,2,1,2,2,0,1,1,2,1,1,1,1,1,1,0,2,1,2,2,0,1,0,1,0,2,0,1,0,1,0,0,2,1,2,2,2,1,2,2,2,0,1,0,0,2,2,2,2,2,2,2,2,2,2,2,2,2
12/11/2011,1,0,2,1,2,2,0,2,0,1,1,1,1,0,1,1,2,1,1,1,2,1,0,1,0,0,1,2,1,1,2,1,1,0,2,2,1,1,2,2,0,0,0,0,1,2,0,0,1,0,2,1,1,1,1,1,1,1,1,0,0,0,0,0,0,1,0,1,0,1,0,1,0,0,2,2,0,2,2,0,2,1,2,2,0,2,2,2,2,2,2,2,2,0,2,2,2,2,2,2
12/12/2011,1,0,2,1,2,2,2,1,0,1,1,1,2,0,1,2,2,1,2,0,2,0,0,1,1,0,1,1,1,1,2,1,1,2,1,1,1,0,2,2,0,0,1,1,1,1,1,0,2,0,2,1,1,1,1,0,1,0,1,0,0,1,2,0,2,0,0,1,0,1,1,2,2,1,2,0,2,1,2,0,2,2,2,2,2,2,2,2,2,2,0,2,0,2,2,2,2,2,2,2
12/13/2011,2,2,2,1,2,0,1,1,0,1,1,1,0,1,0,2,0,1,1,2,1,0,2,1,0,1,0,1,1,1,2,1,1,2,1,1,1,0,1,2,2,0,1,1,0,1,1,2,2,2,0,1,0,0,0,0,1,1,1,0,0,1,2,0,2,0,0,1,0,1,0,0,1,1,0,1,1,2,2,0,1,2,1,1,2,2,1,1,1,2,2,2,1,2,0,0,0,1,0,0
12/14/2011,1,2,2,0,2,2,1,1,0,1,1,1,1,1,1,0,1,1,1,1,2,0,2,1,0,0,0,1,0,2,1,0,1,2,2,1,2,0,1,1,1,0,1,2,0,1,1,2,2,1,2,1,1,0,0,1,2,1,1,2,2,1,2,0,2,0,1,0,1,1,0,0,1,1,2,0,1,2,2,0,0,2,2,1,2,2,1,0,0,2,2,1,1,2,1,0,1,1,0,1
12/15/2011,1,2,1,0,1,1,0,2,1,1,1,0,1,0,2,0,0,0,2,0,1,0,2,1,0,0,2,1,0,1,0,0,0,1,0,1,2,1,1,1,1,1,2,2,1,1,2,2,2,1,2,0,1,0,0,2,0,2,2,2,0,2,2,0,2,2,1,0,1,2,2,0,1,1,1,1,1,1,0,1,1,1,1,1,1,1,1,1,1,1,0,1,1,1,1,1,1,1,1,1
12/16/2011,1,2,1,0,1,1,1,1,1,1,2,0,1,1,2,1,1,2,0,0,0,2,2,2,2,0,1,1,1,1,1,2,1,2,0,1,1,0,2,1,0,1,2,2,0,1,1,2,2,1,2,0,2,0,0,2,0,2,2,0,1,1,2,1,0,2,0,0,1,2,0,0,2,0,1,1,1,1,0,2,1,2,0,1,1,1,2,0,2,0,2,0,0,0,2,2,0,2,2,1
12/18/2011,1,0,0,0,1,2,1,2,2,1,0,2,1,1,2,1,0,2,0,0,0,2,0,2,1,0,2,1,1,1,1,1,1,2,2,1,1,0,0,1,1,0,1,2,0,1,1,2,2,1,2,0,2,1,2,2,0,2,2,2,1,1,2,1,0,1,1,0,1,2,2,0,2,0,0,1,0,0,1,1,1,1,1,2,1,2,2,1,1,1,1,1,1,1,1,1,1,1,1,1
12/19/2011,0,0,0,2,1,1,1,2,1,1,1,0,1,2,2,1,1,2,2,1,0,2,2,2,1,0,2,0,1,2,1,2,0,2,2,0,1,0,0,1,1,2,1,1,1,0,1,1,1,2,1,0,2,1,2,0,2,2,2,2,1,1,2,1,0,1,1,0,1,0,1,1,2,0,1,1,1,1,1,2,1,2,1,1,1,1,2,1,1,0,1,1,1,1,1,2,2,0,2,1
12/20/2011,0,1,0,1,1,1,1,2,1,1,0,0,1,1,0,1,1,2,1,1,2,2,1,2,2,1,2,1,1,2,1,2,1,2,2,0,1,1,0,1,1,1,1,1,1,2,1,1,1,2,1,0,2,2,2,2,1,2,0,2,1,1,1,1,0,1,1,1,1,2,1,1,2,1,2,1,0,1,1,2,1,0,1,1,1,1,1,2,1,1,2,1,1,1,1,1,1,2,1,1
12/21/2011,1,1,1,1,1,1,1,2,1,1,0,0,2,1,1,0,1,1,1,1,2,2,0,1,2,1,1,1,1,2,0,1,0,2,1,0,1,1,0,1,0,2,1,1,1,2,0,1,0,2,1,0,1,2,1,2,0,0,1,2,2,2,1,1,0,2,0,0,2,2,1,0,0,2,1,2,0,2,1,2,2,0,2,0,2,0,0,1,1,1,2,2,2,0,1,2,0,2,2,2
12/22/2011,1,0,1,1,1,1,0,2,1,1,0,2,2,2,2,0,0,1,1,1,2,2,1,0,2,1,1,1,1,0,0,1,2,0,1,0,1,0,2,2,2,0,1,0,1,2,1,1,1,1,2,0,1,2,1,2,1,2,1,2,2,0,1,1,1,2,0,1,0,2,1,1,1,1,0,1,1,1,1,1,1,1,1,1,1,2,1,1,1,1,1,1,1,1,0,1,2,0,2,1
12/23/2011,2,1,1,2,2,1,2,1,1,0,2,1,0,0,1,0,0,1,1,1,2,2,0,1,0,1,1,1,1,0,0,1,2,0,0,0,1,1,2,0,2,0,1,1,1,2,1,0,1,1,1,1,0,2,1,0,1,1,1,0,0,1,0,2,1,1,2,1,2,2,2,0,1,0,0,1,1,2,2,0,0,0,2,2,2,0,1,0,1,2,2,1,1,2,1,0,1,1,1,0
12/27/2011,2,1,1,1,1,1,1,1,0,1,1,2,0,0,1,1,0,0,0,1,1,2,0,1,1,1,1,1,1,0,0,0,2,1,1,2,1,1,1,0,2,0,1,1,1,2,1,2,0,1,1,1,2,0,1,1,1,2,1,0,0,0,0,0,1,0,1,1,2,2,0,2,1,0,2,1,1,2,2,2,2,0,2,2,2,2,1,1,2,2,1,1,1,2,2,1,2,0,0,0
12/28/2011,1,0,1,0,0,2,1,1,1,1,1,2,0,1,1,1,0,0,1,1,1,1,0,1,1,1,1,0,1,1,0,1,2,1,2,0,0,2,0,2,1,0,1,1,1,2,1,2,2,1,0,0,2,2,1,1,0,1,1,0,0,2,0,2,1,1,2,0,2,0,0,2,1,2,2,1,2,2,2,0,2,0,1,2,2,0,2,2,2,1,1,0,0,2,2,2,2,0,2,2
12/29/2011,1,2,1,0,2,1,1,1,1,1,1,2,0,1,1,1,0,1,0,0,1,1,2,1,1,1,1,0,0,1,1,1,2,1,0,1,1,1,1,0,1,1,0,0,1,2,0,0,0,1,0,1,2,2,0,0,2,1,1,2,1,1,0,1,1,1,2,0,2,0,0,2,0,2,0,0,2,2,2,0,1,0,0,2,2,2,2,2,2,2,2,2,2,2,0,2,2,2,2,2
12/30/2011,1,2,1,1,2,1,1,1,1,0,1,0,0,1,0,1,0,1,2,0,1,1,1,1,1,1,1,0,0,2,2,0,2,1,1,1,0,1,1,2,1,1,0,1,0,2,0,0,0,1,1,1,2,2,0,1,2,0,1,0,1,1,0,0,1,0,0,0,2,1,0,2,0,2,2,0,2,2,2,2,0,0,0,2,2,2,2,2,2,2,2,2,2,2,2,2,2,2,2,2
01/03/2012,1,2,1,0,2,1,0,1,1,0,1,1,2,1,0,1,1,0,1,0,0,1,1,0,1,2,0,0,0,1,1,0,0,1,0,1,1,1,1,1,2,1,0,1,0,1,0,2,0,1,1,1,2,1,0,0,2,0,1,0,1,1,0,2,0,0,0,1,1,1,2,2,0,1,1,0,2,1,2,2,2,0,0,0,2,2,2,1,0,0,2,0,2,2,0,2,2,2,2,2
01/04/2012,1,1,1,0,2,1,0,0,1,1,0,1,1,1,0,1,1,1,2,0,0,0,2,0,1,2,0,0,0,0,1,1,1,0,0,1,1,0,0,2,2,1,1,1,0,1,0,2,0,0,0,1,2,1,0,0,2,0,0,1,1,1,0,2,2,0,0,1,1,0,1,2,0,2,2,2,2,2,0,2,2,0,0,0,2,2,2,1,1,1,2,2,0,2,2,2,2,2,2,2
01/05/2012,2,1,1,1,1,1,1,0,0,1,1,1,0,1,0,1,0,1,2,1,0,0,1,0,1,2,2,2,0,1,1,1,2,0,1,1,1,2,1,2,2,0,1,1,0,2,0,2,1,0,1,1,2,2,2,1,2,1,0,0,2,1,1,2,2,2,0,1,1,0,1,1,1,1,2,0,1,2,2,2,0,0,2,1,2,2,1,0,1,0,2,2,2,2,2,2,2,0,2,2
01/06/2012,2,1,0,1,1,1,1,1,0,1,2,1,0,1,2,0,1,1,2,1,2,1,1,2,0,0,2,1,0,1,1,1,2,1,2,2,2,0,0,2,0,0,1,0,0,2,0,2,0,0,1,0,2,2,2,0,0,1,0,1,1,1,1,2,2,0,0,0,0,0,1,2,2,1,2,0,1,2,2,2,2,2,0,0,2,2,2,0,2,2,2,2,2,2,2,2,2,0,2,0
01/08/2012,2,1,0,1,2,0,1,1,0,1,2,1,0,0,2,1,1,0,2,1,1,1,1,2,1,0,2,1,1,2,1,1,1,1,2,0,2,0,0,1,0,2,1,1,0,2,0,2,2,0,1,0,2,2,2,1,0,1,0,1,0,1,1,1,2,1,0,0,0,0,0,2,2,1,2,2,1,1,2,1,2,2,0,2,0,2,2,2,2,1,0,2,2,2,2,2,2,0,1,2
01/09/2012,0,1,0,1,0,0,1,2,2,1,2,1,0,1,2,1,0,2,2,2,1,0,1,2,2,0,2,1,1,1,1,1,1,1,1,0,2,0,0,1,1,2,1,1,0,2,0,2,1,0,1,0,1,2,2,1,1,1,1,1,2,1,1,2,2,1,0,0,0,0,2,1,2,1,0,0,1,1,2,0,0,2,0,0,0,1,2,2,2,2,0,2,0,2,2,0,0,0,2,2
01/10/2012,1,1,0,1,2,2,0,2,2,2,2,1,0,1,2,1,0,0,2,2,1,0,2,1,2,0,2,1,1,1,2,0,1,1,1,0,2,0,0,1,1,2,0,0,1,2,0,2,1,0,1,0,0,2,2,1,1,1,1,1,2,1,1,1,0,1,1,2,0,0,0,1,2,1,0,2,2,1,2,0,0,0,2,2,2,2,2,2,0,2,0,0,0,0,2,0,0,2,0,0
01/11/2012,2,1,0,0,0,0,2,2,2,2,1,1,1,1,2,0,0,0,0,2,1,0,2,1,1,0,2,1,1,1,1,0,1,2,2,0,2,1,0,1,0,2,0,1,1,2,0,2,2,0,1,1,1,1,0,1,1,0,1,1,2,1,1,1,1,2,0,1,1,0,0,0,2,0,1,2,0,1,2,2,0,0,1,0,1,1,2,2,2,2,1,0,0,0,2,1,1,2,2,0
01/12/2012,1,2,1,0,0,1,1,0,2,0,1,1,1,0,2,0,0,1,1,1,1,1,0,2,1,2,2,0,1,1,0,2,1,2,2,2,2,1,1,1,1,2,0,0,1,2,0,2,2,0,0,1,1,1,0,1,1,1,2,1,2,1,1,1,1,2,1,1,1,0,0,1,1,0,1,2,2,2,2,2,2,0,1,2,2,0,2,2,0,2,1,2,2,0,0,0,2,2,1,0
01/13/2012,1,1,2,0,0,1,1,2,1,0,0,0,1,2,2,0,0,1,1,2,1,1,2,1,1,1,0,1,1,1,0,1,1,2,2,2,2,1,2,1,2,2,0,2,1,2,2,0,2,0,0,1,1,1,0,2,1,1,2,2,2,2,0,1,1,2,2,2,1,0,0,1,1,0,1,0,2,2,2,2,2,2,1,2,2,2,2,0,2,2,2,2,2,0,1,2,2,2,1,2
01/15/2012,1,0,2,2,0,2,2,1,1,1,0,0,1,1,2,0,2,1,1,0,1,2,2,1,2,1,0,2,2,2,0,1,2,2,1,2,2,2,2,2,2,1,0,0,1,2,2,0,2,0,2,1,2,1,1,0,0,1,2,1,2,0,0,0,0,2,0,2,1,0,1,1,1,1,2,1,0,0,2,2,1,2,1,0,2,2,2,2,2,2,2,0,2,1,0,2,0,1,2,2
01/16/2012,1,0,1,0,0,1,2,0,1,1,0,0,1,0,2,1,1,1,1,2,1,0,1,1,1,1,1,2,0,2,0,1,0,2,0,0,2,1,1,1,1,1,0,1,0,0,2,0,2,0,1,1,1,2,2,0,0,0,2,0,1,1,0,0,0,2,0,2,0,1,0,0,1,1,2,1,1,1,2,2,1,0,1,2,0,2,1,2,1,2,2,0,2,0,0,1,0,1,2,0
01/17/2012,1,0,1,1,0,1,2,0,1,1,0,0,1,0,2,1,1,1,2,0,2,1,2,1,0,2,1,2,1,2,1,1,2,1,0,2,2,1,1,0,0,1,2,0,0,2,1,1,2,0,0,1,1,1,2,0,1,0,2,0,1,1,2,0,0,2,0,2,1,0,1,0,2,1,2,1,1,0,2,1,1,2,1,0,2,2,2,2,2,2,2,2,2,2,2,2,2,2,2,2
01/18/2012,1,0,1,1,0,1,2,0,1,1,1,1,1,1,0,1,1,1,2,1,0,1,2,0,0,1,1,2,1,2,2,2,2,1,0,2,2,1,1,1,1,1,2,2,0,2,1,1,2,1,1,2,1,1,1,0,1,0,1,0,1,1,1,1,0,1,0,0,1,1,1,1,0,1,1,1,1,1,0,1,1,1,0,1,1,1,2,0,1,0,2,2,1,0,1,2,0,2,2,1
01/19/2012,2,0,1,1,0,1,2,0,1,1,1,0,0,1,0,1,1,0,1,1,0,1,2,0,0,0,1,2,1,0,0,2,2,1,2,0,0,1,1,1,0,1,2,0,2,1,1,1,1,1,1,2,0,1,1,0,1,0,2,1,1,1,1,0,0,1,0,2,0,1,0,0,0,1,2,0,1,0,2,0,1,1,2,0,1,1,2,0,2,0,2,2,0,1,1,0,2,0,2,0
01/20/2012,0,1,0,2,1,1,2,1,1,1,1,0,0,1,0,1,1,1,0,1,2,0,2,1,0,0,1,2,2,1,1,1,2,2,1,0,0,1,0,1,0,1,2,0,2,0,1,2,1,1,1,2,0,1,0,1,1,1,2,1,1,1,2,1,0,2,1,1,1,1,2,0,0,1,0,0,1,1,1,0,1,1,1,2,1,1,2,1,2,2,1,2,1,1,0,1,1,0,1,0
01/22/2012,2,1,1,2,1,1,2,1,1,0,2,1,0,1,0,1,0,0,0,1,2,0,2,1,0,0,0,0,2,1,1,1,2,1,1,1,1,0,0,1,0,0,2,0,2,1,1,0,1,1,0,2,0,1,0,1,1,1,2,2,2,1,2,1,1,1,1,1,2,2,1,1,2,0,1,0,2,2,1,0,0,2,1,0,2,0,2,1,2,1,1,0,1,0,1,0,1,2,2,0
01/23/2012,1,1,1,2,1,1,2,1,1,1,1,1,0,2,1,1,0,0,2,1,0,0,2,0,0,0,1,1,2,1,1,1,2,0,1,1,1,0,0,0,0,1,2,1,2,2,1,0,2,2,2,2,0,1,1,0,1,1,1,1,0,1,2,0,1,1,1,1,1,2,1,1,2,0,1,0,2,1,1,1,0,0,1,2,2,0,0,1,1,2,1,1,1,1,1,0,1,0,1,0
01/24/2012,0,1,0,1,1,1,1,1,1,1,0,1,1,0,1,2,2,0,2,1,1,0,2,1,0,1,2,1,2,0,1,1,2,1,1,1,1,0,1,1,0,1,2,1,2,0,0,0,2,1,1,2,2,1,2,1,2,2,1,2,0,1,2,0,0,1,1,1,1,2,1,1,1,0,1,1,2,1,2,1,0,0,0,1,2,0,1,1,1,1,1,1,1,1,1,1,1,1,1,1
01/25/2012,0,1,1,1,0,1,0,0,2,2,1,1,1,0,1,1,0,0,2,1,0,1,2,1,0,1,1,2,2,1,0,0,0,0,1,2,1,0,1,1,0,1,0,0,2,0,0,0,0,1,1,2,2,0,2,1,1,1,1,2,1,1,1,0,1,2,1,1,1,0,1,1,1,2,1,1,0,1,2,1,2,0,0,1,0,1,1,2,1,1,1,1,1,2,2,1,1,1,1,1
01/26/2012,2,1,1,0,1,2,1,0,1,2,0,1,1,0,1,1,0,0,1,1,0,1,0,1,0,1,2,1,2,2,0,0,0,1,0,2,1,1,1,1,0,0,0,1,0,0,0,0,2,1,0,2,2,2,1,1,1,1,1,2,1,1,1,0,1,2,0,1,0,1,0,2,1,2,0,1,2,1,1,1,0,0,0,1,1,1,1,1,1,2,2,1,1,0,1,1,2,0,1,1
01/27/2012,0,0,0,1,0,1,1,1,2,2,0,2,1,0,1,2,0,1,1,1,0,1,1,1,0,1,2,1,2,1,1,0,0,1,0,1,1,1,1,0,1,1,1,1,0,0,0,2,2,0,1,2,2,2,2,0,0,0,1,2,1,1,1,2,1,2,0,0,0,1,0,0,0,2,2,2,1,1,2,2,0,0,0,0,1,0,0,0,0,2,2,2,2,0,0,1,1,0,0,0
01/29/2012,1,2,2,0,0,2,1,0,2,2,0,2,1,0,1,2,2,1,1,0,1,1,1,1,1,1,0,2,2,1,1,0,0,1,1,0,0,1,1,0,1,2,1,1,0,2,0,2,0,1,1,2,2,0,1,0,2,0,1,2,1,0,1,2,2,2,0,2,1,1,1,0,0,2,2,2,2,0,2,0,2,2,1,0,1,2,2,0,2,0,2,2,0,0,0,1,0,0,2,2
01/30/2012,1,0,1,0,0,2,1,0,2,1,0,2,1,0,1,2,1,1,1,1,0,1,1,1,1,1,0,1,1,0,2,2,0,1,0,0,0,1,1,0,2,1,1,1,1,0,2,2,0,0,1,1,2,1,1,0,0,0,1,2,0,0,1,1,1,2,0,1,1,1,0,0,0,1,2,2,1,2,1,0,2,2,1,0,0,2,2,2,2,2,2,1,0,0,0,0,2,2,1,0
01/31/2012,1,0,1,2,0,1,1,2,2,1,0,2,1,1,1,2,1,1,0,1,1,1,1,1,1,1,0,0,1,0,2,2,0,0,2,1,0,1,0,1,1,0,1,2,1,2,1,0,0,2,0,2,1,2,1,0,1,0,1,1,1,1,1,1,1,2,0,2,1,0,1,0,0,1,2,0,0,2,1,0,1,1,1,1,0,1,2,2,2,0,0,1,2,1,2,0,1,0,1,0
02/01/2012,2,0,0,0,0,0,0,1,0,1,0,2,1,1,1,1,1,0,0,2,0,1,1,2,2,1,0,0,2,0,1,1,2,2,2,1,0,1,0,1,1,1,1,2,1,1,2,2,0,0,0,1,1,1,1,0,0,1,0,2,1,1,1,2,1,1,1,0,1,0,1,0,1,1,1,1,0,2,1,0,2,2,2,0,0,2,0,2,0,0,1,2,2,1,0,0,0,2,1,1
02/02/2012,0,0,0,2,1,1,0,1,0,1,2,1,1,1,1,2,1,2,0,2,1,1,0,2,2,1,1,1,1,0,0,1,1,1,0,1,0,1,1,0,0,1,2,1,1,1,0,0,2,0,0,1,1,1,0,1,1,1,0,0,0,1,0,0,1,1,1,0,1,2,1,1,1,1,1,1,0,1,1,0,2,0,2,0,2,2,1,1,2,2,2,1,0,2,0,0,0,2,0,1
02/03/2012,0,2,0,1,1,1,0,1,0,2,1,1,1,1,1,2,2,2,0,0,1,0,0,0,0,0,1,2,1,0,0,0,1,0,2,1,2,1,0,1,1,2,0,0,0,1,0,1,0,0,0,1,1,1,0,1,1,1,1,1,0,1,0,0,1,2,1,2,1,2,0,1,1,0,1,1,1,0,1,0,1,0,0,2,1,1,0,1,2,2,1,2,2,2,2,1,0,0,2,1
02/05/2012,0,2,1,2,1,2,1,1,1,2,0,1,1,1,1,2,2,2,0,0,1,0,2,0,0,0,0,2,1,0,0,2,1,1,0,1,2,1,0,1,1,2,1,0,1,1,1,1,2,2,1,1,1,1,0,1,1,1,0,1,0,1,0,0,1,0,1,1,1,2,0,1,1,0,1,1,0,2,2,2,2,0,1,2,1,1,0,0,2,2,2,2,0,1,2,1,1,1,1,0
02/06/2012,0,2,1,0,1,2,2,1,1,1,1,1,1,1,1,2,0,2,0,0,1,1,0,0,0,0,1,2,1,0,0,2,2,0,1,1,2,0,2,1,0,2,0,0,1,1,1,1,2,1,1,0,0,0,0,1,0,1,1,1,0,1,2,0,0,1,0,1,2,2,2,1,0,0,0,0,0,2,2,1,2,0,0,2,2,0,2,2,2,1,2,2,0,2,2,2,2,1,2,2
02/07/2012,0,0,1,1,1,1,1,1,1,1,1,2,1,1,1,2,0,2,1,1,1,1,0,1,0,0,0,2,1,1,0,0,2,1,1,1,2,0,1,2,0,2,0,1,0,0,1,1,2,1,1,1,0,0,0,1,1,2,1,0,1,0,2,0,1,0,0,2,1,2,2,2,0,0,0,0,1,1,2,0,0,0,0,2,2,0,0,0,2,2,0,2,0,0,0,1,2,1,2,2
02/08/2012,1,2,1,2,1,2,2,1,1,1,2,1,1,1,1,2,0,2,1,1,1,0,1,1,0,1,1,0,0,2,1,1,2,1,1,1,2,0,1,2,1,2,0,1,1,0,1,0,2,1,1,1,1,0,2,1,1,2,2,0,1,1,1,1,1,0,0,1,0,2,1,2,0,2,2,0,2,1,2,2,0,0,0,1,0,0,2,0,2,0,2,2,0,0,1,2,2,2,2,2
02/09/2012,1,2,1,2,0,2,2,1,1,1,0,0,1,1,2,2,1,2,1,1,0,1,0,1,1,1,1,0,0,0,1,1,2,2,1,1,1,0,1,2,0,2,0,1,0,0,1,0,2,1,1,2,0,2,1,1,1,2,0,0,1,0,1,1,2,0,0,0,0,1,1,0,0,1,1,0,2,1,2,2,0,0,0,2,0,0,2,0,2,2,2,1,0,2,1,0,0,0,0,0
02/10/2012,1,2,0,2,2,2,0,0,1,1,0,1,1,1,0,1,2,1,1,1,0,0,2,0,1,1,1,0,0,2,0,1,2,1,1,1,1,1,1,2,2,2,1,2,0,0,1,0,1,1,0,1,0,2,2,1,1,2,2,2,1,0,1,1,2,0,1,1,0,2,1,1,0,1,1,2,2,1,2,2,2,2,2,2,1,2,1,2,2,0,1,0,1,0,0,1,0,0,0,1
02/12/2012,1,2,1,2,0,1,2,1,1,1,0,0,1,1,0,1,0,2,0,1,0,1,1,1,1,1,1,1,0,2,1,1,0,1,1,0,1,1,0,1,2,2,1,2,1,0,0,0,1,2,0,1,0,1,2,1,1,2,2,1,1,2,1,0,1,1,1,0,0,1,2,2,1,1,2,2,2,2,2,0,1,2,1,1,1,2,2,2,2,0,1,1,1,0,2,0,0,0,0,1
02/13/2012,0,2,1,0,1,1,2,1,1,1,0,0,1,2,0,1,2,2,0,1,0,2,1,1,1,1,1,1,0,2,1,1,2,1,1,2,1,1,0,1,1,2,1,2,1,1,0,0,1,0,0,1,0,1,2,0,1,2,1,1,1,2,0,1,2,0,1,0,0,1,1,2,1,2,1,2,2,0,2,2,1,2,2,1,0,2,1,2,0,0,1,1,2,0,2,0,0,0,0,1
02/14/2012,1,1,1,2,0,2,2,1,1,1,0,1,2,0,2,1,1,1,0,1,2,1,1,1,0,1,2,1,1,2,0,1,1,1,2,2,0,1,0,1,1,2,1,2,1,1,0,0,1,0,0,1,2,1,2,1,1,1,2,1,1,1,0,0,2,1,1,0,0,1,1,1,2,2,1,2,1,0,1,1,1,2,0,1,1,1,1,2,1,0,2,1,1,1,2,1,1,1,0,1
02/15/2012,2,1,2,2,0,1,2,2,1,1,1,0,2,2,0,1,1,1,0,1,1,2,1,1,0,1,2,2,1,0,1,0,1,1,2,2,0,1,0,1,1,2,0,2,1,1,1,0,0,1,2,0,0,1,2,2,1,2,1,1,1,1,0,2,2,1,1,2,1,1,2,2,1,2,1,1,1,0,1,2,1,0,2,1,2,1,0,2,1,1,2,1,2,1,1,1,1,2,1,2
02/16/2012,2,1,1,2,0,1,2,2,1,1,1,0,0,2,0,1,1,1,0,1,0,1,1,0,0,1,0,2,1,1,0,1,1,1,2,2,0,1,0,0,0,1,0,0,2,1,1,1,1,0,2,1,1,1,2,2,1,1,2,1,1,1,1,2,1,1,0,0,1,0,2,1,2,2,1,1,1,1,1,1,2,1,1,0,2,2,1,2,1,1,2,1,1,1,1,1,0,1,0,0
02/17/2012,1,1,1,0,1,1,2,1,1,1,1,1,2,2,2,2,1,1,1,1,0,0,1,0,1,1,0,2,1,1,0,0,1,0,1,2,0,0,0,0,1,1,0,0,1,1,1,0,0,1,2,1,1,0,2,2,1,2,1,0,2,1,1,2,1,1,2,0,1,2,2,1,0,2,1,2,1,1,0,0,2,0,0,0,0,1,2,2,0,1,2,1,0,0,1,1,0,2,1,2
02/19/2012,1,1,1,2,1,0,2,1,1,1,2,1,2,2,1,1,0,0,1,2,2,0,1,2,1,1,0,1,1,2,1,2,1,0,1,0,1,0,2,0,1,0,0,0,1,1,1,0,0,1,2,1,1,0,2,1,1,1,1,2,0,1,1,2,1,2,0,0,1,0,2,0,2,1,1,1,2,1,2,2,2,0,1,0,0,2,0,1,1,1,2,1,1,0,1,2,1,0,0,2
02/20/2012,1,1,0,1,1,1,0,1,1,2,2,1,0,2,1,0,1,0,1,1,1,0,0,0,1,1,0,2,1,0,1,0,1,1,1,1,1,0,2,0,0,1,0,0,2,1,1,0,1,1,2,1,1,0,0,1,2,2,1,0,0,1,1,2,1,1,2,0,2,0,0,0,2,1,1,1,2,1,2,2,2,0,2,1,1,2,0,1,2,0,1,2,0,0,1,1,0,0,0,2
02/21/2012,2,1,1,1,1,0,0,1,2,2,2,1,0,2,1,0,1,0,2,1,1,1,1,0,1,1,1,2,1,0,1,0,2,1,1,1,1,0,2,2,0,1,1,2,2,1,1,0,0,1,2,1,1,0,0,2,1,2,1,0,1,2,0,0,1,0,2,0,2,0,1,0,2,2,1,1,2,2,2,1,1,0,2,1,0,2,1,1,2,2,1,2,1,1,0,2,1,0,0,2
02/22/2012,1,0,0,1,2,0,2,1,0,2,2,1,0,2,1,1,1,1,0,2,1,1,1,2,1,1,1,2,2,0,1,0,2,1,1,1,0,0,2,1,0,1,1,2,0,1,1,0,1,1,2,0,1,0,0,2,2,1,1,1,2,0,2,0,2,2,2,1,1,1,1,0,2,0,1,1,2,2,2,1,1,0,0,0,0,2,1,1,2,2,0,2,1,0,0,0,1,0,0,0
02/23/2012,1,1,0,1,2,1,0,1,2,2,2,1,0,1,0,0,0,1,1,0,1,1,1,1,2,2,1,2,1,1,1,1,2,1,2,1,1,2,2,1,0,1,1,2,0,1,1,1,1,2,2,0,1,0,0,2,0,1,1,1,1,0,1,1,1,0,2,1,1,1,0,2,2,0,1,2,2,2,2,1,1,0,0,2,0,0,1,0,2,2,1,0,1,1,0,0,0,0,1,0
02/24/2012,0,2,0,1,2,1,0,1,0,0,2,0,1,1,1,0,1,1,1,1,2,1,2,1,2,1,1,0,1,1,0,1,2,2,0,2,2,2,2,1,0,1,1,1,2,0,1,1,1,0,0,0,1,1,0,2,2,1,1,2,1,0,1,1,1,1,2,1,1,2,1,2,2,1,1,0,1,1,1,0,1,1,0,2,0,1,2,2,1,2,2,2,1,0,0,1,0,2,0,0
02/26/2012,1,2,2,1,2,1,1,1,1,1,2,0,2,0,1,1,1,2,1,0,2,1,2,1,2,1,0,0,1,1,0,1,2,0,1,1,2,2,2,1,0,1,1,1,1,0,1,1,1,0,0,0,1,1,2,1,1,1,1,1,1,0,1,1,1,1,1,1,1,1,1,2,2,2,0,0,1,1,0,0,0,0,0,2,1,1,2,2,1,1,1,0,1,1,1,1,0,0,0,0
02/27/2012,1,2,1,1,2,1,2,1,1,1,2,1,2,1,1,1,1,0,0,0,0,0,2,1,2,1,0,0,1,1,0,1,1,2,0,1,2,1,1,0,1,1,1,1,1,0,2,1,0,0,0,0,1,1,0,1,1,0,2,2,1,0,0,1,0,1,2,1,2,2,1,1,2,0,2,0,0,1,1,0,2,1,0,2,2,0,1,2,1,1,1,0,1,0,1,1,0,0,2,0
02/28/2012,2,2,1,1,2,2,0,1,1,1,1,0,1,1,2,1,2,0,0,2,1,0,2,1,0,1,0,1,1,2,2,1,1,1,1,2,1,1,0,0,1,0,2,0,1,1,2,1,0,0,0,2,0,1,1,1,1,0,1,0,1,2,2,1,0,1,0,1,0,1,0,1,2,0,2,0,1,0,0,0,0,0,0,2,1,0,2,2,0,1,1,1,2,2,1,2,2,0,2,0
02/29/2012,2,2,1,2,2,0,1,0,1,0,1,0,2,1,2,1,1,2,0,2,0,1,2,1,0,2,0,1,1,2,1,1,2,0,1,1,2,0,0,0,0,0,2,0,1,1,2,1,0,0,1,1,0,1,2,0,1,0,1,0,1,0,0,0,0,1,0,0,0,2,0,1,1,0,2,0,0,0,0,0,0,0,0,2,0,0,2,2,2,2,2,0,2,2,2,2,2,2,2,2
03/01/2012,2,0,1,1,1,1,1,0,1,0,0,2,2,2,2,1,2,1,2,2,1,0,1,0,2,2,0,1,1,2,2,1,2,1,1,1,1,0,0,0,0,2,1,0,1,1,1,1,2,2,1,2,2,1,1,2,1,0,0,1,1,0,0,0,0,1,0,0,0,0,2,2,1,1,2,0,0,0,1,0,2,2,1,2,2,0,2,2,2,2,2,1,2,2,2,0,1,0,0,0
03/02/2012,2,1,1,0,1,1,1,0,1,1,0,2,1,1,2,1,1,2,0,2,1,0,1,0,1,2,0,1,1,2,1,0,2,1,0,2,0,0,0,1,1,2,2,1,0,1,1,0,2,2,1,2,2,0,0,1,2,2,1,2,1,2,0,1,2,0,0,1,0,2,2,2,1,1,2,2,2,0,2,0,0,2,2,2,2,0,2,2,2,2,2,2,2,2,2,0,0,2,0,0
03/04/2012,1,1,1,0,1,1,1,0,0,1,0,2,1,1,2,1,1,1,0,2,1,0,1,0,1,2,1,1,1,1,1,2,2,0,0,1,1,0,1,2,1,2,2,1,0,0,1,1,1,1,1,2,2,0,2,0,0,0,0,0,1,2,1,2,1,0,0,0,0,2,2,1,0,1,2,2,2,2,2,2,1,2,2,2,2,0,1,1,2,2,1,1,1,0,2,0,0,2,1,1
03/05/2012,1,1,0,0,1,0,1,0,0,1,1,2,1,1,2,1,1,1,0,2,1,1,1,2,2,2,1,1,1,1,1,2,2,1,0,2,0,0,1,1,0,2,2,1,0,0,1,1,1,1,1,2,2,0,2,0,1,1,2,2,1,1,1,2,1,2,1,0,1,2,2,1,2,1,0,1,2,0,2,2,1,2,2,0,0,2,1,2,2,0,1,1,1,1,0,1,0,2,2,1
03/06/2012,2,1,0,0,1,0,1,0,1,1,1,2,1,1,0,1,1,1,0,2,0,1,1,1,0,2,1,2,1,2,1,0,0,1,0,1,0,0,1,0,1,2,2,0,0,0,0,1,1,1,1,2,1,2,2,1,0,1,0,0,0,1,1,2,1,1,1,0,1,1,1,2,2,1,0,1,2,0,2,2,2,1,0,0,2,2,0,2,2,0,0,2,2,0,2,2,0,2,2,0
03/07/2012,1,1,0,0,0,1,1,0,1,1,1,1,1,0,0,2,2,1,0,1,1,2,1,1,1,2,1,1,1,0,1,0,0,1,1,1,1,0,1,1,2,2,2,0,0,0,0,1,1,0,1,2,1,2,0,1,2,1,2,1,1,1,1,2,1,1,1,2,1,1,2,1,2,1,1,2,0,1,1,2,2,2,2,0,1,2,0,1,1,1,1,0,2,1,0,1,0,1,0,1
03/08/2012,1,1,0,1,0,0,2,1,1,1,1,1,0,1,0,1,1,1,0,1,0,0,1,1,0,2,1,2,0,2,1,1,0,1,0,1,1,1,1,2,2,0,2,0,1,1,0,1,1,0,0,1,1,2,0,0,0,0,2,2,0,1,2,2,0,1,1,2,1,1,2,1,2,0,0,1,2,2,0,2,2,2,2,0,2,2,2,2,1,0,2,2,2,2,2,0,0,2,0,0
03/09/2012,2,0,0,1,0,0,1,1,1,2,1,1,0,1,0,0,1,1,0,1,2,0,0,1,0,1,2,2,1,0,0,1,2,0,0,1,1,2,2,0,2,2,1,0,1,2,0,1,0,0,0,0,1,0,1,1,1,0,1,0,0,1,0,2,0,1,1,2,1,0,0,0,2,0,0,0,1,1,2,2,2,2,1,0,1,2,0,2,1,0,0,0,2,2,0,2,2,0,2,2
03/11/2012,2,0,0,1,1,2,2,1,1,2,1,1,0,1,0,1,2,0,0,0,1,1,2,1,0,1,1,2,2,2,0,1,1,0,2,1,1,2,0,1,0,2,1,2,1,2,0,0,0,0,0,1,1,2,1,1,0,0,1,0,1,2,0,1,0,0,1,2,1,2,2,0,1,2,0,2,2,2,0,1,2,2,2,0,2,2,0,2,0,2,0,0,1,1,0,2,2,0,2,2
03/12/2012,2,0,0,2,1,0,2,1,1,2,1,1,0,1,0,1,2,1,0,0,1,1,2,1,1,1,1,2,2,0,0,1,1,0,2,1,1,2,1,1,0,1,1,0,1,2,1,2,0,1,0,1,2,1,1,1,1,0,1,0,0,1,0,1,1,0,0,2,1,2,2,0,1,2,0,1,1,0,2,1,2,1,1,1,2,1,0,2,2,2,1,1,0,1,1,0,2,0,0,1
03/13/2012,2,0,1,1,1,2,2,1,1,1,2,1,1,1,1,1,2,2,2,2,1,1,2,1,0,1,1,1,0,2,1,1,1,0,1,1,1,2,1,0,2,1,1,0,2,2,1,2,0,1,0,0,2,1,1,1,1,0,0,0,1,1,0,1,1,1,0,2,1,2,2,0,2,1,0,1,2,2,2,0,2,2,1,0,2,2,2,1,1,2,1,2,2,1,0,0,2,0,2,2
03/14/2012,2,0,1,1,1,1,2,1,0,2,2,0,1,1,1,1,2,2,2,0,1,1,2,0,1,1,1,1,2,1,0,1,1,1,1,0,0,2,1,0,1,2,1,2,1,2,1,2,2,1,0,1,1,1,1,0,1,0,0,1,1,1,1,1,0,2,0,2,0,2,1,0,2,1,2,0,2,2,2,0,2,2,0,2,2,2,1,0,2,2,2,2,2,2,2,0,0,2,0,2
03/15/2012,1,0,1,1,1,1,1,1,1,1,2,0,1,1,1,1,0,2,2,0,0,0,2,0,1,1,0,1,1,1,2,1,1,0,1,0,0,2,2,0,1,1,1,2,0,1,0,2,2,1,0,1,0,1,1,0,1,0,0,1,0,1,1,1,1,2,0,2,0,1,1,1,2,0,2,1,0,0,1,1,2,1,0,2,1,1,2,1,2,0,1,2,2,0,1,0,0,1,1,1
03/16/2012,1,0,1,1,1,1,1,1,0,0,2,0,1,1,1,0,2,1,2,1,0,0,1,0,2,0,2,1,1,0,1,0,1,1,1,1,0,2,1,0,2,1,0,0,0,2,1,2,0,1,2,1,0,0,1,0,1,1,0,1,1,1,1,0,0,1,1,1,0,1,1,0,2,2,1,1,2,0,1,0,2,2,0,2,0,0,0,1,2,1,1,2,2,1,1,1,0,0,0,0
03/18/2012,1,0,1,0,0,1,1,0,0,1,1,1,1,0,1,0,2,1,1,1,0,0,1,1,2,0,0,1,1,0,0,0,1,1,1,1,1,0,0,1,1,1,2,0,0,0,0,1,2,1,0,0,0,0,1,0,0,1,0,2,1,1,1,0,0,2,1,1,0,1,0,2,2,0,0,0,1,0,1,0,2,2,0,0,2,0,2,2,2,1,2,2,2,2,2,2,0,2,2,2
03/19/2012,1,1,1,0,0,1,0,0,0,1,1,1,0,0,1,0,2,1,1,1,0,0,1,1,2,0,1,1,1,0,2,1,0,1,1,1,1,0,0,1,1,2,2,2,0,1,0,1,2,1,2,0,0,0,1,1,1,1,0,2,2,1,1,0,1,2,2,1,0,0,0,1,1,0,1,2,1,1,2,2,2,2,2,1,2,1,2,2,2,1,0,2,0,2,0,2,2,2,0,2
03/20/2012,1,1,1,0,0,1,0,0,0,1,1,1,0,0,1,0,2,2,1,1,0,2,1,1,2,1,0,1,1,0,0,0,1,1,2,1,1,1,2,1,1,1,2,2,1,1,0,1,1,1,2,2,0,0,2,0,1,1,1,2,0,1,1,1,0,2,1,1,1,1,0,1,1,0,0,1,2,0,2,2,1,0,2,0,2,1,2,2,1,1,0,2,0,2,2,2,2,2,2,2
03/21/2012,2,1,0,0,1,2,0,2,1,1,1,1,0,0,1,1,1,2,1,1,1,1,1,1,2,1,1,1,0,1,2,0,0,1,1,1,1,1,1,1,2,2,2,2,1,2,0,0,1,1,1,0,1,0,0,1,1,1,1,2,0,0,2,0,0,2,1,1,1,1,0,1,1,0,1,1,2,0,2,2,1,0,1,0,1,0,1,0,1,0,1,1,1,1,1,1,2,0,1,0
03/22/2012,2,1,0,0,1,2,0,1,1,1,1,1,2,2,0,2,0,0,2,1,1,2,1,1,2,1,0,0,1,1,2,0,0,1,2,1,1,1,1,1,2,2,2,2,1,0,1,2,1,1,1,1,1,0,0,1,0,2,1,0,0,0,2,0,0,2,1,0,1,1,0,1,1,0,0,2,2,2,0,2,2,0,2,0,2,0,0,0,0,0,2,2,2,1,2,2,2,1,2,2
03/23/2012,1,1,2,0,1,2,0,1,1,2,1,1,1,1,0,1,0,0,2,0,1,2,1,1,2,2,1,1,1,1,2,2,1,2,2,1,1,1,2,1,2,2,1,2,1,1,1,0,1,1,1,1,1,1,1,0,0,0,1,0,1,0,2,1,1,2,0,0,1,2,0,1,1,1,0,1,2,2,0,2,0,1,1,0,1,2,1,2,0,0,2,0,2,1,2,1,0,2,2,0
03/25/2012,2,1,0,0,1,2,1,1,1,0,1,2,1,1,0,1,0,0,0,0,1,1,0,1,2,2,0,0,1,1,2,1,0,2,0,0,2,1,1,1,2,1,1,2,1,1,1,1,1,1,2,2,0,1,0,0,0,0,2,0,2,0,2,1,1,2,0,2,1,2,1,0,0,1,0,2,2,2,0,2,0,1,1,2,2,2,0,0,0,0,1,0,2,0,2,0,0,0,1,0
03/26/2012,2,0,2,1,1,2,1,1,1,0,0,1,1,1,0,0,1,0,0,0,1,1,1,1,2,1,2,1,2,1,1,1,2,2,1,0,1,1,1,1,2,2,1,0,1,1,1,0,0,2,0,1,1,1,0,0,0,1,1,0,1,1,2,1,1,1,0,2,1,2,1,0,0,2,0,2,2,2,2,2,0,1,1,2,2,0,2,2,0,0,2,1,2,2,0,0,0,0,0,0
03/27/2012,1,2,1,1,1,0,1,1,2,0,0,1,1,1,0,1,1,1,2,0,1,1,1,2,0,1,1,1,2,0,0,1,1,2,0,0,0,1,1,0,2,2,1,1,2,1,1,1,0,1,2,1,2,1,1,2,1,1,1,2,1,1,0,1,1,2,0,2,0,1,1,0,0,1,1,2,2,0,1,2,0,1,1,1,0,1,0,2,2,2,2,1,2,2,0,1,1,1,1,0
03/28/2012,1,0,1,1,2,0,1,1,2,1,0,0,2,0,0,0,2,1,2,1,0,1,1,1,0,2,2,1,2,1,1,1,0,2,1,0,0,1,0,2,1,1,0,1,0,1,1,1,0,1,1,1,0,2,0,2,2,1,0,1,0,1,1,1,1,2,2,1,0,1,1,0,1,0,0,2,1,1,1,1,1,1,1,0,1,1,1,1,1,0,0,1,0,1,1,1,1,1,1,1
03/29/2012,2,0,1,1,0,1,1,2,2,0,0,0,1,1,0,1,1,1,1,1,1,1,2,0,0,1,1,0,2,1,1,1,1,2,1,0,0,1,0,0,1,1,0,0,0,2,0,1,0,0,0,0,0,0,1,1,2,1,2,0,0,1,1,1,0,2,0,0,0,1,2,0,1,2,1,1,0,1,2,1,1,2,0,2,0,0,2,1,2,1,2,2,1,2,1,1,0,0,0,1
03/30/2012,2,1,1,1,0,1,1,2,1,1,1,0,1,1,1,1,2,1,1,1,2,0,2,0,2,0,0,0,2,1,1,1,1,0,1,1,0,0,0,0,1,1,0,1,2,1,0,2,0,0,0,0,0,1,1,1,1,1,2,1,2,0,1,1,1,1,1,1,2,1,2,0,1,2,2,2,0,2,2,2,0,2,0,2,2,2,0,0,1,2,2,2,2,0,1,0,2,2,0,0
04/01/2012,2,1,1,1,0,0,0,0,1,1,1,0,2,1,1,1,2,1,1,1,0,0,2,0,1,0,1,1,0,1,1,1,1,2,2,1,0,2,0,1,1,0,1,0,2,1,2,1,0,0,2,0,1,2,1,0,1,1,1,0,0,1,0,1,1,1,1,1,1,1,2,1,1,0,2,2,0,2,2,2,1,0,0,2,2,2,1,2,1,0,1,2,2,1,2,2,0,2,2,1
04/02/2012,2,2,1,1,2,1,2,0,2,1,2,0,2,2,1,2,1,0,1,1,0,0,2,2,1,0,1,1,2,1,1,1,2,0,0,1,0,0,1,1,1,0,0,0,1,0,2,1,1,0,1,2,1,2,2,1,0,1,2,0,1,1,0,0,1,1,0,1,2,1,0,1,1,1,0,2,1,2,1,2,1,1,1,0,1,1,2,1,2,1,1,1,0,1,0,1,1,1,1,1
04/03/2012,2,0,1,1,2,1,0,1,2,1,1,1,2,0,1,1,1,0,0,1,1,0,1,0,1,1,0,1,2,1,0,1,0,2,1,1,1,0,1,1,0,0,1,0,1,0,2,1,1,0,1,2,1,1,2,2,0,2,2,1,1,1,0,0,1,0,1,1,2,0,1,1,1,1,1,1,1,1,1,2,0,1,1,1,1,1,1,1,2,0,1,1,0,1,0,1,1,1,1,0
04/04/2012,2,2,1,1,2,1,0,1,1,1,1,1,0,0,1,0,1,1,0,1,0,0,1,2,1,1,1,2,2,1,1,0,0,0,0,0,1,0,1,1,0,1,1,0,1,0,2,2,1,0,2,0,1,1,2,1,0,1,1,1,1,1,0,1,0,0,1,2,0,0,0,1,0,1,1,0,1,1,1,2,1,1,2,1,0,1,1,2,2,1,2,2,0,2,0,1,0,1,1,0
04/05/2012,1,2,1,1,1,1,0,2,1,1,1,1,2,1,1,2,0,0,2,1,0,1,1,1,1,1,1,2,2,2,1,1,0,1,0,0,1,2,2,1,2,1,1,0,0,0,2,1,2,1,0,2,1,1,2,0,0,1,1,2,1,1,1,2,0,0,1,2,1,2,1,1,0,0,1,1,2,1,1,2,0,0,2,1,0,0,2,0,2,2,2,2,0,2,2,1,2,1,2,2
04/06/2012,1,2,1,1,1,1,1,2,1,1,1,1,2,2,0,2,0,2,0,2,0,1,1,1,0,1,1,2,1,1,1,2,1,1,0,0,1,1,1,1,0,1,2,1,1,1,1,2,2,1,0,1,1,1,2,2,0,0,1,1,1,2,0,1,2,0,0,2,1,2,1,0,2,0,1,1,2,2,1,1,0,2,2,0,0,2,2,2,2,2,2,2,2,2,2,1,2,1,2,0
04/08/2012,1,2,1,0,1,0,1,2,1,2,1,1,1,2,0,2,2,1,2,2,0,1,1,1,1,1,1,0,0,1,0,1,1,1,1,1,0,1,1,2,2,1,2,1,0,1,1,2,2,2,0,1,1,0,2,0,1,0,1,1,2,0,1,1,1,0,0,2,1,2,1,0,2,1,1,1,1,1,1,0,0,1,2,0,1,2,2,1,1,1,2,1,1,1,1,1,1,0,1,1
04/09/2012,1,2,2,0,1,0,0,2,1,1,1,1,0,1,1,2,2,0,0,0,2,1,1,1,1,1,1,2,1,1,0,0,1,1,0,1,2,1,1,1,2,1,2,1,0,1,0,2,1,0,0,1,1,1,1,0,1,2,1,1,1,2,1,1,1,1,2,2,1,2,0,0,2,1,1,1,1,2,1,1,0,1,2,0,0,2,2,0,1,1,1,0,1,1,1,1,1,1,1,1
04/10/2012,1,2,2,0,1,0,1,2,1,1,1,0,0,1,1,2,2,1,2,2,1,1,1,0,1,0,0,2,1,2,0,2,1,1,1,1,1,1,1,2,0,1,2,1,0,1,0,2,1,1,0,1,1,0,1,1,2,1,0,1,1,0,2,1,2,2,0,2,2,0,2,2,2,0,2,0,2,2,2,2,0,2,2,2,2,2,2,2,2,0,0,0,2,0,2,2,2,2,2,2
04/11/2012,1,2,0,1,1,0,2,2,1,1,0,0,0,1,1,1,2,1,1,0,1,1,2,2,1,0,1,2,1,2,2,2,1,1,0,2,0,1,0,2,1,1,0,1,0,1,0,1,1,1,2,0,0,0,1,0,2,2,0,1,0,1,2,1,1,2,0,1,0,2,0,1,1,1,1,0,0,2,2,2,0,1,0,2,2,2,1,0,2,1,1,1,2,1,2,2,0,2,0,2
04/12/2012,1,1,2,2,1,2,2,2,0,2,0,2,0,1,2,1,2,1,2,2,2,1,1,1,2,0,2,1,2,2,2,1,1,2,1,1,1,1,0,1,2,1,0,1,0,1,0,0,0,1,2,1,0,0,1,1,2,0,0,2,2,0,1,1,2,2,0,2,0,2,0,1,1,1,1,0,1,2,1,0,1,1,2,1,1,1,1,1,2,1,0,1,1,2,2,1,1,1,1,1
04/13/2012,1,1,2,2,0,0,2,1,0,1,1,0,1,1,1,1,2,0,2,0,2,1,1,0,0,0,2,1,1,2,2,1,2,0,1,1,2,1,0,1,1,2,0,1,0,1,1,1,0,0,2,1,1,0,2,1,0,2,0,0,0,1,1,1,2,2,0,1,0,2,1,0,1,2,1,0,1,1,1,2,0,1,2,1,1,1,1,0,2,2,2,0,2,0,0,0,0,0,0,0
04/15/2012,1,1,1,2,1,1,2,1,0,1,0,2,1,1,1,1,2,0,1,0,2,0,1,1,0,2,2,1,1,2,2,1,2,2,1,2,2,1,0,1,1,2,1,2,0,0,1,1,0,2,2,2,0,0,1,1,0,2,1,0,1,0,1,0,2,1,0,0,0,2,0,1,1,0,2,1,0,2,1,2,1,1,2,2,1,2,0,0,2,0,2,2,1,0,1,0,0,2,2,1
04/16/2012,1,1,1,0,1,1,2,1,1,1,1,2,2,2,0,1,1,0,1,1,0,1,1,0,0,1,2,1,0,2,2,1,0,2,1,1,2,0,0,1,1,0,2,1,0,0,1,1,0,0,0,2,0,0,2,1,2,0,1,1,2,0,1,0,2,2,2,0,0,1,1,2,1,2,2,1,2,1,1,2,0,1,2,2,2,2,0,1,2,2,0,2,0,1,2,0,1,0,2,1
04/17/2012,1,1,1,2,2,1,0,1,1,1,0,1,0,1,1,1,0,1,1,1,0,0,1,0,1,1,2,1,2,2,2,1,0,2,1,0,2,0,1,1,1,0,1,1,1,1,0,1,0,0,2,2,1,1,1,2,2,1,1,1,1,0,1,1,2,2,1,0,2,1,1,1,1,2,2,2,2,1,0,0,2,2,2,2,1,2,0,0,1,1,0,0,2,2,2,0,1,0,1,0
04/18/2012,1,1,1,0,2,1,1,1,1,1,2,1,0,0,1,2,1,0,1,1,0,0,1,0,2,1,2,0,0,2,2,1,0,1,1,2,2,0,1,1,1,1,1,0,2,1,0,0,1,2,1,2,1,1,0,0,1,1,1,0,1,0,0,1,2,2,1,0,2,1,1,0,1,2,2,1,1,1,1,2,2,2,1,2,2,0,2,0,1,0,1,2,2,0,0,0,0,1,1,0
04/19/2012,1,0,1,0,2,1,1,1,0,1,1,1,0,0,0,0,1,1,1,1,0,0,2,1,2,2,2,0,2,2,2,1,0,0,1,2,2,0,1,0,2,1,2,0,2,1,0,0,1,0,1,2,1,1,0,0,1,1,1,1,1,2,0,1,1,1,2,0,1,1,0,2,0,2,1,1,1,0,2,1,0,2,0,2,1,0,2,1,1,1,1,2,2,2,2,1,2,2,1,2
04/20/2012,1,1,1,0,0,1,1,0,2,1,2,0,1,0,1,0,0,1,0,1,1,2,2,2,2,2,1,1,2,0,2,1,0,0,1,1,1,0,1,0,2,1,1,1,1,1,1,0,1,0,1,2,2,1,0,2,1,1,2,1,1,0,0,1,1,1,1,1,2,1,0,2,1,0,1,1,1,0,2,1,1,2,1,1,1,0,2,1,0,1,1,2,2,1,2,1,0,1,1,1
04/22/2012,0,1,2,0,0,2,1,2,2,2,2,0,0,0,1,0,0,0,1,1,1,2,2,2,2,0,1,1,2,1,0,1,1,0,2,1,1,2,1,0,0,1,2,2,1,0,1,0,1,0,1,0,0,1,1,2,2,0,2,1,1,1,0,1,0,2,1,1,2,1,1,1,1,2,1,1,1,0,2,1,1,2,1,2,0,1,2,1,0,1,2,1,1,0,2,1,1,1,0,1
04/23/2012,2,1,2,0,1,1,1,2,2,1,1,0,0,0,1,0,1,1,1,0,1,1,2,2,2,0,0,2,2,1,0,2,1,0,2,1,1,0,1,0,2,1,2,2,1,1,1,0,1,0,2,1,2,1,1,2,1,0,2,2,1,1,1,2,1,1,0,1,2,0,2,2,0,1,2,2,0,0,2,1,2,2,2,2,2,2,1,2,0,2,2,1,2,2,2,0,0,0,2,1
04/24/2012,2,0,2,1,0,2,1,2,1,1,1,0,1,1,1,1,1,1,1,0,1,1,2,0,2,0,1,2,2,2,0,2,1,0,2,1,1,0,1,1,2,1,2,1,0,1,1,0,1,0,0,0,2,2,1,2,1,2,1,2,0,1,1,2,1,0,0,1,1,1,1,1,1,2,2,2,2,0,2,1,2,1,2,2,2,2,1,2,2,2,2,2,2,2,2,2,0,2,2,1
04/25/2012,2,1,2,1,0,2,1,2,2,0,0,1,2,1,1,1,0,0,1,0,0,2,2,1,1,0,1,2,1,1,0,0,1,1,1,1,1,0,1,1,2,1,0,1,0,1,1,0,1,0,0,2,2,2,1,2,0,0,1,2,0,0,1,2,1,0,0,0,0,0,1,1,2,1,1,1,2,1,1,2,2,1,2,2,0,2,1,2,2,2,1,2,1,1,1,0,0,0,2,1
04/26/2012,2,1,2,1,0,2,1,2,0,0,0,1,2,1,1,1,1,1,0,0,0,1,2,1,0,0,1,2,1,2,0,0,1,1,0,1,0,0,0,1,0,1,2,1,0,0,1,1,1,0,0,2,2,2,1,2,0,2,1,0,0,0,1,2,1,0,2,0,0,0,1,1,0,1,0,2,1,1,1,2,2,1,1,1,0,2,1,2,1,0,1,1,1,1,1,2,1,1,1,1
04/27/2012,2,1,2,1,1,2,1,0,2,0,0,1,1,1,1,1,1,0,2,2,0,1,2,1,0,0,1,2,1,1,2,0,1,1,2,0,0,0,0,1,1,1,2,1,1,0,2,2,0,1,0,1,1,2,0,2,0,2,1,0,1,0,1,2,1,0,2,0,1,0,1,0,2,0,2,2,1,1,1,2,2,1,1,0,2,1,1,1,1,1,1,1,1,0,1,2,1,1,0,2
04/29/2012,1,1,2,1,1,2,1,1,1,0,0,1,2,1,1,0,1,1,2,2,1,1,0,1,0,1,0,2,1,1,2,0,0,0,2,1,0,1,0,1,1,2,2,0,0,0,0,1,2,1,0,1,1,2,0,0,1,2,1,0,1,0,1,2,1,2,0,1,0,0,1,0,0,2,2,0,1,2,2,2,2,0,0,2,1,0,0,2,0,0,2,2,2,0,0,2,2,0,2,2
04/30/2012,1,2,2,1,1,2,1,1,1,0,1,2,2,1,1,1,2,0,0,2,1,0,0,0,0,1,2,2,1,1,2,1,0,1,2,1,0,1,0,1,2,1,1,1,0,0,2,1,0,1,1,1,1,2,2,0,0,2,1,2,1,0,1,2,1,0,2,1,0,2,0,0,0,2,2,0,2,2,2,0,2,0,1,2,1,2,2,0,2,0,2,2,2,0,2,1,0,0,0,2
05/01/2012,1,2,0,2,1,2,1,2,1,0,1,2,1,1,0,1,2,0,2,2,1,0,2,0,0,0,0,2,0,1,1,1,0,1,2,1,0,2,2,1,1,0,1,1,1,0,2,0,2,1,0,1,2,0,2,1,1,2,1,0,2,0,1,0,1,0,1,0,0,2,2,0,2,2,1,0,2,1,2,2,1,2,0,1,1,1,0,1,1,0,1,0,1,0,0,1,1,1,1,1
05/02/2012,1,2,0,0,1,2,2,0,1,2,1,0,2,2,0,1,2,0,2,0,1,0,0,0,1,0,2,2,0,1,1,1,1,1,2,1,0,1,2,1,1,2,2,0,1,1,2,1,1,0,2,1,0,2,2,1,1,1,0,0,1,1,1,1,0,1,1,1,1,2,2,1,1,1,1,0,0,2,2,1,1,2,0,2,1,1,1,1,1,2,2,1,1,1,0,0,1,1,1,1
05/03/2012,1,0,0,0,1,2,1,2,1,0,1,0,2,1,0,1,2,0,1,0,1,0,2,0,0,1,2,2,0,1,1,1,0,0,2,1,1,1,2,0,1,2,0,0,1,1,1,0,1,0,2,1,0,2,2,1,2,1,2,1,1,0,1,1,1,1,1,1,1,2,0,2,0,2,1,0,2,1,1,1,1,2,0,0,1,2,1,0,0,2,2,1,0,1,0,0,0,1,2,1
05/04/2012,1,1,1,0,1,2,2,0,1,1,1,0,1,2,1,0,2,0,1,2,1,1,1,2,1,0,2,1,0,1,1,1,2,0,2,1,1,1,2,0,1,2,0,0,1,1,1,0,1,2,2,1,0,2,2,1,1,1,2,0,1,2,1,1,1,1,1,1,1,2,0,1,1,2,1,0,0,1,2,2,2,2,1,1,1,0,1,0,1,2,2,1,1,0,1,1,1,0,2,0
05/06/2012,2,1,2,0,2,2,2,0,1,1,1,0,1,1,1,0,0,1,0,2,1,1,1,0,1,1,1,1,2,1,1,1,1,0,2,1,1,2,0,2,0,2,1,0,1,1,1,2,1,2,2,1,0,2,0,1,0,1,2,0,1,2,1,1,1,1,1,1,2,2,1,2,0,0,1,2,0,1,0,2,2,1,2,0,2,0,2,2,0,2,2,1,2,2,1,2,2,2,2,2
05/07/2012,0,1,1,0,2,2,2,0,0,1,1,1,0,1,2,0,0,1,0,1,1,1,1,0,1,0,2,1,2,1,1,2,1,1,2,1,0,0,0,2,0,2,0,1,1,1,1,2,1,0,0,1,0,2,1,1,0,1,2,1,1,2,0,0,2,1,1,2,1,1,1,2,1,1,1,1,1,2,1,1,2,1,1,1,0,0,1,1,1,1,1,1,1,1,1,1,1,1,1,1
05/08/2012,0,1,1,1,2,0,2,0,1,1,1,0,2,1,1,0,0,1,0,1,0,0,1,2,2,2,2,0,2,1,0,0,1,1,0,0,1,0,0,2,0,2,1,2,0,2,0,2,1,2,1,0,1,1,1,0,0,1,2,0,1,2,0,0,0,0,1,0,2,1,1,2,2,1,1,1,1,1,2,2,1,1,1,1,1,1,0,1,0,2,1,0,1,0,1,2,0,2,0,0
05/09/2012,0,1,1,2,2,0,1,0,1,1,1,1,1,1,1,1,1,1,0,0,0,1,2,2,2,2,2,0,2,1,1,2,1,1,0,1,1,0,0,2,0,2,1,1,2,2,0,2,2,1,1,0,1,2,1,1,2,1,1,2,2,2,0,0,0,0,0,0,2,1,2,2,2,1,2,1,1,1,2,1,1,1,1,1,1,1,1,1,1,1,0,0,0,1,2,1,1,1,0,1
05/10/2012,0,1,1,2,1,0,1,1,1,1,1,1,2,1,2,2,1,1,1,0,2,1,1,1,2,2,1,2,2,1,2,0,1,1,0,0,2,0,0,2,1,2,1,1,2,2,0,2,1,1,1,0,2,2,2,1,0,2,1,0,0,2,0,0,2,0,1,0,1,1,1,1,1,1,1,1,2,0,1,1,1,0,2,1,1,1,1,1,1,2,0,0,1,1,1,2,1,1,1,0
05/11/2012,0,1,1,0,1,0,1,1,0,0,1,1,0,1,2,1,2,1,1,0,0,0,0,2,2,2,1,0,1,1,2,0,1,1,0,0,0,0,0,2,1,2,1,0,1,2,2,2,1,1,1,2,2,2,2,1,1,1,1,2,0,2,1,0,2,0,2,0,1,1,1,1,1,1,1,2,1,1,1,1,2,2,1,0,1,1,1,1,1,1,0,1,1,1,0,1,1,2,2,1
05/13/2012,1,1,0,2,1,1,0,0,0,0,0,1,0,1,0,1,1,0,1,0,2,0,0,2,2,2,1,2,1,1,2,0,0,0,1,0,1,0,0,2,1,2,1,2,2,2,0,2,2,1,2,1,2,0,2,0,1,1,0,2,0,0,1,2,1,1,1,0,1,0,1,1,1,0,2,2,1,2,1,1,1,2,1,0,0,1,2,0,1,1,0,0,2,1,0,1,0,1,2,0
05/14/2012,1,0,0,2,1,1,1,0,0,1,0,0,1,1,0,1,1,0,1,0,2,0,0,1,0,2,1,0,2,1,2,0,1,1,1,2,2,1,0,2,1,2,1,1,2,2,1,2,1,1,0,2,2,2,2,0,1,0,0,2,1,0,1,2,1,0,1,1,1,0,0,2,1,0,2,2,0,1,1,1,1,2,1,1,2,1,0,2,1,1,1,1,0,2,0,0,2,2,2,1
05/15/2012,1,0,0,1,2,1,1,0,0,1,0,0,1,1,0,2,1,0,1,1,2,0,0,0,0,2,1,2,1,1,2,1,0,1,1,1,1,1,2,2,2,2,2,1,2,1,0,1,1,0,0,2,2,1,0,0,1,0,0,2,1,0,1,1,1,1,1,0,0,0,0,0,1,0,2,1,0,0,2,0,0,1,0,2,2,0,2,2,2,2,0,2,2,2,2,2,2,2,0,2
05/16/2012,1,0,0,1,1,1,2,0,1,1,1,0,0,1,0,1,1,0,1,1,2,0,0,2,0,2,1,2,1,1,2,1,0,1,1,1,2,1,1,2,0,2,0,1,2,1,1,1,1,0,0,1,2,0,0,0,2,0,1,1,1,1,1,1,1,1,1,2,0,0,1,0,1,0,1,1,0,0,1,1,1,1,1,1,1,1,0,0,2,2,1,1,1,2,1,2,0,2,1,1
05/17/2012,1,1,0,1,0,1,1,0,1,1,1,2,0,1,0,1,1,0,1,1,2,0,1,0,2,2,1,1,2,1,0,1,0,1,1,1,0,2,0,2,0,0,0,1,0,1,1,1,0,0,0,1,2,1,0,0,0,0,2,2,1,1,1,1,0,1,0,2,1,1,0,2,1,1,1,1,0,2,0,1,0,1,2,1,1,1,0,1,1,1,1,0,1,1,1,1,1,1,2,2
05/18/2012,1,1,1,1,0,2,1,2,1,1,0,1,2,0,1,1,1,0,0,1,2,0,1,2,0,2,1,1,1,2,0,1,2,1,1,1,0,2,1,0,1,0,0,1,1,1,1,0,1,2,0,1,1,0,0,1,0,2,2,2,1,1,1,1,1,2,1,0,1,1,2,0,1,1,1,2,1,0,1,1,1,1,1,1,1,1,0,1,1,1,2,1,1,1,1,1,1,1,0,0
05/20/2012,1,1,0,1,0,2,0,2,1,0,1,1,0,2,1,0,0,1,0,1,1,1,1,0,0,0,1,1,1,2,0,1,2,1,0,1,2,2,1,1,1,0,2,1,1,0,2,0,0,2,2,1,2,1,0,1,0,2,2,1,0,1,1,1,0,2,1,1,1,1,0,0,1,1,1,1,1,1,0,0,2,0,1,2,1,1,0,1,1,1,2,1,1,1,1,1,1,0,1,1
05/21/2012,1,1,2,1,0,2,0,2,1,1,1,0,0,2,0,0,0,1,0,1,1,0,1,0,2,0,0,1,1,2,0,1,2,1,2,2,2,2,2,1,1,0,0,2,1,1,1,0,0,2,0,2,2,0,0,1,0,2,2,1,1,1,1,1,0,2,1,1,1,1,1,0,1,1,1,1,1,1,0,1,2,0,1,1,1,1,0,1,1,1,1,1,1,1,2,1,1,2,2,1
05/22/2012,1,1,2,0,0,2,0,2,1,2,1,1,0,1,1,2,0,1,0,0,0,0,1,1,1,0,0,2,0,0,1,0,2,0,0,1,2,2,1,1,1,0,2,1,0,1,1,0,2,1,1,1,1,1,0,1,0,2,2,1,1,1,1,1,0,2,2,1,1,1,1,1,1,2,1,1,1,2,0,1,2,1,1,1,1,2,1,1,1,1,1,0,1,1,1,1,1,1,1,1
05/23/2012,0,1,0,2,1,2,1,1,1,2,1,1,0,2,1,0,2,1,2,1,2,2,2,1,1,1,0,1,1,0,1,1,1,2,0,1,2,1,1,1,1,0,1,1,0,0,1,0,0,1,1,1,1,1,0,1,1,2,2,1,1,2,1,0,2,2,1,1,1,1,0,1,0,2,1,1,1,1,1,0,0,1,1,1,2,1,2,1,0,1,1,1,0,1,1,1,1,1,1,1
05/24/2012,0,1,0,0,1,2,0,2,1,2,1,2,1,2,1,1,1,2,1,1,1,1,1,1,0,0,2,1,2,0,1,1,1,2,2,1,2,1,0,0,0,2,1,2,0,0,1,2,0,1,2,2,1,2,1,1,1,1,1,1,1,0,1,0,0,2,1,1,2,1,0,1,0,2,1,0,2,1,2,2,0,0,2,0,2,2,2,2,2,1,0,1,2,0,0,0,2,1,0,0
05/25/2012,1,0,1,0,1,2,0,2,1,2,1,2,1,2,1,1,1,2,1,1,1,1,1,1,1,0,2,1,2,1,1,1,1,0,2,0,1,1,0,0,0,1,2,2,1,0,1,1,1,1,2,2,1,1,1,1,1,1,1,1,1,2,0,0,1,0,1,0,2,0,1,1,0,2,0,1,2,0,1,2,0,1,2,1,2,2,1,2,2,0,0,1,2,2,0,1,2,1,0,2
05/27/2012,0,2,1,2,1,0,2,2,1,2,2,0,1,0,1,0,1,0,1,2,1,1,2,1,1,1,2,1,2,1,1,2,1,0,2,2,1,1,2,0,0,1,1,2,2,0,1,0,1,0,1,2,1,1,1,1,1,0,1,0,1,2,1,0,1,1,0,0,2,1,1,0,2,2,1,1,2,1,1,1,1,1,1,1,0,0,1,1,1,1,1,2,2,0,1,1,1,2,1,2
05/28/2012,1,0,1,2,1,0,2,2,0,2,2,1,1,0,1,1,1,0,1,2,1,2,2,1,2,1,2,1,2,1,0,2,1,2,2,0,0,1,0,0,0,1,1,2,1,0,0,1,1,0,0,2,1,2,2,1,1,2,2,1,1,2,1,1,1,1,1,0,0,0,1,0,2,2,0,1,1,1,1,1,1,1,1,0,2,2,1,1,1,0,0,1,1,1,1,1,1,0,1,0
05/29/2012,1,0,1,2,2,0,2,2,0,1,2,2,1,0,1,1,0,0,1,0,1,1,0,1,2,0,2,1,0,2,2,0,1,2,2,0,0,1,1,0,0,1,2,2,1,1,0,2,1,1,2,2,1,0,2,0,1,0,2,1,1,2,1,1,1,1,0,2,2,2,1,1,1,2,1,2,1,1,1,0,2,1,1,2,0,2,0,1,2,0,1,1,1,1,1,0,1,2,2,0
05/30/2012,0,0,1,2,1,1,1,0,0,1,2,1,0,0,0,1,0,1,1,0,2,2,0,1,0,1,1,1,1,1,2,0,1,2,1,1,1,0,1,2,1,1,0,2,0,1,1,2,0,1,2,1,1,1,0,1,1,0,2,1,1,2,1,1,1,1,0,0,1,2,1,0,1,1,1,2,1,1,0,1,2,1,1,2,0,0,2,1,2,2,2,2,0,2,2,1,1,2,2,2
05/31/2012,1,1,1,2,2,0,2,0,1,0,1,1,0,0,0,1,1,1,1,0,1,1,2,1,0,1,1,2,1,1,2,0,1,2,1,0,2,0,1,0,0,0,0,1,0,1,0,2,1,1,1,1,1,1,2,1,0,1,2,1,2,2,2,1,1,1,0,1,1,0,1,1,1,2,1,2,1,2,0,1,2,2,2,2,1,1,0,0,1,2,2,2,1,2,2,2,2,2,2,1
06/01/2012,1,1,0,2,2,1,1,0,1,0,1,1,0,1,0,0,1,0,1,2,0,0,0,1,0,1,2,1,1,2,0,1,1,1,1,1,1,0,1,1,2,0,0,0,0,2,0,2,1,1,0,1,0,1,2,1,1,1,2,1,2,2,0,1,1,2,2,1,1,2,1,1,1,2,0,1,2,2,1,1,1,2,0,0,2,0,2,0,0,2,2,2,2,0,2,2,1,0,0,2
06/03/2012,1,1,0,1,2,1,1,0,1,0,1,1,0,0,1,1,2,0,0,1,0,0,0,2,0,0,1,2,1,1,1,1,1,0,1,1,1,1,1,2,1,0,2,1,0,1,0,2,0,1,2,1,0,2,1,1,1,1,2,1,2,1,0,1,0,2,2,0,1,1,1,1,1,1,2,2,1,2,2,1,1,0,0,1,2,1,1,0,2,2,2,2,2,2,1,2,2,2,2,2
06/04/2012,2,1,0,1,0,2,2,0,1,1,1,1,0,1,1,2,1,0,2,1,2,0,1,1,1,1,1,1,1,0,1,1,2,2,1,1,1,2,2,2,0,0,2,1,1,1,1,0,0,1,2,0,1,2,1,1,1,1,1,1,2,1,2,0,0,0,1,1,0,1,0,1,1,1,1,1,1,1,1,1,1,2,1,1,1,1,1,1,1,0,1,1,1,1,1,1,1,1,1,1
06/05/2012,2,0,2,0,0,1,1,1,1,1,1,1,1,1,2,1,1,2,1,1,0,0,1,1,2,0,2,1,1,0,1,1,2,1,2,1,2,2,1,2,1,2,2,1,0,1,1,1,0,1,0,0,0,0,1,2,1,1,0,0,2,2,0,0,0,0,1,1,0,1,0,2,0,0,2,2,1,1,1,0,1,0,1,1,2,1,1,1,1,0,2,1,1,0,1,1,0,1,2,2
06/06/2012,2,2,1,1,0,1,1,1,1,1,1,1,1,1,1,1,2,2,0,1,0,2,1,1,1,0,2,1,1,0,1,0,2,1,2,2,1,2,1,2,0,2,1,1,1,1,1,0,0,1,0,0,2,0,1,0,1,1,0,0,1,0,2,0,1,1,1,0,0,0,0,2,0,0,1,0,1,1,1,1,1,1,1,1,1,1,1,1,1,0,1,1,1,1,1,1,1,1,2,1
06/07/2012,1,2,1,1,0,1,1,1,1,2,1,1,0,1,1,0,1,2,1,1,2,1,1,1,1,0,0,2,1,1,2,1,2,1,2,2,1,2,1,0,0,2,1,1,0,0,1,0,0,1,2,0,1,0,0,2,1,1,0,0,1,2,1,0,1,1,0,2,1,0,0,1,1,0,1,0,1,1,1,1,1,1,1,1,1,1,1,1,1,1,2,1,1,1,1,1,1,0,1,2
06/08/2012,2,2,0,0,1,2,1,1,1,1,0,0,1,1,1,0,1,2,1,1,2,1,1,1,1,1,0,2,0,1,1,1,2,1,0,2,1,1,0,2,0,1,1,2,2,0,0,0,0,1,2,0,2,2,1,0,1,0,0,1,1,1,1,0,1,1,0,2,1,1,1,2,1,2,1,0,0,1,2,1,0,1,1,0,1,0,2,1,1,2,2,1,0,1,2,2,2,0,0,0
06/10/2012,1,2,1,2,2,1,1,1,1,1,0,2,1,2,1,0,2,2,1,1,2,1,1,1,1,1,0,1,0,1,1,1,2,1,1,2,1,2,0,0,2,0,1,1,1,2,1,0,2,1,1,1,2,1,1,1,1,0,2,1,1,1,0,0,1,2,0,2,1,1,0,1,1,0,1,1,2,1,1,1,1,1,2,1,2,0,1,2,1,1,0,1,1,1,2,0,1,1,0,0
06/11/2012,1,2,1,0,1,0,1,1,2,2,0,0,1,1,0,1,2,2,1,0,2,2,1,1,2,1,1,0,2,1,1,1,0,0,0,0,2,2,0,0,2,2,0,1,1,0,0,0,1,1,1,1,2,0,0,1,2,0,1,1,1,1,0,0,2,1,2,0,1,1,1,1,1,2,0,2,2,2,2,0,2,0,2,0,0,2,2,2,2,1,2,2,2,2,2,2,2,0,2,0
06/12/2012,2,2,1,0,1,0,1,2,2,0,2,2,1,1,0,1,2,2,1,0,1,1,1,1,0,1,1,1,2,1,1,0,1,0,0,0,2,2,0,1,2,2,0,1,1,0,0,2,1,1,1,1,2,1,0,2,1,0,1,1,1,0,2,2,1,1,1,1,2,1,1,1,1,1,1,1,1,2,1,1,1,0,2,1,1,1,2,1,1,1,1,1,2,1,1,1,1,1,1,1
06/13/2012,1,0,1,0,1,0,1,0,2,0,2,0,0,2,0,1,2,2,1,0,1,1,0,1,2,2,1,0,2,1,0,0,1,0,2,0,2,1,0,1,2,1,0,1,1,2,0,2,1,1,1,1,2,1,0,1,1,1,1,2,1,0,2,1,1,1,1,0,2,1,1,0,2,1,0,2,2,2,2,1,0,2,2,2,0,2,2,2,2,2,0,2,2,2,2,2,2,2,2,2
06/14/2012,0,0,1,1,1,0,1,0,2,2,2,1,1,2,0,1,2,2,1,0,1,0,0,2,2,1,1,1,2,1,0,0,1,0,1,1,2,2,0,1,1,1,2,1,1,0,1,0,1,0,1,0,2,1,2,2,1,1,1,2,1,0,2,0,0,1,1,1,2,1,1,1,1,1,1,0,1,1,0,1,1,0,1,1,1,1,0,0,2,0,1,1,1,1,0,1,1,1,1,1
06/15/2012,0,1,2,1,1,1,1,0,1,2,0,1,0,2,2,1,0,1,1,0,1,2,1,1,2,0,1,1,1,0,0,0,1,0,1,1,2,1,1,1,1,1,1,1,1,1,1,0,2,0,0,1,2,1,2,0,1,1,1,2,1,2,2,2,0,1,1,2,2,1,1,0,0,1,1,1,0,0,0,1,1,1,1,1,1,1,0,1,1,2,0,1,1,1,1,1,0,1,1,1
06/17/2012,0,1,0,1,2,1,1,2,1,2,1,2,1,1,0,1,1,0,1,1,1,2,0,1,2,2,2,1,1,2,0,0,0,0,1,1,0,2,0,1,1,0,0,0,2,1,1,0,2,0,1,1,2,0,2,2,1,1,1,2,1,2,2,2,0,0,1,1,2,2,2,2,1,2,2,1,2,1,1,0,2,1,2,2,2,1,2,1,2,1,0,1,2,0,2,2,1,2,0,2
06/18/2012,0,1,0,1,1,2,0,1,0,0,1,1,1,1,2,1,1,1,1,0,1,2,0,1,2,0,2,1,2,2,1,2,1,1,1,1,1,1,0,1,1,2,1,2,2,1,1,0,1,0,0,1,1,0,2,2,2,1,1,2,0,2,2,1,1,2,0,0,2,0,2,1,0,1,1,1,1,1,1,1,1,1,1,1,2,1,1,1,1,1,1,0,0,1,1,1,1,1,0,2
06/19/2012,0,1,0,2,1,2,2,2,0,0,1,2,0,1,1,1,1,1,1,1,1,2,0,2,0,0,2,0,1,2,1,0,1,1,1,1,1,1,1,1,2,0,1,0,0,1,1,2,1,1,0,2,1,0,2,2,0,0,1,2,0,1,1,1,1,1,0,0,2,0,2,1,0,0,1,0,0,0,1,2,2,0,2,1,2,1,1,2,1,0,2,1,1,0,2,2,1,0,2,2
06/20/2012,1,1,0,2,1,2,2,1,0,1,0,0,0,2,1,1,0,1,1,1,1,2,0,0,2,1,2,0,1,1,0,1,1,1,1,1,1,2,1,1,1,1,1,0,0,2,1,0,1,1,2,2,1,0,1,1,0,0,0,1,0,1,2,1,1,1,0,2,1,1,0,1,1,1,1,2,1,2,1,2,1,0,0,1,0,1,1,1,1,1,1,1,1,0,1,1,1,1,2,0
06/21/2012,1,1,2,0,1,2,2,1,0,1,0,2,0,0,1,1,1,0,1,0,1,2,0,0,1,1,2,0,0,0,1,1,0,1,1,0,1,0,1,2,1,2,1,0,1,1,0,2,2,1,2,2,1,2,1,1,0,0,2,1,0,0,2,1,1,1,0,0,1,0,1,1,1,1,0,1,0,2,1,2,2,2,2,2,1,0,0,2,2,2,0,2,1,2,0,1,0,1,2,0
06/22/2012,1,1,2,0,2,2,2,2,1,1,2,1,0,1,1,1,1,2,2,1,0,2,1,1,1,1,2,1,0,1,1,1,0,1,0,0,1,0,1,1,1,0,1,1,1,1,0,1,0,1,2,2,1,1,1,1,0,0,0,1,1,2,1,1,1,1,1,1,2,1,1,0,2,1,1,1,0,0,0,2,2,2,0,1,1,0,0,2,2,0,1,0,1,1,1,1,0,1,1,1
06/24/2012,2,1,1,0,1,2,2,1,1,1,0,1,0,1,0,0,1,2,1,1,0,1,1,1,1,2,1,2,2,1,2,1,2,2,0,0,0,0,1,1,1,1,1,0,1,1,0,2,0,2,1,0,1,1,0,1,0,0,0,1,2,1,2,1,0,1,1,0,1,2,0,0,1,1,0,0,0,2,0,2,2,1,0,0,1,0,0,1,2,1,0,2,2,2,0,1,1,1,1,1
06/25/2012,2,1,1,1,2,1,2,2,1,0,2,1,0,1,1,1,1,1,1,1,0,2,1,1,1,1,1,2,1,1,1,1,2,2,0,0,0,0,2,1,1,1,1,1,1,0,0,0,1,1,1,0,1,1,0,1,1,0,1,0,1,0,2,1,0,1,1,0,1,1,0,0,2,2,0,2,2,2,0,2,2,1,0,2,2,0,1,0,2,0,2,0,2,2,2,0,2,2,2,2
06/26/2012,2,1,0,1,1,1,1,2,1,1,1,1,1,2,2,0,2,2,1,1,0,0,2,1,1,2,1,0,0,1,2,1,2,2,0,0,1,2,0,1,2,1,1,1,0,1,0,2,2,1,1,0,2,1,0,0,2,1,1,1,0,0,1,1,2,1,1,2,1,1,0,0,2,1,0,1,1,1,1,1,1,1,1,1,2,0,2,1,1,1,2,1,2,1,0,0,2,2,1,0
06/27/2012,0,1,1,1,1,1,1,2,1,0,1,1,1,1,2,0,0,2,1,1,0,0,1,1,1,2,0,1,1,1,1,2,2,2,0,0,2,2,0,1,2,0,1,1,1,0,1,2,1,1,2,1,2,2,0,0,0,2,1,1,1,0,1,1,2,2,1,1,0,1,0,0,2,0,2,1,0,1,0,1,1,1,1,0,2,1,2,0,2,2,2,0,1,1,2,2,2,2,0,2
06/28/2012,0,1,1,1,2,1,1,2,1,2,1,1,1,1,0,0,2,2,2,1,1,0,1,1,1,1,0,1,1,1,1,1,2,2,1,1,1,2,0,1,2,0,1,1,1,0,1,1,1,0,2,1,2,2,0,0,2,2,2,1,1,1,1,1,0,0,1,1,1,0,0,0,2,1,2,1,2,2,1,1,1,2,0,1,0,1,1,0,1,2,1,1,2,1,2,1,1,2,2,2
06/29/2012,0,1,1,1,0,1,1,1,0,1,1,2,0,2,1,0,0,2,0,1,0,0,1,1,0,2,0,1,1,1,1,0,2,2,0,1,2,1,1,2,0,0,1,1,0,1,0,1,0,0,0,1,2,2,0,0,2,2,0,1,1,2,1,0,2,2,0,2,0,0,1,1,2,1,2,0,2,2,1,2,2,2,0,2,0,0,2,2,2,2,2,2,2,0,1,2,2,2,2,2
07/01/2012,1,1,2,1,1,1,1,1,0,0,1,0,1,2,1,1,2,1,0,1,0,0,1,1,2,0,0,2,1,0,1,1,1,1,0,1,2,0,0,1,0,0,1,1,0,1,1,2,0,0,2,1,2,2,0,2,1,1,1,0,1,1,1,0,2,0,1,2,0,0,1,1,2,0,0,2,2,0,2,2,0,2,2,2,2,2,2,2,2,2,2,1,2,2,0,0,2,2,2,0
07/02/2012,1,1,2,1,1,1,1,1,1,1,2,1,0,0,1,1,1,0,1,2,0,1,2,2,0,0,0,2,1,0,1,1,0,1,0,1,0,1,1,1,2,1,1,1,0,1,1,2,0,0,2,1,2,0,2,2,1,0,1,1,1,1,1,1,2,0,1,0,1,0,1,1,2,2,1,1,2,2,2,2,0,0,2,2,1,1,1,1,1,1,1,0,1,0,2,1,1,1,1,1
07/03/2012,1,1,2,1,1,1,1,1,1,1,1,1,0,0,1,1,1,1,2,2,0,1,0,0,0,1,1,1,0,2,1,1,0,1,1,1,1,1,1,1,1,1,1,2,0,1,1,2,1,0,0,1,2,2,0,2,1,0,1,2,1,1,1,2,2,0,0,0,1,2,1,2,2,2,2,1,2,2,2,2,0,0,2,2,0,2,2,2,2,0,2,2,0,2,0,0,1,0,2,1
07/04/2012,1,1,2,1,1,0,1,2,1,1,2,1,2,0,1,1,2,0,0,2,0,1,0,1,2,1,1,1,0,2,1,0,0,0,0,1,2,0,0,1,1,1,1,0,1,2,1,2,2,0,0,0,2,2,2,2,0,2,1,2,1,1,1,2,2,1,0,0,0,1,0,0,1,2,1,2,2,2,2,2,0,1,0,2,0,2,0,2,2,0,2,2,0,2,2,0,1,2,2,2
07/05/2012,2,2,2,0,1,0,0,0,1,1,1,1,1,0,1,0,1,0,2,2,0,1,0,2,1,1,2,1,2,2,1,2,0,1,2,1,1,0,0,2,1,0,1,2,1,2,1,2,2,0,0,0,1,0,2,2,2,0,0,2,1,2,1,1,0,1,0,1,0,1,0,2,1,2,1,2,1,1,1,2,1,1,0,2,2,2,0,1,1,0,1,2,0,1,0,1,1,0,1,0
07/06/2012,1,2,0,0,1,0,0,1,1,1,1,1,1,1,1,0,2,1,1,2,0,1,0,0,1,1,2,1,1,2,0,1,0,2,1,1,1,0,1,0,1,1,0,2,2,1,0,2,2,0,1,2,1,2,2,2,1,1,0,0,1,0,1,2,0,1,1,1,0,1,0,0,1,2,2,1,1,1,1,2,2,0,0,1,2,0,0,1,2,0,2,2,0,1,1,1,1,0,1,0
07/08/2012,2,0,0,0,1,1,2,2,1,1,1,1,1,1,1,1,1,1,1,2,1,1,0,0,1,1,2,1,1,2,0,0,0,0,1,0,1,2,1,0,1,1,2,2,2,2,0,1,2,1,2,2,1,1,2,2,1,1,0,0,1,2,1,2,1,2,2,1,2,0,1,0,1,1,2,1,2,1,1,1,2,1,2,1,2,0,0,0,1,0,1,2,1,2,0,2,2,2,0,0
07/09/2012,2,2,0,0,0,2,2,2,0,1,1,1,1,1,1,1,0,1,1,0,1,1,0,0,1,1,2,1,2,2,0,0,0,1,0,0,1,2,1,0,1,0,1,2,0,2,2,2,2,1,2,2,0,1,1,2,1,1,0,1,1,2,1,2,1,0,1,0,1,0,1,2,1,1,2,1,2,1,1,1,1,2,1,1,2,0,0,0,1,1,0,0,1,0,1,0,2,1,2,1
07/10/2012,2,0,0,0,1,1,2,2,1,0,1,0,2,1,0,0,0,0,1,1,1,1,0,2,0,1,0,1,1,2,1,0,1,2,2,0,1,2,1,2,0,1,1,1,1,2,2,2,1,1,0,2,0,1,1,0,0,1,1,1,1,2,1,2,1,0,1,0,1,0,0,2,1,1,1,1,1,0,1,0,1,2,1,1,1,1,2,0,1,2,1,0,1,1,1,1,2,1,0,1
07/11/2012,0,1,1,0,0,1,2,2,2,0,1,1,2,0,0,0,0,1,1,1,1,1,1,0,1,1,1,1,2,2,2,1,1,1,2,2,1,1,1,2,0,1,0,1,0,1,2,1,1,2,2,2,2,1,1,0,1,0,1,1,1,2,2,1,1,0,1,0,1,0,0,2,0,0,0,2,1,2,2,0,1,2,1,2,0,1,0,0,2,0,0,1,1,2,1,1,1,1,0,1
07/12/2012,1,2,2,1,1,1,2,2,1,0,1,1,2,1,2,0,2,1,1,1,1,0,2,2,2,0,0,2,2,0,2,1,1,1,2,1,2,1,1,2,0,0,1,1,0,1,2,1,1,1,1,0,0,1,1,0,2,0,1,1,1,2,2,0,1,0,1,0,1,0,0,2,0,0,1,0,1,2,2,0,2,2,2,0,1,1,2,0,2,0,0,0,2,0,0,2,0,1,1,2
07/13/2012,0,1,2,0,0,1,2,2,1,1,1,2,2,1,2,0,1,2,0,1,1,0,2,2,0,0,1,0,2,0,1,1,1,1,2,1,2,2,1,0,0,1,1,1,2,1,0,0,1,1,1,1,1,0,1,2,2,1,0,1,1,2,2,1,1,0,1,0,0,0,2,2,2,0,2,2,1,2,2,0,2,2,1,0,0,2,2,0,0,2,0,0,0,0,2,2,0,0,0,0
07/15/2012,2,2,2,2,2,1,1,1,1,1,1,1,0,1,1,0,1,0,0,1,1,0,2,1,1,0,1,0,0,1,1,0,1,0,2,0,2,2,1,2,2,1,1,1,1,1,1,1,1,1,1,1,1,1,1,1,1,2,0,1,1,2,0,0,0,0,0,1,0,0,1,2,2,2,2,2,0,2,2,2,2,2,0,0,0,2,1,2,2,2,2,2,0,2,2,2,0,0,0,2
07/16/2012,0,2,2,1,1,2,1,1,2,1,0,1,2,1,1,0,1,0,0,2,0,0,1,2,1,2,1,0,1,0,1,1,1,0,2,1,2,2,2,2,2,2,1,1,1,1,1,1,1,1,0,2,2,1,0,1,2,1,1,1,1,2,0,1,0,1,1,1,0,2,2,2,2,0,0,2,2,2,2,2,0,2,0,0,0,2,1,1,2,0,2,2,0,0,2,0,2,0,0,2
07/17/2012,0,1,1,1,1,2,1,2,2,2,0,1,2,2,1,1,1,0,1,0,2,1,1,1,1,1,1,0,1,1,1,1,0,0,1,2,2,1,2,1,2,2,1,1,1,1,1,1,0,1,0,0,1,1,0,1,2,2,2,1,1,1,0,1,1,1,1,1,0,2,2,1,2,2,0,1,2,1,2,1,1,2,0,1,0,0,2,2,2,0,0,2,1,0,1,1,2,0,0,1
07/18/2012,0,1,1,2,1,2,1,1,2,1,0,2,1,0,1,1,1,0,1,0,0,1,1,2,0,1,1,1,0,1,1,1,0,2,0,0,1,1,2,1,2,2,1,1,1,0,1,1,0,0,0,2,1,1,0,0,2,1,1,1,1,1,0,0,0,2,0,2,0,2,2,1,2,2,2,1,2,2,2,2,1,2,0,0,0,0,2,2,2,0,2,2,2,2,2,2,2,2,2,2
07/19/2012,0,1,2,0,1,2,0,1,2,2,2,1,1,1,1,2,1,1,1,0,0,1,1,2,1,1,1,1,0,0,1,2,0,1,0,0,2,1,1,1,2,2,1,0,1,1,2,1,0,2,0,0,0,1,2,0,2,2,1,1,1,1,1,0,1,1,0,2,1,2,1,1,2,1,2,1,2,1,2,0,1,0,0,0,1,1,0,2,1,1,1,1,1,0,1,1,2,0,0,0
07/20/2012,1,1,1,0,1,2,2,1,0,1,2,2,1,0,1,1,1,1,1,0,0,1,0,2,1,2,0,0,0,1,1,0,0,2,1,0,2,1,1,1,2,2,0,1,1,1,2,1,0,2,0,1,1,2,0,0,2,0,1,1,1,0,1,0,0,1,0,2,1,0,1,0,2,2,2,1,0,1,2,0,1,0,0,2,1,1,0,2,0,0,1,0,1,1,0,0,1,2,2,0
07/22/2012,1,1,1,0,1,2,2,1,0,0,2,2,1,1,1,1,2,1,1,1,0,1,1,2,1,1,0,1,1,1,1,1,0,2,1,0,1,0,1,0,2,1,0,1,0,1,0,2,1,2,1,1,1,2,0,0,2,1,1,1,1,0,1,0,1,1,0,1,1,2,1,0,0,2,0,0,1,1,1,1,1,1,1,1,1,1,1,1,1,1,0,1,1,1,0,2,1,1,1,0
07/23/2012,1,1,1,1,1,2,0,1,0,2,2,1,1,0,1,0,0,1,1,1,0,1,0,2,0,0,0,1,1,1,1,1,1,2,0,0,1,1,1,0,1,1,0,1,0,1,0,0,1,2,1,1,1,2,0,0,2,0,1,1,0,2,0,2,1,2,0,1,1,2,0,0,0,2,1,0,1,2,1,2,1,2,2,1,2,2,1,2,2,0,0,0,2,0,0,0,0,0,1,1
07/24/2012,2,1,0,2,0,1,2,1,0,2,2,1,0,1,1,0,0,0,0,1,0,1,0,2,0,2,0,0,1,2,1,1,1,2,0,1,1,2,0,1,0,1,0,1,0,1,0,0,2,2,1,2,1,2,0,2,1,1,2,0,1,1,0,2,1,2,0,0,2,1,1,0,0,2,1,1,0,0,1,0,2,2,2,0,2,2,2,0,2,1,2,0,1,2,2,1,0,0,0,0
07/25/2012,1,1,0,1,0,1,2,1,1,1,2,1,1,0,1,0,1,1,2,1,0,1,0,2,0,2,1,0,1,2,1,0,1,0,2,1,1,1,1,0,0,1,0,1,0,1,0,0,2,1,1,2,0,1,1,1,1,1,0,0,0,1,0,2,2,2,2,0,0,2,0,1,0,1,2,2,0,0,2,0,2,2,2,2,2,2,2,2,0,0,2,0,2,2,2,0,2,2,2,2
07/26/2012,2,0,0,1,1,1,2,1,2,0,1,0,2,1,1,0,0,1,0,1,0,2,1,1,0,1,1,0,1,2,1,0,1,0,2,1,1,1,1,1,0,1,2,2,0,1,1,2,0,1,1,2,0,1,2,0,0,1,1,0,0,1,0,2,0,2,2,0,2,1,0,1,1,0,2,1,0,0,2,2,0,2,2,2,2,2,2,1,2,2,1,2,2,1,2,2,0,2,2,2
07/27/2012,2,1,0,1,0,1,2,0,1,1,2,1,2,1,1,0,0,1,0,0,1,0,1,1,0,1,1,0,0,2,1,0,1,1,2,1,1,0,0,1,0,0,2,0,1,0,1,1,1,1,0,2,2,1,1,1,1,1,1,2,1,1,1,2,0,2,2,0,2,0,0,0,1,0,0,1,1,0,1,1,0,2,2,2,2,2,2,1,1,1,1,1,0,1,0,0,0,0,2,0
07/29/2012,2,1,0,1,0,1,1,1,1,2,1,0,2,1,1,1,2,2,0,2,1,0,1,1,0,1,2,0,1,0,1,0,1,1,1,1,1,0,0,2,1,0,2,0,1,0,1,1,2,1,2,2,0,2,0,1,1,1,1,2,1,1,1,0,0,1,0,1,1,2,0,1,1,0,0,1,1,0,0,1,1,1,2,2,2,2,1,1,1,1,1,1,0,1,1,2,0,0,1,2
07/30/2012,2,0,0,1,1,1,0,2,1,1,0,2,2,0,0,1,1,0,1,2,2,1,1,1,0,1,2,2,1,1,1,0,1,0,1,0,1,0,0,2,1,0,2,1,1,1,1,1,1,1,1,2,0,2,0,1,1,1,1,1,0,1,1,2,0,1,1,2,2,0,0,1,1,2,0,2,2,0,2,2,1,1,2,2,2,1,1,2,0,0,1,2,0,0,1,2,1,0,1,0
07/31/2012,0,0,2,0,1,1,2,1,2,1,1,0,2,0,0,1,1,0,0,2,2,0,1,1,2,1,2,1,0,1,1,1,1,0,0,2,1,0,0,0,1,2,2,1,1,0,1,1,1,1,1,2,0,2,0,2,1,1,2,1,1,1,1,2,0,1,1,0,2,0,1,1,0,0,2,2,2,2,0,2,2,0,1,2,2,2,2,2,2,0,0,2,0,2,2,0,0,1,0,2
08/01/2012,1,0,1,0,1,1,0,2,0,1,0,2,2,0,0,0,1,1,1,2,2,1,1,1,0,1,1,1,0,1,1,1,0,1,0,2,1,2,0,2,1,0,1,1,0,0,1,1,1,0,0,0,2,2,0,0,1,0,2,1,0,0,1,2,2,1,1,1,1,1,1,0,2,2,2,2,2,2,0,0,2,0,2,2,2,0,2,1,2,0,1,2,2,2,2,2,2,0,1,2
08/02/2012,1,0,1,0,2,1,1,0,2,1,0,0,2,1,0,0,1,1,1,2,2,1,2,1,1,1,1,1,0,1,2,2,1,1,0,2,1,1,0,2,1,0,1,1,2,0,1,1,1,0,0,0,0,1,0,2,1,2,2,1,1,0,1,1,1,1,0,1,1,1,1,0,2,1,2,0,2,2,0,2,2,0,1,1,0,1,2,0,0,0,0,1,1,2,1,1,0,1,1,2
08/03/2012,1,2,1,0,2,1,0,0,2,1,0,0,1,1,0,0,1,2,2,2,2,1,2,1,1,1,0,2,0,1,2,1,0,0,2,1,0,1,0,2,1,2,1,1,0,0,0,1,1,0,0,2,0,1,1,2,1,0,2,1,1,0,1,1,1,1,0,1,1,1,1,0,2,1,2,0,1,2,2,2,2,2,2,2,1,2,2,0,2,1,0,2,2,0,2,0,2,2,0,0
08/05/2012,1,0,1,2,2,1,0,0,2,1,0,1,1,2,1,2,1,2,2,1,2,1,2,0,2,1,0,1,0,1,0,2,1,0,1,1,1,2,0,2,1,2,2,1,0,0,0,1,0,1,0,1,1,1,1,2,1,0,0,1,1,1,1,1,1,0,1,1,1,1,2,0,2,2,0,1,1,1,1,1,2,2,2,1,1,2,1,1,1,1,0,1,1,1,0,1,1,0,0,1
08/06/2012,1,1,1,2,2,1,1,0,2,1,0,1,1,2,1,2,2,2,1,1,2,0,1,0,2,1,0,1,1,1,0,1,1,0,1,1,1,1,1,2,0,2,1,1,1,0,0,0,0,2,2,1,1,1,1,1,1,0,0,0,1,2,1,1,1,0,1,2,0,2,0,2,2,1,2,1,1,0,1,0,2,1,2,1,0,2,1,1,1,1,0,1,1,1,0,1,1,2,2,1
08/07/2012,0,1,2,2,0,0,1,1,1,0,0,1,1,2,1,2,2,2,2,1,1,0,0,0,1,1,0,1,2,1,0,2,0,0,1,0,1,1,1,1,2,2,1,0,0,0,1,0,0,1,2,1,1,0,1,1,1,0,0,0,1,2,1,1,1,0,1,2,0,2,2,2,1,0,2,1,1,1,1,2,2,1,2,2,0,2,1,0,1,2,1,1,2,0,1,1,1,0,2,1
08/08/2012,2,1,0,2,0,2,1,1,0,1,0,1,0,0,1,2,2,2,1,1,1,2,0,2,1,1,1,0,1,0,0,1,0,0,1,0,1,2,1,0,0,2,0,0,1,0,2,1,0,2,2,1,0,0,2,1,1,1,1,1,1,2,0,1,0,2,1,2,1,2,2,1,2,0,0,2,0,1,1,2,1,1,2,2,0,2,0,1,2,2,1,0,0,2,0,2,1,0,2,2
08/09/2012,2,1,0,2,1,2,1,1,0,1,1,2,1,0,1,1,2,2,0,1,1,2,1,2,1,1,0,0,1,1,1,2,0,0,2,1,0,0,1,1,2,1,0,0,1,1,1,1,0,2,2,2,0,0,2,1,1,1,1,1,2,0,0,0,0,2,2,1,0,2,2,0,0,0,0,2,2,1,2,2,1,1,1,2,0,0,2,1,2,2,0,0,2,0,0,2,2,2,1,1
08/10/2012,0,1,1,2,1,2,0,1,2,1,1,2,1,1,1,1,2,2,0,0,1,2,2,1,1,1,1,1,1,1,1,2,0,1,0,1,0,0,1,0,2,2,0,0,1,1,1,1,2,1,1,1,1,0,0,1,0,1,1,2,2,2,1,0,0,2,0,1,1,1,2,0,1,2,1,2,1,2,2,1,1,2,1,2,0,1,0,1,2,2,1,0,0,0,1,2,2,2,2,1
08/12/2012,2,1,0,2,1,1,2,1,0,1,1,2,1,1,0,1,2,1,0,1,0,2,0,2,0,1,1,1,2,1,1,2,2,1,1,0,0,0,0,1,1,2,0,1,1,0,1,0,1,1,1,2,1,1,1,1,2,1,1,1,1,2,1,0,1,2,0,1,1,1,0,1,0,1,1,2,2,2,2,2,0,0,0,2,0,2,2,0,2,1,2,0,0,0,1,0,0,0,0,0
08/13/2012,2,0,2,1,1,2,2,1,0,1,1,1,1,1,0,1,1,0,0,1,0,1,1,2,0,1,1,1,0,1,1,0,0,1,0,1,1,1,0,0,1,0,2,1,1,0,0,1,1,0,2,0,1,1,1,0,2,0,1,1,0,2,1,0,1,2,0,1,1,1,1,0,1,1,1,1,1,2,2,2,2,0,1,2,0,2,2,0,2,1,0,0,2,2,2,1,0,2,1,0
08/14/2012,0,2,2,1,1,0,2,0,0,2,1,1,1,1,0,2,1,1,1,1,0,1,1,2,0,1,0,1,2,1,1,0,2,1,0,1,0,1,0,0,1,0,0,1,1,0,1,1,1,0,0,0,2,1,1,0,2,0,0,1,1,2,1,1,1,1,0,1,1,1,1,0,0,1,1,1,1,2,0,2,2,0,0,2,2,1,2,0,2,0,2,0,1,2,1,0,0,2,1,0
08/15/2012,1,2,2,1,1,1,2,1,0,2,2,1,1,1,0,1,1,1,1,1,1,1,1,2,1,1,0,1,0,1,1,1,2,2,0,1,0,1,2,0,0,0,1,1,1,2,1,2,2,2,0,0,0,1,1,2,2,2,1,1,1,2,1,1,1,1,1,1,1,1,1,0,0,0,1,1,1,1,2,2,2,1,0,1,1,2,0,0,1,1,2,1,1,1,1,1,2,2,1,0
08/16/2012,1,2,2,0,2,1,2,1,1,2,2,1,1,1,1,1,1,1,1,1,2,1,1,2,1,1,0,0,0,1,1,1,1,2,0,2,0,1,2,1,1,0,1,0,1,0,1,1,0,1,0,0,0,1,0,0,2,2,1,1,1,2,1,1,1,1,1,0,0,0,1,1,0,0,0,1,1,1,1,1,2,2,0,2,2,2,1,0,2,1,2,1,0,1,1,0,0,0,0,0
08/17/2012,1,2,2,0,2,1,2,1,1,2,2,1,0,1,1,1,1,1,1,1,0,1,0,0,1,1,1,0,2,1,2,0,1,2,1,2,1,2,2,1,1,2,1,1,1,1,1,1,0,1,1,1,0,2,0,0,0,2,2,0,1,2,1,1,1,1,2,0,0,0,0,0,0,0,0,0,0,1,1,1,2,2,0,2,2,1,2,0,2,0,2,0,2,2,0,2,2,0,2,2
08/19/2012,1,1,2,0,2,1,2,1,1,0,2,0,0,1,1,1,0,0,1,2,2,1,0,0,1,0,2,0,1,1,1,1,1,0,1,2,1,2,2,1,1,1,1,2,1,1,2,1,1,1,1,1,2,2,1,1,2,2,2,0,1,1,2,1,1,0,0,2,0,1,0,1,1,1,0,0,0,1,1,1,2,1,0,2,1,1,2,2,2,0,1,1,0,1,1,1,1,1,1,2
08/20/2012,1,1,0,0,2,1,2,0,1,0,0,0,0,0,1,1,0,0,1,0,1,1,0,0,0,0,2,0,1,1,0,1,1,0,1,2,1,2,1,1,0,1,1,0,0,1,1,2,2,1,2,1,2,2,1,1,2,2,2,0,1,1,2,1,1,0,2,1,0,1,0,1,0,0,0,0,0,2,2,2,2,2,0,2,1,1,2,2,2,0,1,0,0,2,1,0,0,2,0,0
08/21/2012,2,1,0,0,2,0,2,2,1,1,0,1,0,1,1,1,2,0,0,2,1,0,0,0,0,0,0,0,2,1,0,0,1,0,2,0,1,2,1,1,0,1,1,1,0,1,1,0,1,0,1,1,2,1,1,1,1,2,2,0,1,1,0,0,2,2,2,1,0,0,0,1,1,0,1,0,0,2,1,2,1,2,1,2,0,1,1,2,1,2,2,0,0,0,1,0,0,0,1,0
08/22/2012,2,1,0,0,2,1,2,2,2,1,0,2,0,0,1,0,0,1,2,2,1,0,0,2,0,0,2,2,2,2,0,0,2,0,0,2,1,0,1,1,2,1,1,0,1,1,1,0,1,0,2,1,1,2,1,0,1,2,2,0,0,1,0,0,0,2,2,1,0,1,2,2,1,0,1,1,1,2,2,2,1,2,1,1,0,1,0,1,1,2,2,1,0,1,2,0,0,0,0,0
08/23/2012,2,1,0,1,2,1,2,2,0,1,0,2,0,0,1,1,1,1,2,2,0,1,2,0,0,2,2,2,1,1,0,0,2,2,2,1,1,2,1,1,0,2,2,0,1,1,1,0,1,0,2,1,2,1,0,0,0,1,1,0,0,1,0,0,0,2,2,0,2,2,0,1,1,1,1,1,1,2,1,2,2,2,1,1,1,2,1,1,0,2,2,2,0,0,1,2,0,0,0,0
08/24/2012,2,1,1,1,1,1,0,2,0,1,2,1,2,1,1,2,2,2,0,2,0,0,2,1,1,0,2,1,2,1,1,2,2,1,0,1,1,1,1,2,1,2,1,2,1,1,1,0,0,0,1,1,1,1,1,0,1,1,1,1,0,1,1,0,0,1,0,0,1,0,2,0,0,1,2,1,1,1,2,2,2,2,2,1,0,2,1,1,1,1,1,1,1,1,1,2,2,1,1,1
08/26/2012,2,1,1,0,1,1,0,2,0,1,1,1,2,0,1,1,1,2,2,0,0,0,2,1,1,0,1,1,2,0,1,0,0,1,0,2,2,1,1,1,1,2,0,2,2,1,1,1,0,0,1,2,1,1,2,0,1,1,1,1,1,0,2,0,1,1,2,0,2,2,1,2,0,2,2,1,0,2,2,1,2,1,1,2,2,0,1,1,1,1,1,2,2,0,1,1,2,0,1,1
08/27/2012,2,0,1,1,2,0,1,0,0,2,1,1,1,1,1,0,2,2,2,1,0,0,2,0,1,0,0,2,0,1,1,2,1,1,0,1,0,1,1,1,1,2,1,0,1,2,0,1,1,0,1,0,0,1,2,0,1,1,1,0,1,1,0,0,1,1,1,0,0,0,0,0,0,0,2,0,0,1,2,1,2,1,2,2,1,0,2,0,2,2,1,2,2,2,0,2,2,2,2,2
08/28/2012,2,0,1,1,1,1,1,1,0,0,1,1,2,1,1,2,2,2,2,1,1,0,1,1,1,0,0,1,0,0,1,2,2,1,0,0,0,0,1,0,0,2,1,2,0,0,2,1,1,1,0,1,1,1,1,1,1,1,1,2,1,1,1,1,1,1,1,0,0,1,1,0,0,2,2,2,2,0,1,1,2,1,2,2,2,0,1,1,1,1,0,1,2,0,1,1,1,1,0,0
08/29/2012,2,1,1,1,0,1,1,1,0,0,1,1,1,1,1,0,2,2,2,1,1,1,2,1,1,0,0,1,0,2,0,0,2,1,1,2,2,0,0,1,1,0,2,0,0,0,0,1,1,1,0,0,1,1,2,1,1,1,1,2,1,0,1,1,1,0,1,2,0,1,2,1,1,2,2,2,2,1,1,1,0,0,0,2,2,0,2,0,2,2,2,2,2,1,1,2,2,0,2,0
08/30/2012,2,1,1,2,1,0,1,1,0,0,2,1,2,2,1,1,2,2,0,1,1,2,0,1,1,1,0,0,1,2,0,2,1,1,1,2,0,0,1,0,1,0,2,0,0,0,0,2,2,1,0,0,2,1,1,1,1,1,0,2,1,0,1,1,1,0,1,2,0,1,1,1,1,0,0,2,0,1,1,2,0,0,0,0,2,0,2,0,1,2,0,0,2,1,1,0,0,2,2,0
08/31/2012,1,1,1,2,0,0,1,1,1,2,1,1,0,0,0,1,2,2,1,1,1,2,1,0,1,1,1,2,1,2,2,2,1,1,1,2,0,1,1,1,1,1,2,1,0,0,1,1,1,1,1,0,2,1,1,1,1,0,0,0,1,1,1,1,1,0,1,1,0,1,1,1,1,1,2,0,2,0,1,2,0,0,0,1,2,0,2,2,2,2,0,0,2,2,0,0,0,2,2,2
09/02/2012,1,1,0,2,0,0,1,1,1,2,2,1,1,0,0,1,2,1,1,1,1,2,1,0,2,1,1,0,0,2,0,0,2,1,1,2,0,0,0,1,1,1,2,1,1,2,2,1,1,1,0,0,2,1,1,1,1,0,0,0,2,1,1,1,1,0,2,1,1,1,1,1,2,0,2,1,2,2,2,2,2,0,0,1,0,1,1,2,0,2,0,0,1,0,0,2,1,2,1,2
09/03/2012,0,1,0,2,0,0,0,1,1,1,0,1,1,0,0,1,1,0,1,2,1,2,1,1,0,1,1,1,1,2,2,0,1,2,1,2,2,0,0,1,1,1,0,1,1,2,2,1,0,0,0,0,2,0,1,1,0,1,0,0,2,1,1,1,0,1,0,1,1,0,1,1,2,1,2,1,0,2,0,2,0,0,2,0,2,1,2,2,0,2,0,0,1,2,0,1,0,2,1,2
09/04/2012,1,0,0,1,1,1,0,1,1,1,0,1,1,1,0,2,1,1,1,0,0,0,1,1,0,1,1,0,1,1,2,0,2,2,1,2,0,1,0,1,1,1,2,1,2,2,2,0,0,1,0,2,2,0,0,2,0,2,1,1,0,1,1,1,0,0,0,1,1,1,1,1,0,1,2,1,2,0,2,2,2,2,1,1,0,1,1,2,1,2,1,2,0,0,1,2,0,0,2,0
09/05/2012,1,1,2,1,1,1,1,1,1,1,0,1,1,1,1,2,1,1,1,0,0,0,1,1,0,1,1,0,1,1,2,0,0,2,2,1,1,2,0,1,1,1,0,0,1,2,2,1,0,0,0,2,0,0,1,2,2,2,2,1,2,1,2,1,0,1,0,2,1,2,0,0,2,2,0,0,2,2,2,1,2,2,2,0,2,0,2,1,1,2,1,2,0,1,1,2,2,0,0,0
09/06/2012,2,0,2,1,1,1,2,1,1,1,2,1,0,1,0,1,0,0,1,2,2,0,1,1,0,1,0,0,1,1,2,0,0,2,0,1,1,2,0,1,1,1,1,2,1,2,2,2,2,0,1,2,2,0,0,2,1,2,0,1,2,2,0,1,0,1,1,2,1,1,2,0,2,2,1,0,2,1,2,1,2,2,2,1,1,0,2,0,1,2,2,1,0,2,2,0,1,0,0,2
09/07/2012,2,0,2,0,2,1,2,1,1,1,1,1,1,1,1,1,0,0,1,1,0,0,1,0,1,1,1,0,1,0,1,1,0,1,2,1,1,0,1,1,1,2,1,0,1,2,2,2,2,0,2,1,0,1,0,2,1,1,2,1,2,2,0,1,1,2,0,0,1,2,0,0,0,2,0,0,2,1,2,1,2,2,2,0,2,1,2,2,2,2,1,1,0,2,2,0,0,0,1,0
09/09/2012,2,0,0,1,2,1,2,1,1,0,1,1,2,1,1,1,0,0,0,1,0,0,0,0,1,1,1,0,2,1,2,1,1,2,0,1,1,1,0,1,1,2,1,2,1,1,1,0,2,0,2,2,1,2,0,2,1,1,2,1,2,2,0,2,1,2,0,2,0,2,1,0,0,2,0,0,1,1,2,1,2,1,1,0,1,0,2,1,0,1,2,2,1,0,2,1,1,1,0,0
09/10/2012,0,0,1,1,2,1,0,0,1,0,2,1,1,1,0,1,0,1,0,1,1,2,0,0,2,1,1,0,0,0,1,1,1,2,0,1,0,1,1,1,1,2,1,2,1,2,2,0,2,1,2,2,1,2,0,2,1,1,2,2,2,2,0,0,1,2,2,0,1,0,1,1,0,2,0,0,1,2,2,1,2,1,2,0,0,0,1,2,0,0,2,1,1,0,2,0,0,0,0,0
09/11/2012,0,0,1,0,2,1,0,0,1,0,0,1,0,1,1,1,0,1,0,0,1,0,0,0,1,1,0,0,2,2,2,2,1,2,2,1,1,2,1,1,1,2,2,1,0,2,1,1,2,1,2,2,1,2,0,2,1,1,2,2,1,1,1,1,1,2,2,1,0,2,1,1,0,2,0,1,1,0,0,1,1,2,2,1,0,1,1,0,0,1,0,0,1,0,1,0,1,0,0,0
09/12/2012,0,1,1,1,2,0,0,1,0,0,0,2,0,1,1,0,1,0,0,0,0,1,0,0,1,0,0,0,1,0,1,0,1,1,2,0,1,1,1,1,1,0,1,1,2,0,1,2,2,1,2,1,0,2,2,0,1,1,0,1,0,0,0,1,1,0,1,1,2,2,2,1,2,2,0,2,2,0,2,2,2,1,2,0,2,2,1,2,1,2,0,2,2,2,1,2,2,2,2,2
09/13/2012,0,1,1,1,2,0,0,1,1,1,1,2,0,1,1,1,1,1,0,0,1,2,2,0,1,1,0,1,1,0,2,0,1,1,2,0,1,2,1,1,1,1,2,1,1,0,0,0,2,1,2,1,0,0,0,1,1,0,0,2,1,1,1,1,2,1,2,1,0,2,1,1,2,0,1,2,0,1,1,1,1,0,2,0,2,1,0,0,1,1,1,2,2,0,1,2,2,2,0,0
09/14/2012,0,0,1,1,2,0,1,1,0,1,1,2,0,0,2,1,0,1,1,0,1,1,2,1,0,1,0,1,1,1,1,1,1,0,1,0,0,2,1,1,0,1,2,1,1,1,1,0,1,1,1,0,0,2,2,1,0,0,1,2,1,1,2,0,2,0,2,0,2,2,1,1,2,1,1,1,2,1,1,1,1,0,0,2,2,1,1,0,1,2,2,2,2,1,2,0,2,1,1,0
09/16/2012,0,2,0,1,1,0,1,2,2,1,1,1,0,0,0,1,1,1,1,2,1,1,2,1,0,1,1,2,2,1,2,2,1,1,1,0,0,2,1,1,2,1,0,1,1,1,2,0,2,1,1,1,1,2,2,0,0,1,1,1,1,0,2,1,2,0,1,1,0,1,1,1,1,1,1,1,1,1,1,1,1,0,1,2,1,1,1,0,0,1,2,0,2,1,2,1,0,1,1,1
09/17/2012,2,2,0,2,1,0,1,1,0,1,1,2,2,0,2,1,1,1,0,1,1,1,2,0,0,1,1,2,1,1,1,2,1,1,1,1,0,0,1,1,0,1,2,1,1,1,1,2,0,2,1,1,1,1,1,1,0,0,1,1,1,0,0,1,2,0,1,2,2,1,0,0,1,1,1,1,1,2,1,0,1,0,2,0,1,2,1,0,0,1,0,1,1,1,1,1,0,1,1,1
09/18/2012,1,2,0,0,0,1,1,1,1,1,1,2,0,0,2,1,0,2,0,1,1,0,2,0,0,1,1,2,1,1,0,1,2,1,1,2,2,2,0,1,2,2,0,1,1,1,1,1,0,2,0,1,1,0,1,0,1,2,1,1,2,0,0,0,0,0,1,2,1,1,0,0,0,1,1,2,2,2,2,0,2,0,0,2,1,1,2,0,2,2,2,1,2,2,0,0,0,0,2,0
09/19/2012,1,2,0,1,0,1,1,2,1,1,1,1,1,1,2,1,0,1,0,2,1,0,1,1,0,1,1,2,2,1,1,1,0,1,1,1,1,2,2,1,2,2,2,0,1,1,1,0,0,0,0,1,1,1,1,0,1,2,1,0,0,0,0,0,1,0,1,1,1,0,0,0,1,1,2,2,2,2,2,0,2,0,0,2,1,0,2,2,1,2,0,1,1,2,1,0,1,0,2,2
09/20/2012,1,2,1,1,1,1,1,0,1,2,1,2,1,1,2,1,0,1,2,1,2,0,0,2,1,1,0,0,2,2,1,1,0,1,1,0,1,0,2,1,2,2,2,2,1,1,0,1,0,0,0,0,1,1,2,1,1,0,0,1,0,1,0,0,1,0,0,1,0,0,2,2,1,1,2,1,2,1,2,0,2,2,1,2,1,1,2,0,1,0,0,1,1,0,1,1,2,0,1,1
09/21/2012,0,2,1,1,1,1,2,0,0,2,1,2,1,1,2,1,1,1,0,1,0,0,1,1,1,1,0,0,1,1,1,2,0,0,0,1,0,0,2,0,0,2,1,2,1,0,2,2,0,0,0,0,2,1,1,1,1,1,0,2,0,1,1,0,1,0,0,0,1,0,2,0,2,0,1,2,2,1,2,0,0,2,0,0,0,1,0,0,1,1,2,2,2,1,2,1,2,0,1,2
09/23/2012,2,0,1,1,1,0,2,2,0,2,1,1,1,0,2,1,1,1,0,1,0,2,2,1,1,1,0,0,1,1,1,2,0,0,2,1,1,1,2,0,1,2,1,2,1,0,2,2,0,0,1,0,0,1,0,1,1,1,1,0,1,1,2,1,1,0,0,0,1,0,2,1,0,0,1,2,0,2,2,1,0,1,1,0,0,2,1,1,1,1,2,2,2,1,0,1,2,0,2,1
09/24/2012,2,0,1,1,1,1,0,0,1,0,0,1,1,1,2,0,1,2,2,1,0,2,0,1,1,2,1,1,1,0,1,2,0,1,2,1,0,1,1,2,1,2,1,2,1,0,2,2,0,0,1,0,2,1,0,1,1,1,0,0,1,2,1,1,0,0,0,2,2,0,1,1,0,2,1,1,1,2,2,1,0,1,1,0,2,1,2,1,1,1,2,0,2,1,0,0,1,0,2,1
09/25/2012,2,0,0,0,1,0,0,0,1,2,1,0,1,1,2,0,1,2,1,1,0,1,1,2,1,1,1,2,1,0,0,2,0,1,2,1,0,1,1,0,1,0,1,1,1,0,2,2,1,1,1,1,2,2,0,2,1,1,1,1,1,2,1,1,1,2,0,2,1,1,1,2,1,2,1,2,2,2,2,1,0,2,1,1,0,1,2,1,2,0,2,2,2,2,2,2,2,2,0,0
09/26/2012,2,1,2,2,2,0,0,1,1,2,2,1,1,0,0,0,1,0,1,1,0,2,1,1,0,0,1,1,1,0,2,1,0,1,2,1,1,0,1,1,1,2,1,1,1,1,0,2,2,1,1,2,2,1,0,2,2,1,1,1,1,2,1,1,1,2,1,2,2,1,1,2,1,1,1,2,1,1,2,1,2,2,1,1,1,0,1,1,1,1,2,1,1,1,1,1,1,1,2,1
09/27/2012,2,1,1,2,1,0,1,1,0,1,2,0,1,1,0,0,1,0,2,1,1,2,1,0,0,0,2,2,0,0,2,1,2,0,2,2,1,1,1,1,0,1,1,1,0,2,2,2,2,1,2,2,2,0,1,2,0,1,0,1,1,2,2,1,0,2,1,2,0,1,1,1,1,0,2,1,1,1,2,2,0,2,0,0,1,2,0,2,2,1,1,2,1,2,1,0,0,1,2,0
09/28/2012,2,1,0,2,1,0,1,1,0,1,2,1,1,0,0,0,0,0,1,1,1,0,2,0,0,0,1,2,1,1,2,1,1,1,2,2,2,1,1,2,1,1,1,1,1,1,2,1,1,2,1,2,2,2,1,1,2,1,1,1,1,2,0,1,2,1,1,2,2,1,0,0,2,0,0,1,2,1,2,2,1,2,0,1,1,1,1,1,0,2,2,2,1,0,1,0,0,1,2,1
09/30/2012,2,1,0,2,1,0,1,2,0,0,2,0,1,0,1,0,1,2,1,1,1,2,2,0,0,0,1,2,1,1,0,1,1,2,0,1,1,1,1,1,0,1,1,1,1,1,2,2,0,1,2,2,2,0,1,0,1,1,2,0,1,0,1,1,1,2,1,2,0,1,0,0,1,1,0,1,1,1,1,0,1,2,2,0,0,1,0,2,0,0,2,1,1,1,1,0,2,1,2,0
10/01/2012,0,1,0,2,1,1,1,2,2,0,2,0,1,0,1,0,0,2,1,1,2,2,2,0,0,2,0,2,1,1,1,1,1,2,1,0,1,1,1,1,0,1,1,1,2,1,2,2,1,1,1,2,1,0,1,0,0,0,2,2,0,0,1,2,1,0,2,1,1,1,2,2,1,0,0,1,1,1,1,0,1,1,2,2,1,1,1,2,1,1,2,1,1,2,1,0,2,1,1,1
10/02/2012,1,1,0,1,1,2,1,2,1,0,2,0,1,0,1,0,0,1,1,1,1,0,1,0,2,2,2,2,1,1,1,0,1,2,1,1,2,1,1,1,0,1,1,0,1,1,2,2,1,0,0,0,1,1,1,1,0,2,0,2,0,1,1,1,0,1,2,0,1,2,0,2,1,0,1,0,1,1,1,2,1,1,2,0,2,1,1,2,1,1,2,2,0,1,2,2,2,0,1,0
10/03/2012,1,1,0,1,1,2,1,2,1,1,1,1,0,0,1,2,1,1,1,0,1,1,1,0,1,0,0,0,2,2,1,0,1,2,1,1,2,1,1,1,0,1,1,0,1,0,0,2,1,1,0,2,2,1,0,1,2,2,2,0,0,1,1,0,2,0,1,1,2,2,1,2,2,2,1,0,1,0,1,1,1,1,1,0,0,1,2,2,1,1,2,2,2,0,2,1,2,2,1,0
10/04/2012,0,2,2,1,0,0,1,2,1,1,1,2,0,0,1,1,1,1,1,0,2,1,0,1,1,2,0,2,0,2,1,0,1,2,1,1,2,1,1,0,0,1,1,0,1,0,2,0,0,0,2,1,1,1,0,1,1,1,2,0,1,1,1,0,2,0,0,0,1,2,2,2,2,2,1,0,1,0,0,1,2,1,1,0,2,1,2,2,2,1,2,2,2,2,2,2,2,2,1,0
10/05/2012,0,0,2,1,0,2,2,2,0,2,1,1,1,0,1,1,2,1,0,0,1,1,0,1,1,2,0,0,1,2,1,0,1,2,1,0,2,1,0,1,1,2,1,0,0,0,0,1,0,0,0,2,1,1,2,1,1,1,2,0,1,1,0,2,2,1,0,0,0,2,1,0,2,0,1,2,2,2,2,1,0,2,1,1,2,1,2,2,1,1,1,1,1,2,0,1,1,1,0,2
10/07/2012,0,0,2,0,0,0,2,2,1,1,1,1,1,1,1,2,2,1,1,0,1,0,0,1,1,2,0,0,1,2,1,0,2,1,1,1,1,1,2,1,1,2,1,0,1,0,0,1,0,2,1,2,0,1,0,1,1,0,0,1,1,1,0,0,1,1,0,0,2,2,1,1,1,1,1,1,2,0,0,1,0,0,2,0,2,1,2,1,1,0,1,1,2,2,1,0,0,0,2,2
10/08/2012,0,0,1,0,0,1,2,2,1,1,1,1,1,1,1,2,1,1,0,1,1,1,0,1,1,1,0,0,1,2,0,0,2,1,1,1,0,0,2,1,1,0,1,1,1,0,0,0,0,2,1,2,0,1,0,0,1,2,1,1,1,1,0,1,1,1,0,0,2,2,0,1,1,1,1,1,2,0,0,1,0,0,2,0,1,1,2,0,1,1,1,1,1,1,0,0,0,1,2,0
10/09/2012,1,2,1,0,1,0,2,1,1,1,1,1,1,1,2,2,1,0,1,0,1,2,1,1,2,1,1,1,1,0,1,1,2,1,1,1,1,0,2,1,1,2,1,0,2,1,0,1,0,2,1,2,0,1,0,1,1,2,1,1,0,1,0,0,1,2,0,2,2,2,2,1,0,1,2,2,2,0,1,2,1,0,0,0,2,0,2,0,2,2,2,1,2,1,0,0,0,0,2,2
10/10/2012,2,2,1,2,0,0,1,1,0,1,1,1,0,1,0,0,1,0,0,2,1,1,1,0,2,1,0,2,0,1,0,1,2,1,0,1,1,0,1,0,1,1,2,1,2,1,0,1,0,1,1,0,0,1,0,0,0,1,1,1,1,2,0,2,1,1,1,2,2,1,1,1,0,1,0,2,1,1,0,1,2,0,1,0,2,0,2,0,2,2,2,0,2,1,0,2,2,2,0,2
10/11/2012,2,1,0,1,1,0,1,1,0,0,0,0,2,1,2,0,1,0,2,2,1,1,1,0,0,1,1,0,0,1,0,2,2,1,0,2,1,1,2,0,1,1,1,1,2,1,0,2,1,1,1,0,0,2,2,0,1,1,1,0,0,2,0,2,1,0,1,1,2,1,0,0,0,0,2,2,1,1,1,2,0,1,0,2,2,2,0,0,1,2,2,2,2,1,0,0,1,0,1,0
10/12/2012,2,1,1,1,1,0,1,1,0,0,0,0,2,1,2,0,0,2,0,2,1,1,0,0,0,1,1,2,0,0,0,2,1,1,0,1,1,0,2,0,2,1,0,1,2,1,0,0,1,1,1,1,1,1,2,2,1,1,0,1,0,2,2,2,1,0,0,1,1,0,0,0,2,0,1,2,0,1,1,0,1,1,2,2,1,0,1,0,2,2,2,2,2,2,2,0,2,0,1,0
10/14/2012,1,1,2,1,1,0,1,1,0,0,2,0,2,1,1,0,1,2,1,2,1,1,0,2,0,1,1,1,2,0,2,2,1,2,2,1,1,2,2,2,1,1,2,1,2,1,0,0,1,0,1,1,1,1,1,2,0,0,0,0,1,2,2,1,0,0,1,1,0,0,0,0,1,0,1,2,0,2,1,0,1,1,1,2,1,1,1,0,2,2,0,2,2,2,2,0,0,1,0,0
10/15/2012,1,1,2,2,1,2,1,1,1,0,1,1,0,1,1,0,1,2,0,2,1,2,1,1,0,1,1,1,1,0,2,2,1,1,2,1,1,2,0,2,1,2,0,1,1,1,1,0,0,1,1,1,1,0,1,2,0,0,0,0,1,2,2,1,0,2,1,1,0,1,1,0,1,0,1,1,0,0,1,0,1,1,1,2,1,0,1,1,0,2,1,1,1,2,2,1,1,1,0,0
10/16/2012,1,1,2,1,0,2,1,1,1,0,1,1,2,1,1,1,1,2,1,2,1,0,0,0,0,1,1,1,1,0,2,0,2,1,0,1,1,2,0,2,1,1,0,2,1,2,1,2,1,1,2,1,1,0,1,2,0,1,0,0,1,2,2,0,0,1,1,1,0,1,1,1,1,2,0,1,1,2,2,1,1,0,0,2,0,1,0,1,1,2,1,1,1,2,1,1,2,0,2,0
10/17/2012,1,1,2,1,2,2,1,1,1,1,1,1,2,1,1,1,1,2,1,2,1,0,0,1,0,1,1,1,1,1,1,2,2,1,0,2,0,2,1,2,1,1,1,2,1,2,1,2,1,1,2,1,1,0,1,2,1,1,0,2,1,1,2,2,2,1,1,0,1,1,1,1,1,0,0,1,1,1,2,2,2,2,2,2,2,2,2,2,0,2,0,0,2,0,0,0,0,0,2,1
10/18/2012,0,1,1,1,2,2,0,1,1,1,0,1,2,1,1,0,1,2,0,2,1,0,0,1,1,1,2,1,1,2,1,2,2,1,2,1,2,2,1,1,2,1,0,0,1,0,1,0,1,1,1,0,1,0,1,1,1,1,0,2,1,0,2,0,2,1,1,0,1,1,1,1,0,0,0,1,1,2,2,1,2,2,2,0,2,2,2,2,0,1,0,1,1,1,0,0,0,0,2,1
10/19/2012,0,1,2,1,2,2,1,1,1,1,0,1,1,1,1,2,1,2,0,2,0,0,1,1,0,1,2,2,1,1,1,2,1,0,1,2,2,0,2,1,2,2,1,2,1,2,0,1,2,0,2,2,1,0,1,2,1,0,1,1,1,1,2,2,2,2,2,0,0,1,0,1,0,2,1,0,2,0,2,2,2,2,2,1,2,2,2,2,0,1,1,0,0,1,1,0,0,0,1,2
10/21/2012,2,1,2,2,2,2,1,1,1,1,0,1,1,1,1,0,2,2,0,2,0,1,0,2,1,1,1,2,2,1,1,1,0,0,1,2,2,0,2,1,2,2,1,2,1,1,1,1,1,2,1,0,0,0,1,1,2,1,1,1,0,0,2,0,2,2,0,2,1,1,1,1,0,1,1,1,2,1,2,2,2,2,2,2,2,2,0,1,0,2,1,0,2,0,1,2,1,0,1,0
10/22/2012,1,1,2,2,2,1,1,1,1,1,0,1,2,1,0,2,2,2,0,2,1,1,1,2,1,0,2,2,2,0,0,1,1,0,2,2,2,0,2,1,2,0,1,2,0,1,0,1,0,2,2,1,1,1,0,0,0,1,1,1,0,0,2,0,2,2,0,1,1,1,1,2,0,1,2,0,2,1,1,2,1,1,2,2,2,2,2,2,0,0,1,0,1,2,1,1,2,0,1,2
10/23/2012,1,2,2,2,2,1,1,2,1,1,0,1,2,1,0,0,2,2,1,0,0,1,2,1,1,0,2,1,2,0,0,1,1,0,0,2,2,2,2,0,2,0,1,2,0,1,1,1,1,2,1,1,1,1,0,0,2,1,1,1,0,0,0,1,1,2,0,1,1,1,2,2,0,1,1,1,2,1,1,1,1,2,1,2,1,0,1,1,0,1,1,0,2,2,2,1,2,2,1,2
10/24/2012,2,1,2,2,2,1,1,0,1,1,0,1,1,1,0,1,2,1,2,0,0,1,1,1,2,0,2,1,2,1,1,0,1,1,1,2,1,1,2,1,2,0,1,2,2,1,0,1,1,2,1,1,1,1,0,1,1,0,0,1,1,1,0,1,1,2,2,1,0,0,1,2,1,2,0,2,2,1,1,1,1,2,1,2,1,1,2,1,1,0,1,1,2,2,1,1,2,1,0,2
10/25/2012,1,2,0,2,2,2,1,2,1,0,0,1,1,0,0,1,2,2,2,0,0,1,1,0,2,0,2,1,0,1,1,1,1,0,1,2,1,0,2,0,2,1,1,2,2,0,0,1,1,1,1,1,1,1,0,1,1,1,1,1,1,0,0,1,1,2,0,1,2,2,1,2,1,2,0,2,2,0,1,1,1,2,1,0,1,1,2,2,1,0,2,0,1,2,2,0,0,1,1,0
10/26/2012,1,1,0,1,2,1,1,1,1,2,1,1,1,0,1,1,2,0,2,1,1,1,2,1,0,0,0,1,0,1,1,1,1,1,0,2,1,0,2,2,1,1,1,1,1,1,0,1,0,1,1,1,1,1,2,1,1,2,1,0,1,0,0,1,1,0,1,2,2,2,1,1,1,2,0,1,1,0,1,1,2,2,0,1,0,1,1,1,0,0,2,2,1,1,2,1,0,0,2,2
10/28/2012,1,2,2,1,2,0,2,2,1,0,0,1,1,0,1,1,1,2,1,1,1,1,1,1,0,2,0,2,1,1,1,1,0,1,1,2,1,0,2,2,1,1,1,1,1,0,2,1,0,1,1,0,2,0,2,1,1,2,1,0,1,1,0,1,1,0,1,2,1,2,1,0,1,2,0,1,1,0,1,1,2,1,0,2,1,1,0,2,2,0,2,2,1,1,1,0,0,0,1,1
10/29/2012,2,1,1,0,1,0,2,2,2,0,0,2,1,0,1,1,1,1,1,1,1,2,1,1,1,2,0,1,1,1,1,1,0,1,0,1,1,0,2,2,1,1,0,1,1,0,1,2,0,2,1,1,2,2,2,1,2,2,1,0,1,1,1,1,0,0,1,1,1,2,0,1,1,2,2,1,1,0,2,1,0,1,0,1,1,2,2,0,2,2,2,2,0,0,0,0,2,0,0,2
10/30/2012,1,0,1,1,1,1,2,2,0,0,1,0,1,1,1,0,1,1,0,1,1,1,1,1,0,2,0,1,1,1,0,1,0,1,0,1,1,1,2,2,1,2,0,0,1,0,2,0,0,1,1,1,2,2,2,1,0,2,1,1,0,2,1,1,1,1,1,1,1,2,1,1,1,1,1,1,1,2,2,1,1,1,1,1,1,1,1,1,0,1,1,1,1,1,1,1,1,1,1,1
10/31/2012,1,1,1,0,1,0,2,0,2,1,1,2,0,1,1,0,1,2,1,1,1,2,2,0,1,2,0,1,1,1,1,0,0,1,0,1,1,1,0,2,1,2,0,1,1,1,1,0,0,1,1,0,2,2,2,2,1,2,1,2,2,1,1,2,1,1,1,1,1,2,1,1,1,1,0,2,0,1,2,2,2,0,0,0,1,0,1,2,2,1,1,1,1,0,1,0,0,2,0,1
11/01/2012,1,2,1,2,1,0,0,1,2,2,2,0,1,1,2,0,1,2,0,1,2,2,0,2,1,2,2,1,1,1,2,0,2,1,0,0,1,1,1,2,1,2,0,0,1,1,1,1,1,1,1,0,2,2,2,0,1,2,1,1,2,1,2,2,0,1,1,1,1,1,2,1,0,2,1,2,0,1,2,2,2,0,1,0,0,2,1,1,1,1,1,1,1,2,1,1,2,1,1,1
11/02/2012,0,2,1,1,1,1,0,0,1,2,2,0,2,1,1,1,1,2,0,1,0,2,0,2,1,2,1,1,2,1,1,1,2,1,0,0,1,0,1,1,0,2,1,0,0,1,1,1,1,1,1,1,2,1,0,0,1,0,1,1,2,1,1,2,0,1,1,1,2,1,1,0,1,1,1,2,0,2,2,2,2,0,1,0,0,2,1,1,1,1,1,2,0,2,2,1,2,0,1,1
11/04/2012,0,2,1,1,1,1,1,0,1,2,2,0,1,2,1,1,0,1,0,0,0,2,2,2,1,1,1,1,2,0,2,1,2,1,1,1,1,2,2,1,0,2,1,0,0,1,1,1,1,1,1,1,0,2,1,0,2,2,2,1,2,1,2,2,0,2,0,1,1,1,1,0,2,1,0,2,1,2,1,1,2,0,1,2,0,1,1,1,1,2,0,0,1,1,1,1,1,2,1,1
11/05/2012,1,0,1,1,2,2,1,0,1,2,2,1,1,2,1,1,2,1,0,0,0,1,1,2,1,1,1,1,2,0,2,2,2,2,0,0,1,1,0,1,1,1,1,0,0,1,0,1,2,1,1,1,2,1,1,0,1,1,1,1,1,0,2,2,1,2,0,1,2,1,1,1,0,1,2,1,1,2,1,2,1,1,1,1,0,2,1,2,1,2,2,1,1,2,1,1,1,1,1,1
11/06/2012,0,1,2,1,0,2,1,1,1,2,1,0,1,2,0,0,0,1,1,1,0,1,1,2,1,1,1,0,2,1,2,2,0,0,1,1,1,1,0,1,0,1,1,0,0,1,0,1,1,1,1,0,2,1,1,0,1,1,0,0,0,0,2,2,2,2,0,0,1,1,1,0,0,0,1,2,1,0,1,2,2,1,1,1,1,1,1,2,1,2,0,0,2,2,2,2,1,2,1,2
11/07/2012,0,1,2,1,0,2,1,1,2,2,0,1,1,2,0,2,0,1,1,0,0,0,1,2,0,1,1,0,1,2,1,2,1,1,1,1,1,1,0,1,1,2,2,0,2,1,1,1,0,1,0,1,2,1,1,1,1,1,2,0,1,0,2,2,1,1,0,0,0,2,1,0,0,2,2,1,0,1,1,0,1,1,2,1,1,1,1,0,2,0,1,1,2,0,1,0,2,1,2,1
11/08/2012,0,1,1,1,2,2,1,1,1,0,0,1,2,1,0,1,0,1,1,0,0,1,1,2,1,1,1,0,1,2,1,1,1,0,1,0,1,2,0,1,1,1,2,2,1,0,1,2,0,1,1,1,1,1,1,1,1,1,1,0,1,0,1,2,2,1,0,0,1,1,1,2,0,0,0,1,1,1,2,2,2,2,0,2,1,2,0,2,2,2,2,0,1,1,2,2,0,2,0,2
11/09/2012,0,1,2,0,2,2,1,1,1,0,1,1,2,1,2,2,0,1,1,2,0,1,1,0,0,1,1,1,1,1,1,0,1,0,1,0,2,1,1,0,1,0,2,1,1,2,1,2,2,1,1,1,1,1,1,1,1,1,0,0,1,0,1,0,1,1,2,2,1,0,1,2,1,0,2,1,0,1,2,0,1,1,2,2,2,2,0,0,2,2,2,1,2,0,2,2,2,1,2,2
11/11/2012,0,1,0,0,2,2,0,0,1,1,1,1,1,1,1,2,1,1,1,0,0,0,1,1,1,1,0,2,1,2,1,0,0,0,2,0,1,1,1,0,1,0,2,1,1,1,1,2,1,0,1,1,1,1,1,0,1,1,0,0,0,1,1,1,1,1,1,1,0,1,1,1,1,2,1,2,1,1,2,1,1,2,1,0,2,2,0,2,1,2,2,2,0,0,1,1,2,1,1,2
11/12/2012,0,1,0,0,2,2,1,0,1,0,1,1,0,1,1,2,1,0,1,2,0,0,1,2,1,0,0,2,1,1,1,0,0,0,1,1,1,1,1,0,1,0,2,1,1,1,2,2,0,0,1,0,1,2,1,0,1,1,2,0,0,1,0,1,0,1,1,1,1,0,0,1,1,1,0,0,2,1,2,1,1,1,1,2,1,0,1,1,1,2,2,2,2,2,2,2,2,1,1,2
11/13/2012,0,1,0,0,2,0,1,0,1,1,1,1,0,1,1,2,1,0,1,1,1,2,1,0,2,1,0,2,1,1,0,1,1,2,0,0,2,1,1,2,2,0,2,0,1,1,1,2,0,1,1,1,1,0,1,0,1,0,0,1,0,1,2,1,1,1,1,1,1,0,0,1,1,1,0,0,1,1,1,1,1,1,1,1,1,0,1,2,1,2,2,0,1,2,0,0,2,1,1,0
11/14/2012,0,0,1,0,2,0,0,0,1,1,1,1,1,1,1,2,1,2,1,1,1,2,0,0,1,1,0,1,0,1,0,0,0,2,2,1,2,1,2,2,2,2,2,1,2,1,2,2,1,1,0,0,0,0,1,0,1,0,1,1,0,1,1,0,0,1,1,1,0,0,0,1,2,1,0,2,1,0,1,1,2,2,1,1,1,1,1,1,1,1,1,2,1,1,0,1,1,1,1,1
11/15/2012,0,0,1,2,1,1,0,0,1,1,0,0,1,0,1,1,2,1,2,0,1,2,2,0,1,0,1,1,1,2,0,1,0,1,2,2,2,1,2,2,1,1,1,2,2,1,1,1,2,1,0,0,0,0,1,1,1,0,1,1,0,1,0,2,2,1,1,2,0,1,0,1,2,1,1,1,1,0,2,1,1,1,1,1,0,1,1,2,1,1,1,0,1,1,1,1,1,1,0,1
11/16/2012,1,0,1,0,1,1,0,1,1,1,1,1,1,2,2,1,2,1,1,1,1,2,0,0,1,0,1,0,0,2,0,1,0,1,2,2,2,1,2,2,2,1,1,2,1,1,0,1,1,2,0,0,0,1,1,1,1,1,1,0,2,1,0,1,2,0,1,2,0,1,2,1,2,1,1,2,1,1,0,0,2,1,2,2,1,1,1,1,2,1,1,1,1,1,1,0,1,1,0,2
11/18/2012,1,0,1,1,1,1,1,1,0,0,0,1,1,2,2,1,2,1,2,1,1,1,0,0,2,1,2,1,0,2,0,0,1,0,0,1,2,1,2,2,2,2,1,2,1,1,0,1,0,0,2,1,1,0,1,1,0,1,1,0,1,0,0,1,2,0,0,1,2,1,0,1,0,2,1,1,0,0,2,2,2,0,2,1,1,1,1,1,1,1,1,1,0,1,0,1,0,1,2,1
11/19/2012,1,0,2,1,2,2,0,1,0,2,0,1,0,2,2,1,2,1,0,1,1,1,1,0,1,1,2,1,0,0,1,1,0,1,1,1,2,1,2,1,2,2,0,2,1,1,2,1,1,2,0,0,1,1,1,1,0,1,1,0,0,0,0,0,2,0,0,1,1,0,0,1,1,0,1,1,1,0,1,0,1,0,1,0,1,1,1,1,2,1,1,1,2,1,1,1,0,1,1,2
11/20/2012,2,0,2,1,1,0,1,0,0,0,2,1,1,2,2,1,2,1,1,0,1,1,1,1,1,1,2,0,1,0,1,1,1,1,1,1,1,1,1,1,2,2,0,2,1,1,2,1,1,2,2,1,1,0,1,1,0,1,1,1,1,1,2,0,1,0,0,1,1,0,1,1,0,0,1,1,1,1,1,0,1,2,1,0,0,1,0,1,1,1,2,0,1,1,1,2,1,1,2,0
11/21/2012,1,0,2,2,1,1,1,0,2,0,0,1,1,2,2,0,0,1,1,0,1,1,1,1,2,1,2,0,1,0,1,1,2,0,1,1,1,1,0,1,1,1,0,2,0,1,1,0,1,2,2,1,1,1,1,1,1,1,1,1,0,1,0,0,2,0,1,2,1,0,1,2,2,0,1,1,2,0,1,1,0,1,1,0,0,1,1,1,1,0,1,1,1,1,2,1,1,2,1,2
11/22/2012,0,0,2,2,1,1,2,1,2,0,1,0,0,1,2,0,0,1,1,0,0,1,1,1,2,2,2,0,1,2,1,1,2,1,2,2,1,1,2,1,1,2,0,2,0,0,1,0,2,1,1,1,1,2,1,1,1,1,1,0,1,1,1,2,1,0,0,2,1,0,0,2,0,0,1,0,2,0,1,1,1,2,0,1,2,2,0,2,1,2,2,2,0,2,2,1,0,0,0,2
11/23/2012,2,1,1,2,1,0,1,2,2,2,2,0,0,1,2,2,0,1,1,0,0,0,1,1,2,2,2,0,1,1,1,1,1,1,1,0,1,1,0,1,1,2,1,2,0,0,1,0,1,2,1,1,0,2,1,1,1,1,1,0,1,1,1,0,1,0,0,2,0,0,1,1,1,0,0,1,2,1,1,1,1,2,0,2,2,0,0,0,0,0,2,2,1,0,2,0,2,2,0,2
11/25/2012,2,1,1,0,0,0,1,1,1,2,1,0,0,1,1,0,1,0,1,0,0,0,1,0,2,0,2,0,1,1,2,1,1,1,2,0,1,0,1,1,2,0,2,2,0,0,2,0,1,2,1,1,0,2,2,1,0,1,1,1,0,1,2,1,1,2,0,2,1,1,1,1,0,0,0,0,2,2,1,1,0,2,0,2,2,2,0,0,2,0,2,2,2,1,2,2,2,2,2,2
11/26/2012,2,2,1,1,2,0,1,2,1,1,2,1,2,1,1,0,1,0,2,1,0,0,0,1,2,2,0,2,0,1,0,1,2,1,2,0,1,2,0,0,2,2,1,2,0,2,0,1,1,2,1,1,0,2,1,1,0,1,2,1,0,1,2,1,2,1,1,0,0,1,0,1,0,0,0,0,2,2,1,1,0,1,1,0,1,1,0,0,0,0,2,1,0,1,0,2,0,1,2,1
11/27/2012,2,1,1,0,1,1,2,2,1,1,1,2,2,1,0,0,2,0,2,1,2,0,0,2,1,1,0,2,0,1,0,2,0,1,2,1,1,0,0,0,1,2,2,2,1,2,0,1,1,2,1,0,1,2,1,1,1,0,2,1,0,1,2,1,1,1,1,1,0,1,0,1,0,1,0,1,1,2,1,0,2,1,1,1,1,1,1,1,0,1,1,0,1,1,1,1,1,1,1,2
11/28/2012,2,2,1,1,1,1,1,2,1,0,1,1,0,2,0,2,1,0,1,2,2,0,0,2,1,2,0,2,0,1,2,2,0,0,2,1,1,0,0,0,0,2,2,2,1,2,0,1,1,1,0,1,1,2,1,1,1,1,2,0,1,1,2,2,1,2,2,2,1,0,2,0,2,1,1,1,0,1,1,0,2,2,1,2,1,1,2,0,0,1,1,1,0,0,1,1,1,1,2,1
11/29/2012,2,1,1,1,1,0,1,2,1,1,0,1,2,0,2,1,1,0,0,2,2,1,2,2,1,2,0,2,0,1,1,0,1,0,1,1,0,0,0,0,1,1,2,0,1,2,0,1,1,2,2,1,1,2,2,1,1,1,2,1,1,1,2,1,1,0,2,2,1,0,2,2,2,0,0,1,2,1,2,0,2,1,2,0,1,0,1,2,2,0,2,2,2,2,2,0,0,2,1,1
11/30/2012,2,1,1,1,1,0,1,2,1,1,0,1,1,0,1,2,1,2,0,2,2,1,1,0,1,2,0,1,2,0,0,0,0,0,2,1,1,0,1,2,0,1,2,0,1,1,1,1,0,1,0,1,1,2,0,1,1,1,2,1,1,0,2,1,1,1,2,2,1,0,1,2,2,1,1,0,1,1,2,0,1,1,1,2,2,0,1,0,1,0,2,2,2,0,1,2,2,2,0,2
12/02/2012,1,2,1,1,1,1,1,2,1,0,2,1,1,2,1,1,1,1,0,2,1,1,1,2,1,2,1,1,1,0,1,0,0,0,2,1,1,0,1,0,2,1,2,0,1,1,0,0,0,1,1,1,1,1,0,0,1,1,2,1,1,2,1,1,1,2,2,0,1,0,2,2,1,0,1,0,1,1,2,2,1,0,1,2,0,0,2,0,1,0,2,0,2,1,1,2,0,0,0,2
12/03/2012,2,1,1,0,2,1,1,2,1,0,2,0,1,0,1,1,1,2,0,2,1,1,2,2,1,2,1,1,1,0,0,0,0,1,2,1,1,1,0,2,2,1,1,0,1,1,2,1,0,1,1,1,2,1,0,0,1,1,1,1,1,1,2,1,0,1,2,0,2,0,1,2,1,0,1,2,1,1,2,0,1,0,2,0,0,2,1,1,1,2,2,0,1,0,2,2,1,1,0,1
12/04/2012,2,1,1,1,2,0,1,1,0,1,2,0,0,0,1,1,0,1,0,2,2,1,2,2,1,2,1,1,1,0,2,1,1,0,0,1,2,1,1,1,1,1,2,0,1,1,2,1,0,0,1,0,2,1,0,0,0,1,0,1,2,0,1,2,0,0,2,0,2,0,1,1,1,0,0,2,2,0,2,2,1,2,2,2,0,2,2,0,2,0,2,0,0,2,2,0,2,0,2,0
12/05/2012,1,1,1,1,2,1,2,1,0,1,2,2,0,0,1,0,1,1,0,2,1,1,2,2,0,2,1,0,1,2,1,1,1,1,1,0,1,2,2,1,1,0,1,1,0,2,2,1,0,0,1,1,2,1,1,0,0,1,2,1,1,0,2,2,0,0,1,0,0,0,1,0,0,2,0,0,0,2,1,0,1,2,0,0,2,2,2,0,2,2,2,2,0,1,2,1,0,2,2,0
12/06/2012,0,1,1,2,0,1,2,1,0,1,2,2,0,0,1,0,1,0,1,1,1,1,1,1,0,1,1,0,1,2,1,1,0,1,1,1,2,2,2,1,2,0,1,2,0,1,2,0,0,2,1,1,0,1,1,1,1,1,0,1,1,1,1,2,0,0,1,0,2,2,0,1,0,0,0,2,0,2,2,1,1,0,0,1,2,0,2,2,2,2,2,2,0,0,0,1,2,0,0,0
12/07/2012,1,1,0,1,2,0,2,1,0,1,2,2,0,0,1,0,1,0,2,1,1,1,1,1,0,1,0,0,0,2,0,1,1,1,0,1,1,2,1,1,1,2,0,1,0,1,2,0,2,0,1,1,0,1,1,1,1,1,0,1,1,1,2,2,0,0,1,0,2,2,0,1,0,1,1,1,1,2,2,1,2,1,2,0,2,1,1,2,2,0,2,2,0,0,0,1,2,0,0,0
12/09/2012,0,1,1,2,0,0,2,1,1,1,0,2,1,1,1,0,1,2,1,1,1,1,2,1,0,1,0,0,0,2,2,1,1,1,1,1,2,2,2,1,0,2,1,1,0,1,2,0,2,0,1,1,0,2,1,1,0,1,0,0,1,2,0,2,1,0,0,0,2,1,0,1,0,1,1,1,1,1,2,1,2,1,2,2,1,1,1,1,2,1,1,1,1,1,1,1,2,2,1,2
12/10/2012,0,1,0,2,0,0,2,1,1,1,2,2,1,1,1,1,1,0,2,1,0,1,2,1,0,0,0,0,1,2,0,0,1,1,1,1,1,2,2,1,1,2,0,1,0,0,1,1,2,1,1,1,1,0,1,1,0,1,1,1,1,2,0,1,0,0,1,0,1,1,0,1,2,1,1,0,1,1,2,1,2,1,1,1,1,1,1,1,0,1,1,1,2,0,1,0,1,2,1,2
12/11/2012,0,1,0,2,1,1,0,1,1,1,0,2,1,1,1,1,2,0,2,1,0,1,2,0,0,1,2,0,1,2,0,1,0,1,1,1,1,2,2,1,1,2,0,1,0,0,1,1,2,1,1,2,1,0,1,1,0,1,1,1,2,2,0,1,1,1,2,2,1,0,1,1,1,2,1,1,0,1,1,1,2,1,2,2,1,2,0,1,1,0,2,2,2,1,1,2,2,2,1,1
12/12/2012,0,0,0,1,1,2,1,2,1,2,2,2,1,1,0,0,2,0,1,0,2,1,0,0,1,0,2,0,1,0,0,1,2,1,1,1,1,0,2,1,0,2,0,0,2,0,2,0,2,1,1,2,1,0,0,1,2,2,1,1,1,2,1,1,0,1,1,2,1,0,0,1,1,1,0,1,0,1,1,1,2,2,1,2,0,0,0,1,1,0,2,0,1,1,1,2,2,0,1,0
12/13/2012,2,0,0,1,1,1,1,0,1,2,2,2,1,0,0,1,2,1,2,2,0,0,1,1,1,0,2,1,1,1,1,0,0,2,2,1,1,1,1,1,0,2,0,0,2,0,1,1,0,1,0,0,1,0,1,1,0,1,1,0,1,2,1,1,0,1,0,2,1,0,0,1,1,0,1,1,1,0,0,1,1,0,1,1,0,0,1,2,1,1,1,1,2,0,1,1,1,1,1,1
12/14/2012,2,0,1,1,1,1,1,2,1,0,0,0,1,1,0,2,1,1,2,0,0,2,0,0,1,0,2,0,1,1,1,2,0,1,2,1,1,1,1,1,1,2,0,0,0,1,1,2,1,1,1,2,1,1,0,1,0,0,1,2,1,2,1,2,0,1,0,2,0,0,0,0,0,0,0,2,0,1,2,0,2,0,0,2,0,2,0,2,2,0,2,0,2,2,2,2,2,0,2,0
12/16/2012,0,2,1,1,1,0,1,1,2,1,1,2,0,1,1,1,2,1,2,0,1,2,1,1,1,1,2,2,1,1,2,2,0,0,0,1,1,1,1,1,1,2,0,1,1,1,1,2,1,1,0,2,0,2,0,1,0,1,0,2,1,2,0,1,1,1,1,2,1,1,0,0,0,1,0,2,2,0,2,0,2,0,1,1,0,0,1,0,1,1,1,1,1,2,2,1,1,0,2,1
12/17/2012,1,2,2,1,1,0,0,1,2,1,1,0,0,1,1,1,0,0,2,0,1,2,1,1,1,1,2,0,1,1,0,0,1,0,0,1,1,1,1,0,1,1,0,1,2,1,1,2,1,0,0,0,1,1,1,1,2,1,0,2,1,2,0,1,2,1,1,2,2,2,0,0,0,2,0,2,2,0,2,0,1,0,0,2,0,0,2,2,2,0,1,0,0,2,2,2,2,0,2,2
12/18/2012,1,1,2,0,1,0,2,2,1,1,1,1,0,0,1,1,0,1,2,2,1,0,1,1,1,1,2,1,1,1,1,2,1,0,0,0,1,1,1,1,1,1,0,0,1,1,1,2,2,0,0,1,0,1,1,0,1,1,0,2,1,1,0,0,2,1,1,2,0,1,1,0,1,1,0,2,1,0,1,0,1,1,0,2,2,1,2,1,2,2,2,0,1,0,2,2,2,2,2,2
12/19/2012,1,2,2,0,1,1,0,2,1,1,1,0,0,0,1,0,0,1,0,2,1,0,2,1,1,2,2,1,1,1,1,2,1,1,0,0,1,2,0,2,1,1,1,1,0,1,0,0,2,1,0,1,0,1,1,0,1,1,0,2,1,1,0,1,2,1,0,1,0,2,1,0,2,2,0,1,2,2,2,2,1,1,0,1,2,1,2,1,2,2,2,0,0,1,2,2,1,2,2,0
12/20/2012,1,2,1,0,1,1,0,2,2,0,1,2,1,1,2,0,1,1,1,0,1,1,1,1,1,1,2,1,0,1,0,2,2,0,1,0,1,2,0,2,2,1,0,1,2,2,0,0,2,1,2,1,0,0,0,0,2,2,0,1,1,1,0,1,2,1,0,1,0,1,1,1,2,0,1,2,0,1,2,2,2,1,0,2,2,1,2,1,0,2,2,2,0,1,0,0,1,0,2,0
12/21/2012,1,2,1,1,2,1,0,1,1,0,1,1,1,1,1,0,1,1,1,2,2,0,2,1,1,1,1,2,0,1,0,2,2,0,1,0,1,1,0,1,2,1,1,1,2,1,0,1,2,0,2,1,2,1,1,0,2,2,2,1,1,1,1,1,0,1,1,1,0,1,2,1,1,2,1,1,2,1,1,1,2,2,1,1,0,0,2,0,1,2,1,2,1,1,1,1,1,2,1,1
12/23/2012,0,2,0,1,0,1,1,1,1,1,1,1,1,1,2,0,1,0,1,0,0,1,1,1,1,1,1,1,0,1,2,2,2,2,1,1,1,2,0,1,1,0,2,2,2,1,2,0,2,2,1,1,2,0,1,0,2,1,1,2,1,1,1,0,2,1,2,0,1,1,2,1,2,2,1,0,2,2,1,1,2,2,0,2,2,2,1,2,1,0,1,2,2,2,2,0,2,0,1,0
12/24/2012,0,2,0,1,1,1,1,1,0,2,1,1,1,1,0,1,1,0,2,1,0,1,1,0,1,2,1,0,1,1,0,1,1,2,2,2,1,0,0,0,0,0,0,0,2,1,2,1,1,1,1,1,2,1,2,2,1,0,1,1,1,1,1,0,2,0,0,0,1,1,2,0,2,2,2,0,2,1,1,1,2,2,1,1,0,1,1,1,1,1,0,1,2,1,1,2,1,1,0,1
12/26/2012,2,2,0,1,1,1,2,1,2,2,1,1,1,1,0,1,1,0,1,1,0,1,1,0,1,0,1,0,1,2,2,1,1,2,1,2,1,2,2,1,0,0,0,2,2,0,2,1,1,1,1,0,2,1,2,2,1,0,1,0,1,1,1,2,1,0,2,0,1,1,2,2,2,2,0,1,2,2,2,1,0,0,2,1,0,2,1,2,2,1,2,2,1,2,1,2,0,0,1,0
12/27/2012,1,2,0,1,1,1,0,1,1,2,1,1,0,1,0,1,1,0,0,1,0,1,1,0,1,0,1,2,2,1,2,1,1,1,1,2,1,1,0,0,0,0,0,2,1,0,2,1,1,1,0,0,2,1,2,2,1,0,2,0,1,2,0,2,1,1,2,0,1,1,2,2,2,1,2,0,2,2,1,1,1,0,2,2,2,1,2,1,2,1,0,2,2,0,0,2,2,2,0,2
12/28/2012,2,2,1,2,0,0,1,1,1,2,1,0,0,1,0,2,1,1,1,1,1,2,0,0,1,0,0,2,2,0,2,1,1,1,2,0,1,1,2,0,0,2,0,0,1,0,2,1,1,1,0,0,2,1,2,0,1,0,0,0,1,0,0,2,1,2,0,1,1,0,1,0,2,1,2,2,2,2,0,0,1,0,0,2,0,0,0,2,2,1,2,2,0,2,2,2,2,2,2,2
12/30/2012,2,1,1,1,0,0,1,1,1,1,1,1,0,1,0,1,1,0,1,1,1,2,0,1,1,0,1,2,2,1,2,1,1,1,1,0,1,1,1,0,2,2,0,0,1,1,2,1,0,0,1,0,1,0,1,1,1,0,2,0,0,0,0,2,1,2,0,1,1,1,1,1,2,1,1,1,1,1,0,2,2,1,2,0,1,0,0,0,2,0,2,1,2,2,2,2,2,2,2,0
12/31/2012,2,1,2,1,1,0,1,2,1,0,1,1,1,2,0,1,1,1,1,1,1,2,2,2,2,0,0,0,2,2,1,1,1,1,1,1,1,1,2,0,2,2,1,2,1,1,2,1,1,0,1,0,2,0,1,0,1,1,2,1,2,1,2,2,1,2,1,2,0,1,1,1,2,1,1,1,1,1,0,2,1,1,1,1,1,1,2,1,1,0,1,1,1,1,1,1,1,2,1,1
01/02/2013,2,1,0,0,1,0,1,2,1,1,1,1,1,1,1,0,2,1,1,1,1,2,2,1,2,0,0,0,2,2,1,1,2,1,0,1,1,1,1,1,2,2,1,1,1,1,2,2,0,2,0,2,0,2,1,1,1,1,2,0,0,1,1,1,1,2,0,1,0,1,1,1,1,1,2,0,2,1,0,2,2,1,0,1,2,2,0,2,2,0,2,2,1,0,2,1,2,2,2,0
01/03/2013,2,1,1,0,2,0,1,1,1,1,0,0,1,1,1,0,2,1,1,1,1,1,2,1,2,1,0,0,1,0,1,1,2,1,0,1,1,1,1,1,0,2,1,1,1,1,2,2,0,2,0,0,2,0,2,1,0,1,0,0,0,1,2,2,0,2,0,2,0,1,0,0,1,1,2,1,2,1,0,2,2,1,0,2,2,2,2,2,1,0,2,2,0,2,2,2,2,2,2,2
01/04/2013,1,0,1,2,1,0,1,1,1,1,0,1,1,1,1,0,1,2,1,0,0,1,2,1,2,2,0,0,2,0,0,1,2,1,0,1,0,1,1,1,1,2,1,1,1,1,2,2,0,2,2,2,1,1,1,1,0,1,0,0,2,1,1,1,0,1,1,2,1,1,0,0,1,1,1,0,2,0,1,1,2,1,0,1,1,2,1,1,1,1,1,1,1,1,2,2,1,0,2,1
01/06/2013,1,2,1,1,2,1,1,1,1,0,1,1,1,1,1,1,1,2,1,1,0,2,1,1,0,1,0,0,1,0,1,1,2,1,0,1,0,0,1,1,1,2,1,0,0,1,1,2,1,2,2,1,1,0,0,1,0,0,0,0,1,1,1,1,1,1,1,1,0,0,0,0,0,1,2,2,2,0,2,1,2,2,0,2,2,2,1,2,2,2,2,1,2,0,2,1,0,2,0,2
01/07/2013,1,2,1,1,2,1,1,2,1,0,1,0,1,0,1,0,1,2,0,0,0,1,2,1,0,1,0,0,2,0,1,1,0,0,0,1,0,0,0,1,1,1,1,0,1,0,1,2,1,2,2,1,1,1,0,2,2,1,1,2,1,0,1,1,1,1,0,1,2,2,1,2,0,1,1,2,0,0,2,1,0,2,0,0,2,2,2,2,2,2,2,1,2,0,2,1,0,0,2,2
01/08/2013,1,2,2,1,0,1,0,1,1,0,2,0,0,2,1,1,1,1,1,0,0,1,1,1,2,1,0,0,1,2,1,1,0,1,0,0,0,0,0,1,1,0,1,0,2,2,0,1,1,1,1,1,1,1,0,1,2,0,1,2,1,1,1,1,1,0,0,1,2,2,0,0,0,0,0,2,2,2,2,1,0,0,2,0,0,0,2,2,2,2,2,2,0,2,0,2,2,2,2,2
01/09/2013,0,2,2,1,0,1,0,0,1,2,0,1,0,2,1,1,1,2,1,0,0,1,1,2,2,1,0,2,1,1,2,1,0,1,0,2,1,0,0,1,1,1,1,2,1,0,0,0,1,1,1,1,1,1,1,1,1,0,1,2,1,1,0,0,1,0,0,1,2,2,2,1,2,0,2,2,0,2,1,1,0,1,2,1,0,1,2,0,2,2,2,2,2,2,2,2,2,0,2,0
01/10/2013,0,2,2,1,1,1,0,0,0,0,0,1,0,1,1,2,1,2,1,0,0,1,1,2,1,1,1,2,0,1,1,1,1,1,1,2,0,0,0,1,1,1,2,2,2,0,2,1,1,1,1,2,1,1,0,1,1,0,0,2,2,1,0,0,1,0,1,1,2,1,1,1,1,0,2,2,1,2,1,2,1,1,2,1,0,0,2,1,2,2,0,2,1,2,2,1,0,2,1,0
01/11/2013,0,2,2,0,1,1,1,0,0,1,1,1,0,0,1,1,1,2,1,0,1,1,1,2,1,1,1,1,0,1,2,1,1,2,1,2,0,0,1,0,1,1,1,0,2,1,0,1,0,1,1,2,1,1,1,1,1,1,1,2,1,1,0,0,1,0,1,0,2,1,0,1,0,0,0,2,0,2,2,1,0,0,0,0,0,1,0,0,2,2,0,0,1,2,0,0,2,2,0,2
01/13/2013,2,1,1,0,1,1,0,0,0,1,1,1,1,0,1,1,0,2,2,1,1,0,1,0,1,0,1,2,0,1,1,1,1,2,1,2,1,2,1,1,0,0,2,1,0,1,0,0,0,1,1,0,1,1,1,1,1,1,1,1,1,1,2,2,1,2,1,1,2,1,0,1,1,0,1,2,2,1,2,1,2,0,0,0,0,2,2,0,2,0,1,1,1,0,0,0,0,2,0,1
01/14/2013,2,2,1,1,1,1,2,0,0,1,1,2,1,0,1,1,0,1,0,1,1,0,1,0,1,2,1,2,0,1,1,1,1,2,2,2,1,2,1,1,0,0,1,1,2,1,0,2,0,1,1,0,1,1,1,1,2,1,1,1,0,1,0,0,1,2,2,1,2,1,0,1,1,0,0,1,1,1,0,2,2,0,0,2,0,0,2,0,2,0,0,2,0,2,0,2,0,2,0,0
01/15/2013,1,2,1,2,2,2,0,0,0,1,1,2,1,0,1,2,0,1,2,1,1,0,1,0,1,2,2,1,0,2,1,2,1,2,1,0,1,1,0,0,2,1,1,1,2,0,0,2,0,0,1,0,1,1,1,2,0,1,1,2,1,1,1,2,2,1,2,1,1,0,1,0,1,1,1,1,1,1,2,2,0,1,1,0,1,1,1,1,1,0,1,2,0,2,1,1,1,1,0,1
01/16/2013,1,0,1,1,0,2,1,1,0,1,1,1,1,1,1,2,0,1,1,1,0,0,1,1,0,1,1,0,1,2,1,2,0,2,1,0,2,1,1,0,2,1,1,1,2,0,0,2,2,0,0,1,1,1,1,2,1,0,1,2,0,2,1,1,2,1,2,1,1,0,2,0,0,1,1,0,0,2,2,1,2,2,1,0,1,2,1,1,1,1,0,2,0,2,2,0,2,1,2,0
01/17/2013,1,1,1,1,1,2,1,1,1,1,2,1,1,0,0,2,1,1,2,1,2,2,0,2,1,1,1,0,1,2,1,2,2,2,1,0,2,0,0,1,2,1,1,1,1,0,0,0,1,1,2,1,1,1,2,2,1,2,0,2,2,2,1,1,1,1,2,1,1,1,1,0,0,1,0,2,1,0,0,1,2,2,1,1,1,1,1,1,1,1,1,1,2,1,2,1,1,1,1,0
01/18/2013,1,0,1,1,1,0,1,1,1,1,2,1,1,0,0,2,1,1,0,1,2,0,0,2,0,1,1,0,1,1,2,2,1,2,1,0,2,2,1,1,2,1,1,1,0,0,1,1,1,1,0,1,2,0,2,2,1,1,1,0,0,2,0,1,2,1,1,1,1,1,0,0,0,1,0,0,1,0,1,1,1,2,1,1,1,0,2,2,2,1,1,2,2,2,2,0,0,0,0,0
01/20/2013,1,0,1,1,1,0,1,1,1,1,0,1,1,2,1,2,1,1,1,2,2,0,0,1,0,1,0,1,1,1,1,1,0,1,0,1,2,0,1,1,2,2,0,1,0,0,1,0,0,1,0,1,2,1,1,2,1,1,2,2,1,2,1,1,2,0,0,0,1,1,2,1,1,0,0,0,2,0,1,2,1,2,1,1,2,1,2,0,2,2,2,1,2,2,2,0,2,0,0,0
01/21/2013,0,1,1,1,1,1,1,1,2,1,2,2,1,1,1,2,0,1,1,1,2,2,0,1,0,1,0,1,1,1,1,1,0,1,0,1,2,0,1,1,2,1,1,2,0,1,1,1,1,1,1,1,0,0,2,2,1,0,0,2,2,2,1,1,0,0,1,0,1,1,0,1,1,2,0,1,2,2,1,0,2,1,0,2,0,0,2,2,2,2,0,1,2,0,2,2,2,2,0,2
01/22/2013,1,1,1,0,1,1,1,1,1,1,2,0,0,1,1,0,1,1,1,1,2,2,0,1,0,1,0,2,1,1,1,1,0,1,0,1,0,0,1,1,1,2,1,2,0,1,1,1,1,1,1,0,2,1,1,2,1,1,0,2,1,2,1,2,0,2,1,1,0,1,0,1,1,0,1,1,2,2,1,0,0,1,2,2,0,1,1,2,0,2,2,1,2,0,0,2,0,2,1,1
01/23/2013,0,1,1,1,1,0,1,1,2,0,1,0,1,1,1,2,1,1,1,1,2,2,0,0,2,1,0,1,1,1,1,1,2,1,0,1,0,0,1,1,1,2,0,0,2,1,0,1,2,1,2,0,2,1,1,1,1,1,0,1,1,0,0,0,1,0,1,1,1,0,0,1,0,1,1,1,1,2,1,1,0,1,0,1,2,0,1,0,1,2,1,2,1,2,1,2,2,2,2,0
01/24/2013,0,1,1,1,1,1,0,1,2,0,1,1,1,1,2,1,1,1,1,1,0,2,2,1,1,1,0,0,1,0,2,1,2,1,0,0,0,1,2,0,1,2,0,1,1,1,1,1,1,1,2,0,1,1,1,1,0,1,0,1,2,1,0,0,1,1,1,0,2,0,0,1,0,1,1,0,1,2,2,2,0,0,1,1,1,0,1,2,1,2,0,2,1,1,1,1,0,0,1,0
01/25/2013,2,1,1,1,1,1,0,0,1,2,2,1,1,1,1,1,1,1,2,1,0,2,1,0,1,1,1,2,1,1,2,1,0,1,2,1,0,1,2,0,1,2,0,1,1,1,0,0,1,1,0,0,1,1,1,1,0,1,2,1,2,1,0,0,1,1,0,0,2,2,1,2,0,1,2,0,1,2,2,0,2,0,1,0,1,0,1,1,1,2,1,2,0,0,1,0,0,1,0,2
01/27/2013,2,1,2,1,1,1,0,0,2,1,1,1,1,1,2,2,2,1,2,2,1,2,1,0,1,1,1,2,0,1,2,2,1,1,1,0,1,2,2,0,1,1,0,1,1,1,0,2,2,1,2,0,1,1,2,1,2,0,1,1,2,1,1,2,1,1,0,0,0,2,1,2,1,1,2,0,1,2,2,2,1,2,1,0,1,1,1,1,1,1,1,1,1,1,1,1,1,1,1,1
01/28/2013,0,2,1,1,1,1,2,0,2,1,1,1,1,1,2,1,0,1,1,1,1,1,1,0,2,1,1,2,0,2,2,0,1,1,1,2,1,1,2,2,1,1,0,1,1,1,1,0,1,1,0,0,0,0,2,1,0,0,2,0,2,0,1,1,1,1,0,1,1,2,1,2,1,1,2,0,0,2,1,2,2,0,0,0,1,0,0,2,1,2,0,0,1,2,2,2,0,1,2,2
01/29/2013,2,2,2,1,2,1,0,0,2,1,1,2,1,1,2,1,2,1,1,1,1,1,1,0,2,1,1,2,2,0,2,0,1,1,1,2,1,1,0,2,1,1,2,1,1,0,1,1,1,0,0,2,1,1,2,1,1,0,1,0,2,0,1,1,0,1,1,1,1,1,0,0,1,1,2,1,2,1,1,2,2,0,0,0,2,0,0,1,0,0,0,1,2,2,2,2,0,1,1,0
01/30/2013,2,2,1,1,1,1,2,1,2,0,0,1,0,1,2,0,2,1,0,1,2,2,1,2,2,1,1,0,0,2,0,1,1,0,1,2,0,2,0,2,1,1,1,1,1,1,1,1,0,0,0,1,1,0,2,1,1,1,2,0,2,0,1,1,0,1,1,1,1,1,0,2,0,0,1,0,2,2,1,2,2,1,0,0,2,0,0,0,0,0,2,1,2,1,2,2,1,0,2,2
01/31/2013,2,0,1,0,1,1,1,1,2,1,2,1,0,1,2,0,2,1,0,1,1,1,1,2,2,1,2,0,1,1,2,1,2,2,1,2,1,2,1,1,0,1,0,1,2,0,1,1,1,0,0,1,0,2,2,0,1,1,2,0,2,2,2,0,1,1,1,2,1,1,0,2,2,1,1,2,2,1,1,1,2,1,0,1,2,0,0,0,0,1,0,2,1,1,2,1,1,0,2,0
02/01/2013,2,1,1,1,1,0,2,1,1,0,0,1,0,2,0,1,1,1,0,2,1,0,0,0,2,1,2,0,0,0,2,1,0,0,1,2,1,2,1,1,0,1,1,1,0,2,1,1,0,0,0,1,0,0,2,0,1,1,0,0,1,0,2,1,1,1,1,2,0,1,0,2,2,1,0,2,2,2,1,2,2,1,2,1,2,2,1,2,0,0,2,2,1,1,2,1,0,2,0,0
02/03/2013,0,0,1,1,1,1,2,1,1,0,0,1,0,1,1,1,1,1,2,0,1,0,2,2,0,0,1,1,1,1,1,1,0,0,0,1,0,2,1,2,2,0,1,1,2,2,1,0,0,0,0,1,0,0,2,0,1,1,2,0,1,2,2,1,0,0,1,0,0,0,0,1,2,1,1,2,1,2,2,2,2,1,2,2,1,2,1,2,0,1,2,2,1,0,1,1,0,2,1,2
02/04/2013,2,1,1,1,1,0,2,1,1,0,0,1,0,1,1,1,2,0,0,0,1,0,0,2,1,2,1,1,2,1,1,0,0,2,0,0,0,0,1,1,2,0,1,0,2,2,1,0,2,0,1,1,0,0,2,1,1,1,2,0,1,1,2,0,0,2,0,2,0,0,1,1,1,1,1,1,1,0,2,2,2,2,2,2,1,1,0,2,0,1,0,2,1,0,1,0,1,0,1,2
02/05/2013,0,1,0,1,1,1,2,1,0,0,0,1,1,1,1,1,0,2,0,0,0,0,0,2,0,0,1,1,1,1,1,2,0,2,0,1,0,2,1,1,2,2,0,0,2,2,2,0,2,0,1,1,1,0,1,1,0,1,2,0,1,1,0,0,0,2,0,2,0,0,1,1,2,1,1,1,2,0,2,2,2,0,2,0,0,1,2,2,0,0,1,0,1,2,0,0,0,2,1,2
02/06/2013,2,1,0,1,1,2,2,1,1,0,1,1,1,2,1,1,0,2,1,0,0,0,0,2,0,1,0,1,2,1,1,2,0,2,0,1,1,2,1,1,2,2,0,0,0,0,2,0,0,0,1,1,1,1,1,1,0,1,2,0,1,0,0,0,2,2,0,2,0,0,1,0,1,1,1,1,2,0,2,2,0,2,2,1,0,1,2,2,0,1,1,1,0,2,0,1,2,2,2,2
02/07/2013,0,1,0,1,0,1,2,0,1,0,1,1,1,2,1,1,1,2,1,2,0,1,1,2,0,0,0,1,2,1,1,2,1,2,0,0,1,1,1,0,1,2,0,0,1,0,2,0,2,0,1,0,1,1,1,1,0,1,2,0,1,1,1,1,2,2,0,2,0,0,1,0,1,2,1,2,2,0,2,0,1,2,2,0,0,2,1,1,2,2,2,2,0,1,0,0,0,0,2,2
02/08/2013,0,1,0,2,0,1,2,0,0,1,1,1,1,2,1,1,0,0,1,1,0,1,1,1,0,1,1,0,2,1,1,2,1,2,1,0,1,0,2,0,2,2,2,2,0,0,2,2,1,0,1,1,1,1,1,2,0,1,2,0,0,1,0,0,2,2,0,1,0,0,2,0,2,0,0,1,2,2,2,2,2,2,2,0,0,2,2,1,2,2,2,0,2,0,0,0,2,0,0,2
02/10/2013,0,2,0,2,0,1,1,0,0,1,2,0,1,2,2,2,0,2,2,1,0,1,1,1,1,1,1,1,2,1,1,0,1,1,1,0,1,1,0,0,2,2,0,2,1,0,2,1,1,0,2,0,1,1,1,1,0,1,2,0,1,1,0,2,2,2,0,1,2,1,0,2,2,0,0,0,0,1,2,2,2,2,2,0,0,1,1,2,2,2,2,2,2,2,2,0,2,2,2,2
02/11/2013,1,2,0,1,0,1,2,0,0,2,1,0,0,0,1,2,0,2,1,1,1,1,1,2,1,2,1,0,2,0,2,0,1,1,1,1,1,1,0,1,2,2,1,0,0,1,1,1,1,1,2,0,1,1,1,1,1,1,1,1,1,2,1,2,1,1,1,1,1,1,1,2,2,0,1,1,1,2,0,1,2,2,1,1,1,2,0,1,2,2,0,1,1,1,1,0,0,2,2,0
02/12/2013,1,2,0,1,0,2,1,1,1,2,0,0,0,2,1,1,0,0,1,1,1,1,1,0,1,2,1,0,1,0,1,0,2,1,1,1,2,1,0,0,2,2,1,1,0,1,1,2,1,1,0,0,2,2,2,2,1,1,1,2,1,2,1,2,1,1,1,0,1,0,0,1,2,0,1,0,0,2,1,1,2,2,1,1,1,0,2,2,1,1,2,2,1,2,2,1,2,2,2,0
02/13/2013,1,2,1,1,0,2,1,1,2,2,1,0,0,0,1,2,0,0,1,1,1,1,1,0,1,2,2,0,0,2,1,0,2,1,1,1,2,0,0,1,2,1,1,1,0,1,1,1,2,1,2,0,1,2,1,2,1,1,2,1,1,0,0,2,0,1,1,1,1,1,1,1,1,0,1,0,2,2,0,1,2,2,1,0,0,1,2,2,0,2,2,2,2,2,2,0,2,2,0,0
02/14/2013,1,1,1,1,0,2,1,1,2,2,1,2,0,0,1,2,1,0,0,1,1,1,1,0,2,2,2,0,1,2,1,1,1,1,2,0,2,0,2,1,2,1,1,1,0,0,1,1,2,1,0,1,1,2,0,2,1,1,1,1,1,0,0,2,1,0,0,1,0,1,0,1,1,1,1,2,0,2,1,0,0,2,0,2,2,1,2,0,0,2,2,1,2,2,0,2,2,0,1,0
02/15/2013,1,1,2,0,0,2,0,1,2,2,1,0,0,2,2,0,1,1,0,1,2,1,1,2,1,1,0,0,2,2,1,1,1,1,2,1,1,2,2,1,1,1,1,1,0,0,1,1,2,1,0,1,0,2,0,2,1,1,0,0,1,0,1,2,1,0,1,0,0,1,1,1,1,1,1,2,2,2,1,0,1,1,1,2,2,0,2,1,2,2,2,1,2,0,2,1,1,0,0,0
02/17/2013,1,2,2,1,1,2,0,1,1,0,1,1,0,1,2,2,1,1,0,0,2,1,2,0,1,0,2,2,1,2,0,1,2,0,2,0,1,2,2,1,1,1,1,1,1,0,1,2,1,1,1,1,0,0,0,2,1,1,1,0,1,0,2,2,0,0,1,1,0,1,1,1,1,1,1,1,0,1,1,0,2,1,0,2,2,1,2,1,2,2,1,1,0,1,1,1,1,1,0,2
02/18/2013,1,1,2,1,1,2,1,0,1,0,0,1,0,1,2,1,1,1,0,0,2,1,0,0,1,1,2,2,1,2,0,1,1,0,2,0,1,1,2,2,1,0,1,1,0,1,1,2,1,2,1,2,0,2,2,2,0,2,1,0,1,0,2,1,0,0,1,1,0,1,1,1,1,1,1,1,0,2,2,2,0,2,0,1,0,2,2,1,2,2,2,2,0,0,0,1,0,1,0,2
02/19/2013,1,1,2,1,2,0,0,0,1,1,1,1,0,1,2,1,1,2,0,0,0,1,0,0,1,0,2,1,1,2,0,1,1,0,0,0,1,1,2,0,0,1,0,1,1,0,0,2,2,2,1,2,0,2,2,0,2,2,0,0,0,1,0,1,0,0,1,1,0,1,1,0,0,1,1,1,1,0,1,0,1,2,0,2,0,2,0,0,2,2,2,1,1,1,0,0,0,0,0,2
02/20/2013,0,1,2,1,1,0,2,0,1,1,1,1,1,1,1,1,1,1,2,0,2,1,0,0,0,0,0,1,1,0,2,1,2,0,0,0,0,1,2,0,0,1,1,1,1,2,1,2,0,2,1,2,1,2,1,2,1,2,1,2,2,1,2,1,0,1,1,1,0,1,1,0,0,1,1,0,1,0,2,1,0,2,0,1,0,2,0,0,1,1,2,2,1,1,2,0,0,2,2,2
02/21/2013,1,1,0,1,1,1,2,1,1,1,1,1,1,1,2,1,0,1,2,0,0,1,2,2,0,2,0,1,1,1,0,1,1,0,0,1,0,1,2,0,0,0,1,1,1,2,0,2,0,2,1,2,1,2,0,1,1,2,2,1,2,1,2,1,1,1,1,1,1,2,1,0,1,1,0,0,2,1,1,1,2,2,1,1,1,0,0,1,1,1,1,1,1,1,1,0,1,1,1,1
02/22/2013,1,1,0,1,0,1,1,1,1,1,1,2,0,1,1,1,0,1,2,1,2,1,2,2,1,2,0,1,1,1,1,1,1,1,1,1,0,1,2,0,0,0,0,0,1,1,1,2,0,2,1,2,1,2,0,1,0,1,1,1,2,1,2,0,1,1,1,2,1,2,1,0,2,1,2,2,2,1,0,1,2,2,0,0,2,2,0,2,1,0,1,1,2,1,2,0,0,0,1,2
02/24/2013,2,0,0,1,1,0,1,1,1,1,0,1,0,1,1,2,0,0,2,2,1,1,2,2,1,2,0,1,1,1,1,1,0,1,1,1,2,1,2,0,0,0,2,0,1,2,1,2,0,1,1,2,1,2,1,1,0,1,2,2,1,0,1,1,0,1,1,2,0,2,1,0,0,1,2,0,0,2,2,1,2,0,0,0,2,2,0,2,0,0,1,1,2,2,2,2,0,0,2,2
02/25/2013,2,2,0,1,0,1,1,1,1,1,0,2,0,0,0,1,0,0,2,1,1,1,2,2,1,1,0,1,2,1,1,1,1,1,1,1,1,0,2,0,1,2,1,2,1,2,1,1,0,1,0,2,1,2,0,1,0,0,0,1,1,1,2,1,1,1,1,1,0,1,2,1,1,1,1,0,0,2,2,1,2,1,1,0,0,0,1,2,0,0,1,1,0,2,0,1,0,1,0,0
02/26/2013,2,2,0,0,2,1,1,1,1,1,0,0,0,2,0,1,0,0,1,1,1,0,2,1,1,1,0,0,2,1,1,1,1,1,1,1,2,0,0,0,2,2,1,2,1,1,1,0,0,1,2,2,0,1,1,1,0,0,0,0,1,2,2,2,0,0,1,1,0,0,1,1,1,2,1,1,0,2,2,2,2,1,1,0,2,1,1,1,0,0,1,1,0,1,1,1,1,1,0,1
02/27/2013,2,2,1,0,2,1,1,1,1,1,1,1,2,2,0,1,0,2,0,1,1,0,2,1,1,1,1,1,2,0,1,1,2,1,2,2,1,0,1,1,2,2,0,2,2,2,1,1,0,1,0,1,0,0,1,1,0,1,1,0,1,2,0,1,1,0,0,1,0,1,0,1,2,1,2,0,1,2,2,2,2,1,2,2,2,2,2,0,2,0,1,0,0,2,2,1,2,0,2,0
02/28/2013,2,1,1,0,2,0,2,1,0,1,1,0,2,2,0,1,1,2,0,1,0,0,2,0,1,2,1,2,2,0,0,1,1,1,0,2,2,1,1,1,2,2,0,1,0,2,1,1,0,1,0,1,2,0,1,1,1,1,1,0,0,2,0,0,1,0,0,1,2,1,0,1,1,0,1,1,1,1,0,1,2,1,2,1,1,2,2,1,2,1,0,2,0,2,0,2,2,2,2,0
03/01/2013,1,2,1,0,2,0,2,0,0,1,2,1,1,2,1,1,1,2,0,0,0,0,2,0,1,2,1,1,2,2,1,1,1,1,0,0,2,2,1,1,2,2,2,1,2,0,1,1,1,1,0,1,0,1,1,1,1,1,1,0,0,1,0,1,2,0,1,1,2,1,0,1,1,1,1,1,1,1,2,2,1,1,2,1,1,0,1,1,1,1,1,2,1,1,1,1,2,0,1,1
03/03/2013,1,2,1,0,2,0,2,0,0,1,2,1,1,1,1,0,1,1,0,0,2,1,1,0,0,2,1,1,1,2,1,1,1,1,0,0,2,1,1,1,2,2,0,0,0,0,1,0,2,0,2,1,2,1,1,1,1,1,1,1,2,1,0,1,2,0,1,1,2,1,0,1,1,2,1,2,2,0,1,2,1,2,1,0,1,1,2,0,2,2,2,2,1,0,1,1,1,0,1,0
03/04/2013,1,2,1,0,2,0,1,0,1,2,2,1,1,0,2,0,0,1,0,2,2,1,1,0,0,1,0,2,0,2,0,1,2,1,0,0,2,1,1,1,2,2,1,0,0,2,1,2,1,0,1,0,2,0,2,1,1,1,1,1,2,1,1,1,1,0,2,0,1,1,0,1,2,2,0,2,2,0,0,2,1,2,0,0,2,2,2,0,1,2,2,2,2,0,2,1,1,2,1,1
03/05/2013,1,1,2,0,0,0,2,2,1,1,2,1,1,1,1,0,1,1,0,2,2,1,0,0,0,1,1,2,1,2,0,0,2,1,0,0,0,1,0,1,1,2,1,0,0,0,2,2,2,0,2,0,2,0,0,0,1,1,1,1,1,1,2,1,2,0,1,2,2,0,2,2,0,2,0,2,2,0,2,2,1,1,0,0,2,2,0,0,2,2,2,1,2,0,2,0,0,2,2,0
03/06/2013,1,1,2,1,1,0,2,1,1,1,2,1,2,2,1,0,0,2,0,2,1,0,0,0,1,0,1,1,0,2,1,0,2,1,0,0,1,1,0,1,1,2,1,0,1,0,2,0,2,0,2,0,2,2,0,0,1,1,1,1,2,1,2,1,2,0,1,0,1,1,1,0,0,2,0,2,2,0,0,2,1,1,2,1,0,1,1,1,1,2,2,1,2,1,1,2,1,1,1,1
03/07/2013,2,1,2,1,0,2,2,1,1,1,2,2,2,1,2,2,0,1,0,0,1,1,0,1,0,0,0,1,0,1,0,0,2,1,0,0,1,1,2,1,1,2,1,1,1,0,0,0,1,0,0,0,2,0,0,1,1,1,1,2,1,1,0,1,1,0,1,1,1,1,2,2,0,0,1,2,2,1,1,2,0,1,0,0,0,2,1,1,1,2,0,1,1,1,1,1,0,1,0,1
03/08/2013,0,1,2,1,0,0,2,1,1,1,2,2,2,1,1,1,2,1,2,1,0,1,0,1,1,0,0,1,0,1,1,0,2,1,1,0,2,1,2,1,1,2,1,1,1,0,1,1,2,1,1,0,1,2,1,0,1,1,1,1,1,1,1,2,2,1,2,1,1,0,1,2,0,1,1,1,2,0,1,2,0,1,2,1,0,2,0,0,0,2,2,1,1,0,0,2,1,1,1,1
03/10/2013,2,1,0,1,1,0,1,1,2,0,1,2,2,1,1,1,0,1,2,2,0,1,1,1,1,1,0,1,2,1,1,0,0,1,1,0,1,1,2,0,1,0,1,2,1,2,2,1,2,1,1,0,2,2,1,0,0,0,0,0,1,1,1,0,1,1,2,1,1,0,1,2,0,1,1,1,1,2,1,2,2,2,1,1,0,2,1,0,2,0,1,1,1,0,0,2,2,0,2,2
03/11/2013,1,2,0,0,1,2,0,2,2,0,0,2,1,1,1,1,0,1,2,2,0,1,1,1,1,1,0,1,2,1,1,2,0,2,1,0,1,1,2,0,1,2,1,1,1,1,2,1,1,1,1,0,2,2,0,0,0,2,1,2,1,2,1,0,1,1,2,1,1,2,0,1,0,1,0,1,1,2,2,2,2,2,1,2,1,2,0,0,0,0,1,0,2,2,0,2,2,0,0,2
03/12/2013,2,0,0,1,1,2,2,2,2,0,0,2,1,1,2,1,2,0,2,0,1,0,1,1,1,1,0,1,2,1,1,2,0,1,1,0,2,1,2,0,1,1,2,1,2,1,2,1,1,0,1,1,1,2,1,0,1,0,1,2,2,1,2,0,1,1,2,1,1,2,0,1,0,0,2,1,1,2,2,2,2,2,2,2,0,2,0,2,2,0,1,2,2,2,1,2,2,2,1,0
03/13/2013,0,0,0,0,1,1,0,2,0,1,0,1,0,1,0,1,2,0,1,0,1,1,1,1,1,1,1,0,2,1,2,0,0,1,1,0,1,1,1,0,1,1,0,1,2,1,2,2,1,1,1,1,1,1,1,0,1,1,1,1,1,1,1,0,1,0,0,0,1,2,0,1,0,0,2,2,2,1,1,2,2,1,0,1,1,1,1,2,1,1,1,0,1,1,1,1,1,2,1,1
03/14/2013,0,0,0,0,1,1,0,0,2,1,0,1,1,0,1,1,1,0,1,2,1,1,1,1,1,1,1,0,2,1,2,0,0,1,1,1,2,1,1,1,0,1,0,1,2,1,2,1,0,0,1,1,1,1,1,1,1,1,1,1,1,0,1,1,1,1,0,0,1,1,1,1,2,0,2,0,2,2,0,1,2,0,2,2,1,1,1,0,2,2,0,2,2,1,0,0,1,2,2,0
03/15/2013,0,0,1,0,2,1,0,0,2,1,1,1,2,0,1,1,1,0,1,1,1,1,1,0,1,2,2,0,2,1,1,1,1,0,1,1,2,2,2,0,2,1,0,0,2,0,1,0,0,0,0,1,1,1,2,1,1,1,1,1,0,1,1,2,1,2,0,0,0,1,0,2,2,0,2,0,2,2,2,2,1,1,2,2,2,1,1,2,2,0,2,2,2,1,2,2,0,2,2,0
03/17/2013,0,1,1,0,2,1,1,1,2,1,1,0,1,0,1,1,1,2,1,2,1,2,0,0,2,1,2,1,2,1,2,1,1,0,1,1,2,1,2,1,2,1,1,0,2,0,1,0,0,2,2,1,1,1,2,1,1,1,1,1,1,0,1,0,0,1,1,0,0,1,2,0,2,0,0,0,0,1,2,1,1,0,2,1,2,1,1,2,0,2,2,0,0,1,0,2,0,0,0,2
03/18/2013,1,2,2,1,2,1,1,1,1,0,1,1,1,0,0,0,1,2,1,1,1,2,2,0,1,0,2,2,1,0,1,1,2,0,1,2,0,0,0,1,2,1,1,0,1,1,1,0,1,0,2,1,1,2,2,1,1,1,1,1,1,0,1,1,2,2,1,2,0,0,1,0,1,1,1,1,0,1,2,1,1,0,2,0,2,2,0,2,0,2,2,0,0,0,1,2,0,1,0,2
03/19/2013,1,2,1,2,2,1,1,1,1,1,1,1,1,0,0,0,0,2,1,1,1,1,2,1,0,0,2,1,2,0,0,1,1,0,1,0,0,0,2,1,0,1,1,0,1,1,0,1,1,1,2,2,2,0,2,1,1,2,1,2,0,0,1,0,2,2,1,1,1,0,1,0,2,1,1,1,0,2,2,1,2,0,2,1,2,2,2,2,0,2,1,2,0,0,1,2,0,1,0,0
03/20/2013,1,2,1,2,1,1,1,1,1,0,1,0,0,0,0,0,0,2,0,1,0,1,2,1,0,0,2,1,0,2,1,1,2,0,1,0,0,2,2,1,1,1,1,2,1,1,0,1,1,1,2,2,1,0,2,1,0,1,0,1,0,1,1,0,2,2,1,1,2,0,2,0,2,1,1,1,2,1,2,1,2,1,2,2,2,2,2,2,0,2,1,2,0,0,2,0,0,0,0,0
03/21/2013,1,2,0,1,1,1,1,1,1,0,1,2,0,2,2,0,1,2,0,1,0,0,2,0,0,0,1,1,2,2,1,0,2,1,0,2,0,2,1,1,1,2,1,2,2,1,0,1,1,1,1,2,1,0,2,0,0,1,1,0,0,1,0,1,2,2,1,1,2,0,2,0,0,1,1,1,1,1,2,1,0,1,0,1,1,0,0,1,0,1,1,0,1,1,1,1,1,1,1,1
03/22/2013,1,2,1,1,1,1,1,1,1,0,2,2,1,2,0,1,1,2,0,1,0,1,0,0,2,2,2,1,2,2,1,0,2,0,1,2,0,2,1,1,1,1,1,2,1,1,0,1,1,1,1,2,0,0,2,0,0,1,0,0,1,1,0,1,2,2,1,2,2,0,2,0,2,2,0,2,2,0,1,2,0,0,2,2,1,2,0,0,2,1,1,1,1,1,0,1,0,0,1,1
03/24/2013,0,0,0,1,2,1,1,1,1,0,2,0,0,2,1,1,1,1,0,1,0,1,2,0,2,2,2,1,0,2,1,0,1,0,0,2,1,1,1,0,1,1,1,2,0,1,2,1,1,1,1,2,0,2,1,0,0,0,1,1,1,1,0,1,2,1,1,2,2,2,0,2,1,2,0,2,2,0,1,2,0,1,1,1,1,2,1,1,2,1,2,1,1,1,0,1,2,2,1,1
03/25/2013,1,0,0,0,2,2,0,1,0,0,2,1,0,2,1,1,1,2,0,0,2,1,1,2,2,2,2,2,1,2,1,1,1,0,0,1,1,0,1,1,1,1,0,2,0,0,0,1,2,1,1,2,0,1,1,2,0,1,0,0,1,0,1,1,2,1,0,0,2,1,0,0,0,2,0,2,2,0,1,0,0,1,1,1,2,2,0,2,2,2,2,2,2,1,2,2,2,2,2,2
03/26/2013,1,0,0,0,2,2,0,1,0,0,2,1,2,1,1,1,1,1,0,1,2,0,1,2,2,0,2,1,0,1,2,1,1,0,0,2,1,0,1,0,0,0,0,2,0,0,1,1,1,1,1,2,0,2,1,1,1,0,2,1,1,0,0,1,1,1,0,2,2,1,0,0,1,1,0,0,1,0,1,0,1,1,1,1,2,0,1,2,1,0,0,1,1,1,0,2,1,1,1,2
03/27/2013,1,0,0,0,1,2,0,1,0,1,2,1,1,2,1,1,2,1,1,0,2,0,1,1,2,0,2,1,1,1,1,1,1,0,0,1,1,0,1,2,1,2,0,1,0,0,1,2,1,1,1,2,2,2,1,0,1,1,1,1,1,2,2,0,2,1,0,2,0,1,0,1,1,1,1,1,1,1,1,0,1,0,0,1,2,1,1,2,1,1,1,1,1,1,2,2,1,1,0,1
03/28/2013,0,0,0,1,1,2,0,2,0,0,0,1,1,1,2,1,0,1,1,0,0,1,1,1,0,1,2,1,0,1,0,1,1,1,0,1,1,0,1,2,0,2,2,1,0,0,1,0,1,1,1,0,0,2,0,1,1,1,1,1,1,2,2,2,2,1,0,2,0,1,1,1,1,1,1,1,1,1,2,0,1,0,2,2,2,1,1,1,1,1,1,1,1,2,1,1,0,1,0,1
03/31/2013,2,1,2,1,1,2,0,2,1,1,0,1,1,0,0,1,1,0,1,0,2,1,1,1,0,0,2,1,1,1,1,1,1,1,2,1,1,0,1,2,0,2,1,1,0,2,1,0,1,1,0,0,1,2,0,1,1,1,1,1,1,1,1,0,0,1,1,2,0,0,1,1,0,1,1,1,1,2,2,2,0,1,2,0,2,1,1,1,1,1,1,0,1,2,1,1,0,1,0,1
04/01/2013,2,1,1,1,1,0,0,1,1,0,0,1,1,0,0,1,0,0,1,1,1,1,1,1,1,0,2,1,1,1,2,1,0,1,2,2,0,0,1,2,1,1,1,0,0,2,1,0,0,0,0,0,1,2,0,1,1,1,1,1,0,1,1,0,1,1,2,2,0,1,1,1,0,1,1,0,2,1,2,2,1,0,2,0,2,2,2,2,2,2,2,0,1,0,2,1,2,0,0,1
04/02/2013,2,2,1,1,0,1,0,0,0,1,0,1,1,1,0,1,0,0,1,1,0,2,1,1,1,2,2,1,2,1,2,1,0,1,1,1,0,0,1,2,1,1,1,0,0,2,0,0,0,0,1,0,0,1,0,1,0,1,2,0,0,2,1,1,1,1,2,1,0,0,1,2,2,0,1,0,1,2,2,2,1,1,2,2,2,2,2,1,0,0,2,0,1,0,1,1,2,0,1,1
04/03/2013,2,1,1,1,1,1,0,1,1,1,1,1,0,0,1,1,0,2,1,0,1,2,1,0,1,1,2,1,2,1,2,1,1,1,1,1,0,0,1,1,1,1,1,0,1,2,0,0,1,0,0,0,1,1,0,1,0,1,2,0,2,1,1,1,1,0,2,0,0,1,1,2,0,0,1,2,1,1,1,2,1,1,1,1,0,1,1,2,2,2,2,0,1,1,1,0,0,0,1,1
04/04/2013,2,1,0,1,1,1,0,1,1,0,1,2,2,0,2,1,0,0,2,2,0,2,1,2,0,1,1,1,2,1,0,0,1,0,1,1,0,0,1,1,0,1,2,0,0,2,0,1,1,0,1,1,2,1,0,1,0,2,2,0,2,0,1,1,1,2,1,0,1,1,0,2,0,0,0,0,0,0,1,2,2,0,1,1,1,1,0,2,0,2,2,1,0,1,0,0,1,2,1,2
04/05/2013,2,2,0,1,1,1,0,2,2,0,1,0,0,1,1,1,0,0,2,2,0,2,1,0,0,1,1,0,2,0,2,2,1,2,0,1,1,0,1,1,1,1,1,0,1,2,2,1,1,0,0,1,0,2,1,0,0,1,2,0,2,0,2,1,0,0,0,0,1,1,0,2,2,2,0,1,0,2,0,1,2,2,0,1,2,2,0,2,2,1,2,2,2,2,2,0,1,2,2,2
04/07/2013,1,2,0,1,1,1,1,0,2,0,1,0,2,1,0,2,0,1,2,2,1,2,1,2,0,1,1,1,2,2,0,0,1,0,1,1,2,0,1,0,0,0,1,1,1,2,2,1,1,0,1,1,0,0,1,2,0,2,1,0,2,0,1,1,0,0,1,0,1,1,0,2,1,1,2,1,2,2,1,1,0,2,1,1,1,1,0,2,0,2,1,1,2,1,0,0,1,0,0,1
04/08/2013,1,2,0,1,1,1,1,1,1,0,1,0,1,1,1,1,1,1,2,2,1,2,1,2,0,0,1,2,2,1,1,0,1,1,1,1,1,0,1,2,1,1,1,1,0,2,0,1,1,1,1,1,0,0,2,0,1,2,2,2,2,1,1,1,0,0,1,1,1,1,0,2,1,2,2,1,1,1,1,1,2,2,1,2,1,1,1,1,1,2,1,1,1,1,1,1,1,1,1,1
04/09/2013,1,2,1,0,1,1,2,1,2,2,1,1,2,2,1,1,1,1,2,0,0,2,1,0,0,2,1,1,1,1,1,1,1,1,1,1,1,2,1,2,2,0,0,1,0,1,1,1,1,0,1,1,0,1,2,0,2,2,2,2,1,1,1,0,0,1,0,1,1,2,0,2,1,1,0,0,1,1,2,0,2,1,0,0,2,0,0,1,0,2,0,2,2,2,2,0,2,2,0,0
04/10/2013,1,2,1,0,1,1,1,1,2,2,1,1,0,2,1,1,0,1,0,1,0,2,1,0,0,2,1,1,1,0,2,1,1,1,2,1,1,2,1,2,1,1,0,2,2,1,0,1,1,0,1,2,0,1,2,0,2,2,2,1,1,1,1,0,1,1,0,1,1,2,0,1,1,2,0,0,1,1,2,0,1,2,1,1,1,1,1,1,2,1,1,2,1,1,1,1,1,1,1,1
04/11/2013,1,2,1,0,1,1,0,1,2,2,1,1,1,2,2,1,1,1,0,2,0,1,1,1,0,1,1,1,2,2,1,1,1,1,1,2,0,2,1,2,1,2,0,2,0,1,0,1,1,1,1,1,1,1,0,1,1,1,1,1,1,2,1,0,1,1,0,0,1,2,2,2,0,1,1,0,1,1,2,2,1,2,1,0,0,2,2,2,2,0,0,2,1,0,1,2,2,0,0,0
04/12/2013,1,1,1,0,1,1,0,0,2,2,2,1,1,2,1,1,1,1,1,1,2,2,1,1,1,2,1,1,2,1,1,1,1,1,1,2,0,1,1,2,0,2,0,2,0,1,0,0,0,1,1,1,2,1,0,1,2,1,1,0,0,1,1,1,1,1,1,2,1,2,1,1,0,2,1,2,1,1,2,2,1,0,1,0,0,2,2,1,2,0,2,1,1,0,1,2,1,1,0,0
04/14/2013,1,1,1,0,0,1,2,2,0,2,2,1,0,2,1,1,2,1,1,1,1,1,0,1,1,2,2,0,2,0,1,1,0,0,1,2,0,1,1,2,0,1,1,2,0,1,0,0,0,2,1,2,1,2,0,1,2,1,0,0,1,1,1,1,1,0,1,1,1,2,1,1,0,2,1,2,1,1,1,2,1,2,2,0,0,2,2,2,2,1,2,2,1,0,1,0,0,0,1,0
04/15/2013,1,1,1,1,1,0,2,2,2,2,2,2,0,1,1,1,1,0,1,1,1,1,0,1,2,2,2,1,2,0,0,1,0,1,1,2,0,1,1,1,0,0,1,2,1,1,0,1,0,0,0,2,1,2,1,1,2,1,0,0,0,2,2,1,2,0,2,1,1,2,1,1,0,2,0,2,1,2,2,0,0,2,2,0,0,2,2,2,2,0,2,0,2,0,1,2,0,2,2,2
04/16/2013,1,1,1,1,0,2,2,2,0,1,2,0,0,0,1,1,1,0,0,1,1,1,0,1,0,2,1,2,2,2,1,1,0,1,2,1,0,1,1,0,0,1,1,2,0,0,0,1,0,0,2,2,1,0,0,1,2,0,0,0,0,0,0,1,2,2,1,1,1,2,1,1,1,1,0,1,1,0,1,1,1,2,2,1,1,2,1,2,1,1,1,1,1,1,1,1,0,2,1,1
04/17/2013,2,1,0,1,0,0,2,1,0,2,2,1,0,0,0,0,1,0,1,1,2,0,0,1,1,2,2,1,2,2,1,0,0,1,2,1,0,1,0,2,1,1,2,1,1,0,0,0,0,0,0,2,0,2,0,2,2,1,0,1,0,0,0,0,1,0,0,1,0,1,1,1,0,1,2,2,0,1,2,2,0,2,2,2,2,2,2,2,2,2,2,2,2,2,2,2,2,2,2,1
04/18/2013,2,1,2,1,0,2,2,2,0,2,2,0,0,0,0,2,1,2,1,1,1,1,0,1,2,0,2,0,2,0,1,0,1,0,2,1,1,1,0,1,1,0,0,1,1,0,1,1,1,2,2,0,0,2,0,0,1,1,0,1,0,0,0,2,2,1,1,1,0,0,1,0,0,1,1,0,0,0,2,2,2,2,1,1,2,2,1,1,1,2,1,2,2,1,2,1,2,2,2,2
04/19/2013,2,1,0,2,0,2,2,1,1,0,1,0,1,0,0,0,2,1,1,1,0,1,0,2,2,1,0,0,1,1,1,0,1,0,2,2,1,2,0,1,1,0,0,1,1,1,1,1,1,0,2,1,1,2,0,1,2,1,1,1,1,1,0,0,1,1,1,1,0,0,2,2,0,2,1,1,0,1,2,2,2,1,1,1,1,1,1,1,1,2,1,1,0,0,1,1,2,1,1,0
04/21/2013,1,1,0,1,1,1,1,1,1,0,1,0,1,2,0,0,2,1,0,0,1,1,2,2,0,1,2,0,0,0,2,0,1,0,2,2,1,0,0,0,1,0,0,1,1,1,1,1,1,0,2,1,0,1,0,1,1,1,1,2,1,1,1,0,1,1,1,1,0,0,0,0,0,1,2,0,0,1,0,2,2,0,1,2,1,1,0,2,0,2,1,2,2,2,2,0,2,2,0,2
04/22/2013,1,2,0,1,1,1,1,1,1,0,2,0,0,0,1,0,1,1,0,1,0,1,2,2,1,1,1,0,1,1,2,2,1,1,1,2,2,0,2,1,0,0,0,1,0,1,1,1,2,1,2,1,1,1,0,1,1,1,1,1,1,1,0,0,1,1,0,1,1,1,0,2,2,0,0,0,1,1,2,2,0,0,2,2,1,2,1,1,2,1,1,1,1,1,0,0,1,0,2,1
04/23/2013,1,0,0,0,1,2,0,1,0,2,1,1,2,1,2,2,0,1,2,0,1,1,2,2,0,1,1,1,1,1,2,1,1,1,0,2,1,0,0,0,2,0,1,1,0,1,1,1,2,1,2,1,2,2,2,1,1,1,1,1,1,1,0,0,1,0,0,2,1,0,0,2,1,0,1,0,1,1,1,1,1,0,0,2,1,2,2,2,2,1,0,1,1,0,0,0,1,0,1,0
04/24/2013,2,1,0,0,1,1,1,1,0,0,1,1,1,1,2,1,2,1,2,2,2,1,2,2,0,1,1,1,0,1,0,1,1,0,0,2,1,0,1,0,2,2,1,2,0,1,1,1,2,1,2,0,2,0,0,1,2,1,1,1,1,1,1,0,1,0,0,1,1,1,0,2,2,0,1,1,1,2,1,1,1,1,0,0,2,0,2,2,2,0,1,1,1,0,0,0,1,0,1,0
04/25/2013,0,1,1,0,1,1,1,0,1,1,1,1,2,1,1,1,2,1,2,0,2,1,2,2,1,1,1,1,1,1,0,1,2,1,1,0,1,1,1,0,2,2,1,0,0,1,0,1,2,1,1,0,2,0,0,2,0,1,2,1,0,1,2,0,1,0,0,1,1,1,0,1,2,2,1,1,2,2,1,1,1,1,2,1,1,1,1,1,1,1,0,1,1,1,1,1,0,1,2,1
04/26/2013,1,1,1,0,1,1,1,0,1,1,1,1,2,1,1,1,2,1,2,0,2,0,2,2,1,0,1,1,1,1,0,1,2,1,1,0,0,1,1,2,2,1,2,1,0,1,1,1,0,1,1,0,2,0,1,1,0,2,1,2,0,1,1,1,1,0,1,0,1,1,1,1,1,1,2,1,2,2,1,1,2,1,2,1,2,1,1,1,1,1,0,1,1,1,1,1,0,1,1,1
04/28/2013,1,1,1,0,1,1,1,0,1,1,1,1,2,1,1,2,1,0,2,0,2,2,2,1,2,0,0,1,1,1,0,0,0,1,1,0,1,2,1,0,2,2,1,1,2,0,1,0,0,0,1,0,2,0,1,1,0,1,1,2,0,1,1,1,0,2,1,1,1,1,1,2,0,1,2,2,2,2,2,2,2,1,0,1,2,1,1,2,1,2,0,1,0,2,1,1,0,0,0,2
04/29/2013,1,1,1,0,0,0,0,0,0,1,1,2,2,1,1,2,1,0,0,1,2,0,1,1,2,0,0,1,2,1,1,0,0,1,0,1,0,0,1,1,2,2,0,1,2,0,1,0,0,0,1,0,2,2,1,2,1,0,0,2,0,0,1,1,0,2,2,0,0,1,1,2,0,1,2,0,2,2,2,2,2,1,0,2,2,0,0,0,2,2,0,0,0,2,2,0,2,0,0,2
04/30/2013,1,1,1,0,0,1,1,0,0,1,1,2,0,2,1,1,2,0,0,1,1,1,1,1,2,0,2,1,0,1,1,0,1,1,0,1,1,2,1,1,1,2,0,1,2,0,2,0,0,0,1,2,2,2,1,1,0,1,0,0,0,2,1,0,0,1,2,1,0,0,1,0,0,1,1,2,2,0,2,0,2,1,1,2,0,0,0,0,1,2,1,0,0,2,2,0,2,1,1,0
05/01/2013,1,1,1,1,0,1,0,2,0,1,1,2,1,2,2,1,2,0,0,2,2,0,0,1,1,2,0,2,0,1,1,0,1,0,1,1,1,1,0,1,1,2,0,1,2,1,1,2,1,0,1,2,1,1,1,1,1,1,0,2,2,2,1,0,1,1,2,1,0,0,1,2,0,1,2,1,1,2,2,0,2,2,1,2,2,0,1,0,1,2,1,0,0,2,2,0,1,0,1,0
05/02/2013,2,0,0,1,1,0,1,2,0,2,0,2,1,1,1,0,2,1,2,2,0,0,0,2,1,0,2,2,0,1,1,1,1,2,1,1,2,1,0,1,2,2,0,1,1,0,2,1,1,2,0,2,0,1,1,1,1,1,0,2,2,2,1,0,0,1,2,1,0,0,1,0,1,1,1,2,0,2,1,2,1,2,1,2,1,1,0,0,2,2,2,0,0,1,0,0,1,0,1,0
05/03/2013,2,1,1,1,0,0,0,1,1,0,0,0,1,1,0,0,2,1,1,2,0,1,1,1,0,1,2,0,0,0,1,1,1,2,1,1,1,0,1,1,2,2,2,1,1,1,2,0,1,0,0,1,1,1,1,1,1,1,0,2,2,2,0,0,2,2,2,1,0,2,0,0,1,0,0,2,1,2,1,0,0,2,1,2,2,2,0,2,2,2,1,2,2,2,0,2,2,0,0,0
05/05/2013,2,0,1,1,0,0,0,1,1,1,0,0,1,1,1,0,2,1,1,0,0,1,0,0,0,1,2,2,0,0,1,1,1,2,2,1,1,0,1,1,1,0,0,0,1,1,2,1,1,0,0,1,1,1,1,1,1,2,0,1,1,1,0,0,2,0,2,1,0,0,1,0,0,0,1,1,2,2,0,0,1,2,1,1,2,2,2,1,2,0,2,2,2,2,0,1,2,2,2,2
05/06/2013,2,1,0,1,2,0,2,2,1,1,2,1,1,2,1,1,0,2,1,2,1,1,0,1,0,1,1,1,0,0,0,1,2,2,2,0,1,0,1,1,1,1,2,1,1,2,2,1,1,1,2,2,1,1,1,1,1,2,1,1,1,2,0,0,1,2,2,0,1,1,1,0,0,0,1,1,0,2,0,1,0,1,1,1,2,2,1,0,1,2,2,1,2,1,0,1,0,0,0,1
05/07/2013,2,1,0,1,1,0,2,1,1,1,2,1,1,0,1,1,0,1,1,2,0,1,2,0,0,1,2,2,1,0,0,2,1,2,2,0,0,1,1,1,1,1,0,2,1,0,0,1,1,1,2,1,0,1,1,1,0,1,1,1,1,2,0,0,2,1,2,0,1,1,0,0,2,2,0,0,0,2,0,2,2,2,2,2,2,2,2,2,0,2,0,1,2,2,0,0,0,0,2,2
05/08/2013,0,1,0,1,2,2,2,2,0,1,2,1,1,0,1,1,2,2,1,2,1,2,2,2,0,1,2,1,1,1,1,2,0,2,2,0,0,0,0,1,1,1,1,1,1,0,2,1,1,0,2,0,0,0,0,2,1,0,1,1,1,1,0,1,1,1,2,1,1,1,0,0,2,2,0,2,0,2,0,2,2,1,0,0,2,2,1,2,1,2,0,1,2,2,2,2,0,0,2,1
05/09/2013,1,1,1,0,2,2,2,1,0,1,2,1,1,1,1,1,1,2,1,2,1,2,0,1,0,0,2,1,1,1,1,2,1,2,1,0,0,1,1,2,2,2,1,0,1,1,0,1,2,1,2,1,0,0,0,2,2,0,1,0,1,0,0,1,1,1,2,0,0,1,0,0,0,2,0,2,1,2,0,2,2,1,0,0,2,2,0,2,2,2,1,2,0,2,2,0,1,0,2,0
05/10/2013,1,1,1,2,2,2,2,2,0,1,2,1,1,1,1,2,1,2,1,2,0,2,1,1,0,1,2,1,1,1,2,2,0,2,1,1,0,1,1,1,1,1,1,0,1,2,1,1,0,1,1,1,0,0,0,2,0,1,2,1,1,0,0,1,1,1,2,1,0,1,0,1,2,1,0,0,1,2,1,2,2,0,0,2,0,1,1,2,2,2,1,2,0,1,1,0,1,0,1,0
05/12/2013,1,2,2,1,2,2,0,0,0,1,2,1,0,1,1,0,1,0,1,2,1,1,1,2,1,1,0,1,1,1,2,2,1,2,1,1,0,1,1,1,0,0,2,0,1,1,0,0,0,1,1,0,2,2,0,2,0,1,2,0,1,0,2,2,1,0,2,1,0,1,0,1,2,1,2,0,2,2,1,2,2,1,0,2,2,2,2,2,2,0,2,2,0,1,0,1,2,2,0,2
05/13/2013,0,0,1,0,0,2,0,2,1,1,2,1,0,1,0,0,1,1,0,2,1,2,1,1,1,0,0,1,2,1,2,2,0,2,0,2,0,0,0,0,2,1,1,0,0,1,1,0,0,1,2,0,2,2,1,2,0,1,2,0,1,0,1,2,1,0,2,1,2,0,1,0,1,1,1,1,2,1,1,1,1,1,1,1,1,1,1,0,0,1,1,1,1,1,1,1,2,1,1,1
05/14/2013,2,1,1,2,0,2,0,2,1,1,1,1,0,0,1,1,1,1,0,2,2,1,1,1,1,2,0,1,2,1,2,0,1,1,1,1,1,1,2,0,2,1,0,0,1,2,0,0,2,2,0,0,2,2,2,2,1,1,2,1,2,0,1,2,0,0,0,1,1,0,1,1,1,2,1,1,2,1,2,1,1,1,1,1,0,2,2,1,0,1,2,1,0,1,0,2,2,2,0,0
05/15/2013,2,2,1,2,1,2,2,2,1,1,1,2,0,0,1,1,0,1,0,1,2,1,2,1,1,0,0,1,0,1,2,0,1,1,1,1,0,2,1,0,2,1,0,0,1,1,0,2,0,0,0,0,0,2,2,1,1,1,2,1,0,0,1,2,0,0,1,1,1,2,1,0,1,2,1,1,2,0,2,1,1,0,1,1,0,2,2,1,1,2,1,2,0,0,0,2,2,0,2,2
05/16/2013,2,2,1,2,1,1,0,0,1,1,1,0,1,0,2,1,2,1,0,1,2,1,2,2,2,0,1,0,0,1,1,1,1,1,1,0,0,0,1,0,2,1,0,1,1,1,0,2,1,0,0,0,2,2,2,1,1,1,1,1,2,1,0,1,0,1,1,2,1,0,2,0,1,2,1,1,1,2,2,1,0,0,1,1,1,2,0,0,1,2,1,0,1,0,2,0,1,0,1,1
05/17/2013,2,2,1,1,1,1,1,0,1,1,1,2,1,0,0,1,0,1,1,2,2,1,2,2,2,0,1,0,0,0,2,1,1,2,1,0,1,2,1,0,1,0,1,1,1,0,0,2,1,2,0,2,0,0,0,0,1,1,0,0,1,1,1,1,0,1,1,0,1,0,2,0,1,2,2,1,2,0,2,2,1,0,0,2,0,2,1,2,1,2,1,0,1,0,2,2,1,0,0,2
05/19/2013,2,1,0,2,0,2,2,2,1,1,1,0,1,1,0,1,2,1,1,1,2,1,2,2,0,1,1,0,0,1,2,1,1,0,0,0,1,0,1,0,1,0,0,1,0,0,0,2,1,2,2,2,1,1,2,1,1,2,0,0,0,1,1,2,0,1,1,1,1,2,0,0,1,2,1,1,2,0,0,1,2,0,0,2,0,2,1,2,1,0,1,0,0,2,2,2,1,0,1,2
05/20/2013,2,1,0,2,1,1,1,2,2,1,1,2,1,2,0,1,2,1,2,0,0,1,2,0,2,1,1,1,1,1,2,1,1,1,1,1,1,0,1,0,1,1,0,0,0,0,0,1,2,1,1,2,2,0,2,1,1,1,0,0,0,1,1,1,1,1,0,0,1,2,2,0,0,1,2,1,2,0,1,0,2,0,0,2,2,1,2,0,0,2,2,2,2,2,2,2,2,0,2,2
05/21/2013,2,1,0,2,1,1,1,1,2,0,0,1,1,1,0,2,2,1,2,0,1,0,2,0,0,1,1,1,1,1,1,2,1,1,1,1,2,0,1,1,1,2,0,1,2,0,1,2,1,2,2,2,1,1,2,1,1,2,0,0,1,2,1,0,0,1,0,0,1,2,2,0,0,1,2,1,2,2,1,1,0,1,0,0,1,1,0,2,0,0,2,2,2,1,1,2,0,0,1,0
05/22/2013,1,1,0,0,1,2,1,1,2,0,1,2,0,1,0,1,2,1,2,0,1,0,0,1,0,1,0,1,1,1,1,1,1,1,0,1,1,1,2,0,1,2,0,1,2,2,2,2,0,0,2,2,0,1,2,0,1,1,1,0,1,2,1,0,1,1,0,1,0,1,1,1,0,1,2,0,2,0,1,0,2,1,2,1,1,2,2,1,1,1,2,2,1,1,1,1,0,2,0,0
05/23/2013,1,1,0,0,1,2,1,0,2,2,1,1,0,2,0,0,2,1,2,1,1,2,0,0,0,1,2,1,1,2,1,0,2,2,0,1,1,1,0,1,0,2,0,1,2,1,2,2,0,2,2,2,0,1,2,1,2,0,1,2,1,2,2,1,1,2,0,1,0,2,1,1,1,1,1,1,1,1,1,2,1,2,2,1,2,1,0,1,2,1,1,1,1,1,2,1,1,1,1,2
05/24/2013,0,0,1,0,1,2,1,1,2,2,1,1,0,2,0,0,1,2,2,1,1,1,0,0,0,0,0,1,1,1,1,2,2,1,0,1,1,1,2,1,1,1,0,1,0,1,2,2,0,2,1,0,0,1,1,0,0,0,1,1,1,2,2,1,1,0,0,1,0,2,1,1,1,2,2,0,1,1,2,2,0,1,1,0,0,2,0,1,2,0,2,2,2,0,0,2,1,1,1,1
05/26/2013,1,0,1,0,0,2,2,2,2,2,1,0,1,0,1,0,2,2,2,1,0,2,1,0,0,0,0,1,1,1,1,0,2,1,0,1,1,1,2,1,2,1,1,1,1,1,2,2,1,1,2,2,0,1,2,0,1,0,1,1,1,2,0,1,1,0,1,1,0,2,1,2,1,1,1,1,1,1,2,1,0,2,1,1,1,2,1,1,1,1,1,1,0,1,1,2,1,1,1,1
05/27/2013,1,0,1,1,0,2,2,2,1,2,2,0,1,2,1,1,2,2,2,2,0,0,1,0,1,0,0,1,1,1,1,0,2,2,1,1,0,1,0,1,2,0,1,1,2,1,0,2,1,2,2,2,0,1,1,1,2,0,0,1,0,1,2,0,1,0,1,2,0,0,0,1,1,1,1,1,0,2,2,2,1,2,1,0,2,2,0,2,2,2,1,1,0,0,0,0,1,0,2,0
05/28/2013,1,2,1,1,0,2,0,2,1,0,2,2,1,2,1,1,0,2,2,2,0,1,0,1,1,2,1,1,0,1,1,1,2,1,0,1,0,0,2,1,2,0,1,1,2,1,0,1,1,1,2,0,0,2,1,1,1,1,1,1,1,1,2,0,1,1,1,1,1,2,0,1,2,1,1,1,2,2,2,2,1,1,1,2,1,2,2,2,2,2,1,2,0,0,0,1,2,0,2,2
05/29/2013,1,1,1,0,0,2,0,2,1,1,2,0,1,0,1,0,2,2,0,2,0,1,0,1,1,2,1,0,0,1,2,1,2,1,2,1,0,1,1,1,2,0,1,1,0,1,0,1,1,1,2,0,1,1,1,1,1,1,0,1,0,1,2,0,0,1,1,0,1,2,2,1,2,1,0,1,2,2,0,2,1,1,0,1,0,1,1,2,1,1,1,2,1,0,1,1,0,0,0,2
05/30/2013,1,1,1,1,0,2,1,2,1,1,2,2,0,0,1,1,0,0,2,2,2,1,2,1,1,0,1,0,0,0,1,1,2,0,1,0,0,1,1,0,2,0,1,0,0,1,2,1,1,1,1,0,1,2,1,1,1,1,0,1,0,1,1,0,0,1,0,0,1,2,1,0,2,1,0,0,2,2,2,2,0,1,0,1,0,1,0,2,0,0,2,2,0,0,0,0,2,2,0,2
05/31/2013,1,0,1,2,2,1,1,0,0,1,2,0,0,0,1,1,1,1,0,2,0,1,0,1,1,1,1,1,0,0,1,1,0,0,0,0,1,1,1,0,2,1,1,1,2,0,1,1,1,1,2,0,1,2,1,1,1,1,0,0,0,1,1,1,0,1,0,1,1,2,1,0,2,2,0,1,1,0,1,0,0,2,1,1,0,1,2,1,0,1,2,1,2,0,1,0,0,2,1,2
06/02/2013,0,1,2,2,1,1,1,2,0,1,1,1,0,1,1,1,1,1,1,2,2,1,2,2,1,1,1,0,0,0,2,2,2,0,1,0,0,1,1,1,2,0,0,1,1,1,1,1,1,0,1,0,2,2,2,2,0,1,2,0,0,1,0,1,0,1,1,1,1,2,2,0,2,2,0,1,1,1,1,2,0,0,0,1,0,0,1,1,0,1,2,1,1,0,1,1,1,1,1,1
06/03/2013,0,1,1,2,0,1,1,1,0,1,2,1,0,1,1,1,1,1,1,2,2,1,1,2,0,1,1,2,0,2,2,1,0,0,0,0,1,2,1,1,2,1,0,0,0,0,1,0,1,1,1,2,0,2,0,2,1,1,2,0,0,1,1,1,0,1,1,1,0,1,1,0,1,2,0,1,0,1,1,2,1,0,1,2,1,0,1,0,1,1,1,1,1,2,1,1,1,1,2,1
06/04/2013,0,0,1,2,0,1,1,1,1,1,1,1,0,1,1,0,1,1,1,1,2,1,1,2,0,0,1,2,2,2,2,1,0,1,1,0,1,2,1,1,1,1,0,1,0,0,1,0,0,1,1,2,1,2,0,0,0,1,1,0,0,2,1,1,0,2,1,1,0,1,1,2,2,2,2,1,2,1,2,2,1,2,0,1,1,2,0,0,2,2,2,2,2,2,2,2,2,0,2,0
06/05/2013,0,0,1,2,1,1,2,1,1,1,1,1,1,1,2,0,0,1,2,1,0,2,1,2,0,1,2,0,1,1,2,1,1,0,1,0,1,1,2,1,1,1,0,1,2,0,1,0,2,1,1,1,0,2,0,2,0,1,2,1,2,2,1,0,1,1,1,1,0,1,1,1,1,1,2,1,1,0,2,2,1,1,1,2,1,0,2,0,1,0,1,2,1,0,2,1,0,0,2,1
06/06/2013,0,0,1,2,1,1,1,1,1,1,1,0,1,0,0,0,0,1,0,1,0,0,1,0,0,1,1,2,1,1,2,0,1,2,0,1,1,0,1,0,1,0,1,1,2,2,0,0,2,2,1,2,1,1,0,2,1,0,2,0,2,2,1,0,1,1,1,2,2,1,1,1,1,1,1,1,1,1,1,0,1,1,2,2,1,1,1,0,1,0,1,2,1,1,2,1,2,0,2,0
06/07/2013,2,0,1,2,1,2,1,1,1,1,1,0,1,2,1,0,0,1,2,1,0,0,1,0,0,1,2,1,1,1,2,1,1,0,0,1,1,0,1,1,1,0,1,1,1,0,2,0,2,2,1,2,1,0,1,2,1,0,1,1,0,2,0,2,1,1,0,0,1,1,1,1,2,1,2,1,1,0,1,1,1,1,0,2,0,0,0,0,2,0,1,0,2,0,1,1,0,0,0,0
06/09/2013,1,2,1,2,2,2,1,1,1,2,1,2,0,0,1,0,1,1,2,0,0,1,2,0,0,0,2,0,1,1,2,1,1,2,0,1,0,1,1,1,1,0,1,0,0,1,2,1,2,2,2,0,0,0,1,2,1,0,1,2,2,1,0,0,0,1,0,0,1,1,1,1,2,1,2,0,1,2,0,1,2,2,0,1,2,0,2,0,0,0,0,2,1,2,2,0,2,2,0,2
06/10/2013,1,2,1,2,1,0,1,1,1,2,1,0,1,0,1,1,1,1,2,1,1,1,0,0,1,0,2,2,0,1,1,0,0,2,0,1,0,1,1,1,0,1,1,0,2,1,2,1,2,0,2,2,1,1,1,2,2,0,1,2,2,1,0,2,0,1,0,2,1,1,1,2,2,1,1,1,1,1,0,1,2,0,1,1,2,1,1,1,2,1,1,1,0,1,1,1,1,1,0,1
06/11/2013,1,2,1,2,1,0,1,2,1,0,2,0,2,0,1,1,1,1,2,2,1,1,0,1,1,0,2,2,0,0,1,1,1,1,0,1,0,1,1,1,0,0,0,1,2,1,2,2,0,1,0,2,0,1,1,1,1,1,1,2,1,1,0,1,0,0,0,2,1,1,1,0,1,0,2,2,2,1,1,0,1,0,2,2,2,2,1,1,0,2,0,2,0,1,1,0,1,2,2,1
06/12/2013,1,2,2,2,0,0,1,2,1,0,1,0,2,1,1,2,1,1,2,2,2,1,0,1,2,0,2,1,0,0,0,0,0,0,0,1,0,1,1,1,1,0,2,2,2,2,2,2,2,0,0,0,1,1,2,2,0,1,0,1,1,1,1,1,0,0,1,2,0,0,1,0,1,0,2,1,2,2,1,2,2,0,2,1,2,1,1,1,1,1,0,1,1,2,1,0,1,1,1,1
06/13/2013,1,2,0,2,1,0,1,2,1,1,1,1,2,2,1,1,1,1,0,2,1,1,2,0,2,0,2,1,0,2,0,0,2,0,0,0,2,1,0,1,1,0,2,2,2,2,2,2,1,2,1,0,2,1,0,0,1,1,0,2,1,1,1,1,0,0,1,1,0,1,0,0,1,0,0,2,2,1,1,0,2,1,1,0,1,0,1,1,1,0,0,0,1,0,2,2,1,2,2,1
06/14/2013,1,1,0,2,1,0,0,2,0,1,1,1,2,0,1,1,2,1,1,1,0,1,2,1,0,0,1,1,0,2,1,0,1,2,1,1,0,1,0,0,1,0,2,2,1,2,1,2,1,0,0,0,2,1,0,2,1,1,2,2,0,1,1,2,1,0,1,1,0,1,0,1,1,0,0,2,2,2,1,2,0,1,1,0,2,2,0,2,0,2,2,2,2,2,2,1,2,2,2,0
06/16/2013,1,2,0,2,1,1,1,1,0,1,2,1,2,1,2,1,1,1,1,1,1,1,2,1,2,0,1,0,0,2,1,1,1,0,2,1,0,1,0,2,1,0,2,2,1,0,1,2,2,1,1,0,1,2,2,0,0,1,0,2,0,0,1,1,1,2,1,1,0,0,0,1,2,1,0,0,1,1,1,2,1,1,1,1,1,1,1,1,1,1,2,1,1,1,1,1,0,1,1,1
06/17/2013,1,1,0,2,1,0,1,1,0,1,0,0,2,1,2,1,1,1,1,1,1,2,2,1,0,1,1,1,0,2,1,0,0,1,1,1,0,1,0,1,1,1,2,1,0,0,1,2,1,1,1,1,1,2,2,0,0,0,0,0,0,1,1,0,1,2,1,1,0,0,0,1,1,2,0,2,2,1,2,2,1,2,1,1,1,1,0,0,0,1,1,1,1,1,1,1,0,1,1,1
06/18/2013,0,1,1,1,1,0,0,2,1,0,1,1,2,2,2,1,1,0,1,1,0,0,1,0,0,1,1,2,0,1,1,1,0,1,1,2,1,1,0,1,0,2,2,1,0,1,0,1,1,1,1,1,1,0,1,0,0,0,0,1,2,0,2,1,1,2,1,1,2,1,2,1,2,0,1,2,2,2,2,2,1,1,0,2,1,1,2,0,2,1,1,0,2,2,2,2,2,2,2,2
06/19/2013,0,2,1,1,1,1,1,1,2,1,0,1,2,2,2,1,1,2,0,0,1,0,1,0,0,1,1,1,2,2,1,1,2,0,1,2,1,1,2,2,2,2,2,1,1,0,2,1,1,1,1,1,1,0,1,0,1,2,0,1,2,0,2,2,0,0,1,1,2,1,2,1,2,2,0,2,2,1,1,2,1,1,1,2,1,1,1,1,0,1,1,0,1,0,1,0,1,1,2,1
06/20/2013,0,0,1,1,1,1,1,1,0,1,0,2,0,0,2,1,2,1,2,1,0,0,1,0,0,1,1,1,2,1,1,1,0,1,2,0,1,0,0,1,1,2,1,1,1,1,0,0,0,1,0,1,1,1,1,1,1,2,0,1,0,0,2,1,0,2,0,1,2,2,2,1,2,2,0,1,1,2,0,1,1,1,1,1,2,1,2,1,1,1,2,2,0,0,2,0,1,1,1,1
06/21/2013,0,0,1,2,2,1,1,0,1,1,0,2,2,1,2,1,2,2,0,1,0,0,1,2,0,2,0,1,0,2,1,0,0,1,0,2,1,0,1,1,1,2,1,1,1,1,1,0,1,0,1,2,2,0,0,1,1,2,0,2,0,1,2,1,0,1,0,0,1,1,1,1,2,2,1,1,1,1,1,1,2,1,1,2,1,1,1,1,1,1,1,2,1,1,2,1,1,1,1,1
06/23/2013,2,1,1,0,2,1,1,0,1,1,1,0,1,0,1,1,1,2,0,2,0,0,1,2,1,2,0,1,1,1,2,1,0,1,0,0,1,1,1,1,1,2,0,1,1,1,0,0,1,2,0,1,0,1,0,0,1,1,2,1,1,1,2,1,0,0,0,1,0,1,0,2,2,2,2,1,2,2,1,1,2,2,1,2,2,2,1,0,2,2,2,2,0,2,2,2,1,0,1,1
06/24/2013,1,1,1,0,2,1,1,1,1,1,1,2,1,0,1,1,2,2,1,0,1,0,1,2,1,2,0,1,2,1,1,2,0,1,0,1,1,0,1,1,1,2,1,1,0,2,1,0,1,2,0,1,0,1,1,1,1,1,2,1,1,1,1,1,2,1,1,1,0,1,1,0,2,0,1,2,0,2,1,1,2,2,1,0,0,1,1,1,1,2,1,1,1,1,0,1,2,1,1,2
06/25/2013,2,1,0,0,2,0,2,1,1,1,1,1,1,2,1,0,2,1,1,1,1,0,1,2,1,2,2,1,2,1,1,2,2,1,0,1,2,1,1,1,1,0,1,2,1,2,1,0,1,2,1,2,0,1,1,1,1,1,1,2,2,2,1,0,2,1,1,1,0,1,1,0,2,0,1,1,1,1,1,2,2,2,1,1,0,2,1,1,1,1,1,1,1,1,1,2,0,1,1,1
06/26/2013,1,0,0,1,2,2,2,0,1,2,1,1,2,1,0,0,2,2,1,1,1,1,1,0,1,2,2,0,2,0,1,2,1,2,0,0,0,1,1,0,1,0,0,1,0,1,1,2,1,1,1,2,2,1,1,1,1,1,1,0,2,1,1,0,1,1,1,2,0,0,0,2,1,1,1,1,0,0,2,2,2,2,0,0,2,0,2,2,0,0,2,2,2,1,0,2,0,0,1,0
06/27/2013,2,1,0,1,0,1,2,0,1,2,1,1,1,1,0,0,1,1,1,1,1,0,1,0,1,1,1,0,2,0,1,2,1,0,1,1,2,1,2,0,1,0,1,2,0,1,1,1,1,1,1,2,2,1,1,1,1,1,1,1,2,1,1,0,2,1,1,0,2,0,0,0,1,1,1,1,0,0,2,2,0,2,0,0,2,0,2,2,0,2,2,2,2,0,0,2,2,1,0,1
06/28/2013,0,0,0,1,2,0,2,0,1,2,1,2,1,1,0,2,1,1,0,1,1,1,0,2,1,2,1,0,2,0,0,2,1,2,1,0,2,1,0,0,0,0,1,2,0,1,1,1,1,0,0,2,2,1,1,1,0,1,1,0,2,1,2,2,2,0,1,1,0,0,1,2,1,1,1,1,1,1,0,1,2,1,1,1,0,0,2,1,1,1,1,1,1,1,0,1,1,2,1,0
06/30/2013,1,0,0,1,2,0,2,0,1,0,1,1,1,0,2,1,1,2,0,2,1,1,2,2,1,1,1,0,2,2,0,2,1,2,1,0,0,1,0,0,0,2,1,2,0,1,2,1,2,2,1,2,1,1,1,2,0,0,1,0,2,1,0,1,2,0,1,1,1,1,2,2,0,1,1,1,1,1,2,1,1,1,2,2,1,0,0,1,0,1,1,1,1,1,0,0,2,0,1,1
07/01/2013,1,2,0,1,2,1,1,2,0,2,1,1,1,0,1,1,1,0,1,2,1,1,2,2,1,1,2,0,2,2,0,2,1,2,1,1,1,1,0,1,0,2,1,2,1,1,2,1,2,2,2,2,2,1,1,1,0,0,1,0,0,1,1,2,0,0,1,1,1,0,0,2,0,2,1,1,1,1,1,0,1,1,1,0,1,2,1,1,1,0,1,1,2,1,1,1,1,2,2,1
07/02/2013,1,2,1,2,2,1,2,2,0,2,2,1,0,0,1,1,1,1,1,2,0,1,2,0,0,0,0,2,1,2,1,2,1,2,1,1,1,1,0,1,1,2,1,1,1,0,2,1,2,2,2,1,1,1,0,2,0,0,1,0,1,1,1,2,2,1,1,0,2,0,0,2,0,2,1,0,1,1,1,0,2,1,1,2,2,2,1,0,2,2,2,1,1,1,2,1,1,2,2,2
07/03/2013,0,2,1,1,2,1,2,0,0,0,2,1,0,2,1,1,0,1,2,2,1,0,2,1,0,2,0,2,1,2,2,1,1,2,1,1,1,0,1,1,1,1,1,2,1,1,2,0,2,1,2,2,1,1,0,1,0,0,1,2,1,0,1,2,2,2,1,1,2,2,0,2,0,0,1,0,1,1,1,2,1,1,2,1,2,2,1,0,1,1,1,1,2,1,1,1,1,1,2,1
07/04/2013,0,0,1,1,1,1,1,0,1,0,2,1,0,1,1,0,0,1,1,2,1,1,2,1,0,2,2,2,1,2,1,0,1,2,1,1,1,0,0,1,1,1,1,2,1,1,1,0,0,1,2,0,2,0,0,1,0,1,1,0,1,1,1,2,1,2,0,1,2,2,0,0,2,1,1,1,1,2,2,1,2,1,1,2,2,2,2,0,2,1,0,2,2,2,1,0,0,0,0,0
07/05/2013,0,1,1,1,0,1,1,2,1,0,2,2,0,1,2,1,0,1,1,2,1,1,1,1,2,0,0,2,1,0,0,0,1,1,0,1,1,0,1,2,1,1,0,2,1,1,1,0,1,1,2,0,2,1,0,1,0,0,1,0,0,1,1,2,1,2,2,1,2,2,1,0,1,1,2,1,2,2,2,1,1,1,1,2,1,1,1,2,1,1,1,2,1,2,1,2,1,1,1,1
07/07/2013,0,0,1,1,0,1,1,2,1,0,1,2,0,1,2,1,1,2,1,1,1,1,2,1,0,1,1,2,1,1,2,0,1,1,0,2,1,0,1,2,1,1,0,2,1,1,1,0,1,1,2,1,0,1,0,1,0,1,0,0,1,1,2,1,1,2,2,1,2,2,1,0,2,1,2,1,1,1,2,1,0,0,1,2,2,1,1,0,1,1,1,2,1,0,2,0,2,2,1,0
07/08/2013,0,1,1,1,0,1,0,0,1,1,0,2,1,1,2,1,1,1,1,2,1,1,1,1,1,1,1,2,1,1,2,0,2,1,0,1,0,0,1,2,2,2,0,2,1,0,0,0,1,1,1,1,0,2,1,1,1,1,0,1,0,0,0,1,1,1,2,1,2,2,1,0,1,0,0,1,2,1,2,1,1,0,1,2,0,1,1,1,1,1,2,2,1,0,2,2,2,2,2,0
07/09/2013,0,1,1,1,0,1,0,0,0,1,1,2,1,1,2,1,1,2,1,1,2,1,0,1,1,1,1,2,1,1,0,0,1,1,0,1,2,2,1,2,2,1,2,0,1,0,0,1,0,0,2,1,0,2,1,0,0,0,0,1,0,0,0,1,1,0,2,1,2,2,1,0,0,0,2,0,1,0,2,2,1,0,0,0,0,0,2,2,0,0,2,1,2,0,0,0,1,2,0,0
07/10/2013,2,1,1,1,0,1,0,0,0,2,1,1,1,0,2,1,1,1,1,1,0,1,1,1,1,1,1,2,1,2,0,0,1,2,0,1,0,1,1,2,0,1,2,0,0,2,0,1,0,1,2,1,0,2,1,0,1,1,2,1,0,0,0,2,1,1,1,1,2,2,1,0,0,1,1,1,1,0,2,2,1,1,1,1,1,1,1,1,1,1,2,1,1,1,1,1,1,1,1,2
07/11/2013,2,0,1,1,2,0,2,0,0,0,1,1,1,0,1,0,1,2,2,2,0,2,0,0,1,1,0,1,1,0,1,0,1,1,0,1,2,1,1,2,2,1,2,0,1,2,0,1,0,0,1,1,1,1,2,0,0,1,2,1,0,0,0,1,2,0,1,0,2,2,0,0,0,0,2,2,1,2,2,2,1,2,0,2,0,0,2,1,1,2,0,1,2,0,0,0,2,1,0,1
07/12/2013,2,1,1,2,0,0,0,1,2,0,1,1,1,0,1,0,1,2,1,1,0,1,0,1,1,1,1,1,1,0,1,2,1,0,1,2,2,1,1,1,0,0,0,1,1,2,2,1,2,0,1,1,1,1,2,0,1,0,2,1,2,0,1,1,1,1,1,2,2,2,0,1,0,0,0,2,2,2,2,0,0,2,2,0,0,0,2,2,1,2,1,0,1,0,1,0,2,0,0,2
07/14/2013,1,1,2,0,2,0,1,1,0,0,1,1,1,0,1,0,0,2,1,1,1,0,0,1,1,1,1,1,2,0,1,0,1,1,1,2,2,1,0,1,0,0,2,1,1,2,1,1,2,0,1,2,1,1,2,2,1,0,1,1,1,2,1,0,0,0,0,1,2,2,0,1,2,0,0,2,0,2,1,2,0,2,2,0,0,0,2,2,0,2,0,2,1,0,0,1,0,0,1,2
07/15/2013,1,1,1,2,2,2,1,1,1,0,0,1,1,2,1,0,0,1,1,1,1,2,0,0,1,0,2,1,1,0,1,1,1,0,1,1,1,1,0,1,2,0,1,1,2,2,1,1,2,1,1,0,1,1,2,0,2,0,2,1,1,2,1,0,0,0,2,0,2,1,0,1,1,0,0,2,0,0,1,2,2,0,2,2,2,0,2,2,1,2,2,2,1,2,2,2,0,0,1,0
07/16/2013,1,1,1,2,2,1,1,1,1,1,1,1,1,1,1,1,2,2,1,0,1,0,0,0,1,0,1,1,1,1,1,1,1,0,0,2,1,1,0,1,2,0,1,1,1,2,1,0,2,2,2,2,1,1,0,1,2,0,2,1,1,2,0,2,0,0,0,1,2,1,0,1,1,1,0,1,0,1,2,2,2,2,2,2,1,2,0,1,0,2,0,2,2,2,2,2,1,1,1,0
07/17/2013,1,1,1,0,2,1,1,1,1,2,0,0,1,2,1,1,0,0,1,0,1,0,0,0,0,0,1,1,2,2,1,2,0,1,0,0,1,1,0,2,1,0,1,1,1,2,2,0,2,2,1,2,1,1,0,1,2,1,2,1,1,2,1,0,0,1,0,1,1,1,0,2,1,2,0,1,0,1,1,2,2,1,0,2,2,2,0,1,2,2,0,2,0,1,1,2,2,0,2,0
07/18/2013,1,0,1,2,2,1,1,1,2,1,0,0,0,0,1,1,0,0,0,0,0,0,1,1,0,1,1,1,1,1,1,1,0,0,0,2,1,0,0,1,1,0,1,1,0,2,2,0,2,2,1,0,0,2,0,2,2,1,2,0,2,2,1,0,1,1,1,1,1,1,0,2,1,1,2,1,1,2,0,1,2,1,0,2,2,2,0,2,2,2,2,2,0,2,1,2,2,2,2,1
07/19/2013,1,1,0,2,2,1,1,1,1,1,0,0,1,0,1,2,2,0,0,0,0,1,1,1,0,1,2,1,2,2,2,1,0,1,0,2,1,0,2,0,0,1,0,1,0,1,2,2,2,2,0,0,0,1,0,1,2,1,2,0,2,2,2,0,1,1,0,1,1,1,2,2,0,0,1,1,1,2,1,1,2,1,1,1,1,1,1,1,2,1,2,1,0,0,1,1,1,1,2,1
07/21/2013,0,0,0,0,2,1,0,2,1,1,0,0,0,0,0,1,1,0,0,2,2,2,1,1,0,1,0,0,1,1,1,1,1,1,0,1,1,0,1,0,1,2,0,1,0,2,2,1,2,2,2,2,0,0,0,1,0,1,0,0,1,1,2,2,1,1,1,1,1,0,1,2,0,2,2,0,1,2,1,1,2,1,2,1,0,1,0,1,0,0,1,2,1,0,1,1,1,1,1,1
07/22/2013,0,0,1,2,2,2,0,2,0,1,0,0,1,0,0,1,1,0,0,1,2,2,2,1,1,1,0,0,1,0,1,1,1,1,0,1,1,0,0,1,1,2,0,2,0,2,2,1,1,2,0,1,0,0,1,0,1,1,1,0,2,1,2,1,1,1,1,0,1,2,1,2,0,2,2,0,0,2,2,1,2,0,0,0,1,1,2,0,1,1,2,2,2,2,2,0,2,2,0,0
07/23/2013,2,2,1,2,0,2,1,0,0,1,1,0,2,0,0,0,1,0,2,1,2,2,1,0,0,2,0,2,1,1,1,2,1,1,1,0,1,0,1,2,1,2,0,2,0,2,2,1,2,2,1,1,1,0,1,0,1,0,1,1,1,2,0,1,1,1,1,0,1,1,1,2,0,0,2,0,1,2,2,0,0,0,2,1,1,1,1,0,2,1,1,1,1,1,0,0,1,2,1,0
07/24/2013,0,2,1,1,0,2,2,0,0,1,1,1,2,2,0,1,1,1,2,1,2,2,2,1,1,2,0,0,1,1,0,1,2,1,2,0,0,2,0,2,0,2,1,1,0,2,2,1,2,2,2,1,0,0,0,0,1,0,0,1,0,1,0,1,1,0,2,0,1,1,1,0,0,2,2,0,2,1,0,1,2,2,2,2,2,0,1,2,2,2,1,0,2,0,1,2,0,0,0,1
07/25/2013,0,1,1,1,0,2,0,0,0,1,1,1,2,1,2,1,1,1,1,0,2,2,0,1,1,2,0,1,1,1,0,1,2,2,0,1,0,2,1,2,2,2,2,1,0,0,2,1,2,1,1,1,2,1,1,0,0,0,0,1,1,1,0,1,1,1,1,2,1,1,1,1,1,1,2,0,2,1,1,2,2,2,1,0,0,0,1,2,2,0,1,1,2,1,0,0,1,0,1,0
07/26/2013,0,1,2,0,2,0,2,1,1,2,1,1,2,1,0,0,2,2,1,0,2,2,0,1,1,1,0,2,1,1,1,2,2,2,2,1,2,1,1,2,2,2,1,1,1,2,1,0,0,1,0,1,2,1,1,1,0,2,0,0,1,1,1,1,1,0,1,1,0,2,1,1,1,1,2,1,2,1,2,0,2,2,1,0,0,2,1,2,2,2,2,2,2,0,0,2,0,0,0,0
07/28/2013,0,1,2,0,0,0,2,0,2,2,1,1,2,1,1,0,2,1,1,0,2,2,2,1,1,0,1,0,1,1,2,0,0,1,2,2,0,1,1,2,1,2,1,0,1,2,1,2,1,1,0,1,2,1,1,1,1,1,1,1,1,1,1,0,0,2,1,2,0,2,1,1,1,2,2,1,0,2,2,0,2,0,1,0,0,2,1,2,2,1,2,1,1,1,1,1,1,1,0,0
07/29/2013,1,1,1,0,0,0,0,1,1,1,1,1,2,1,1,0,2,1,1,0,1,2,2,1,0,1,2,0,2,1,2,0,1,0,2,2,2,1,1,1,1,0,2,0,1,2,1,2,0,1,0,1,2,2,2,1,1,1,0,1,0,1,1,0,0,0,2,2,0,0,1,0,2,1,2,1,0,1,1,0,1,0,1,2,0,2,0,2,2,1,2,2,1,2,0,1,0,2,2,0
07/30/2013,1,1,1,1,2,1,0,1,0,2,1,1,2,2,1,1,1,2,2,0,1,1,1,1,2,1,1,2,2,1,2,0,1,0,1,2,1,1,1,1,1,1,0,0,1,0,1,2,1,0,1,1,0,2,0,1,1,1,1,0,0,1,1,0,1,1,2,2,0,2,0,1,2,0,1,1,1,2,1,0,1,1,0,0,1,1,0,1,1,1,2,2,0,1,1,1,1,1,2,1
07/31/2013,1,2,1,0,2,1,0,1,1,1,1,2,2,1,1,1,2,2,1,1,1,1,1,1,2,1,2,2,2,1,2,0,1,0,1,1,1,0,1,0,1,1,2,0,1,0,1,1,1,2,1,1,1,2,0,1,2,1,2,1,0,1,1,0,0,1,2,2,0,1,0,1,2,2,1,0,1,1,1,2,1,1,0,2,1,1,0,2,1,0,1,0,2,1,0,0,0,1,2,0
08/01/2013,1,0,0,0,2,1,0,2,1,1,1,0,2,2,1,1,2,0,0,0,2,2,0,1,2,1,1,2,2,1,2,1,1,1,1,2,1,0,1,0,1,0,0,0,1,0,0,1,1,1,1,1,1,0,0,1,2,0,1,0,0,1,0,0,1,1,2,2,1,1,1,1,2,2,1,0,1,1,2,2,1,1,2,1,1,1,0,1,1,0,1,2,0,1,1,0,1,1,1,0
08/02/2013,0,0,0,1,1,0,1,1,0,1,1,0,1,2,1,1,2,2,0,0,1,1,1,1,1,2,1,2,2,1,1,0,1,1,0,2,1,0,0,0,1,0,0,1,1,0,0,1,1,1,0,1,1,0,0,1,2,2,1,1,0,1,2,1,1,1,1,1,1,1,1,1,2,1,1,2,1,2,1,2,1,0,0,2,2,1,2,2,1,2,1,2,0,0,1,0,1,0,1,0
08/04/2013,1,0,0,2,1,1,1,1,0,0,1,2,0,1,1,0,1,0,0,0,1,1,1,1,0,1,1,2,2,1,1,1,1,1,1,2,0,0,0,1,1,1,0,1,2,0,2,1,1,1,1,0,1,0,2,2,0,2,1,1,1,1,2,1,1,0,1,0,1,1,2,0,2,2,1,0,1,0,1,1,2,2,1,0,2,0,1,2,2,2,0,1,0,0,0,1,1,0,1,0
08/05/2013,1,0,0,2,1,0,1,0,0,2,0,0,0,0,1,1,1,2,0,0,1,1,1,0,1,1,2,2,2,1,1,1,1,1,0,0,2,0,0,1,1,2,0,1,0,0,2,0,1,0,1,0,1,0,0,1,2,2,1,1,1,1,0,1,1,0,0,0,1,1,0,2,2,2,0,1,1,0,1,0,2,2,1,2,1,2,2,2,2,2,0,1,0,2,2,1,1,0,2,0
08/06/2013,0,2,1,1,1,2,1,1,2,2,2,0,0,0,1,0,2,0,0,0,1,1,1,1,0,1,1,2,2,2,1,1,2,1,0,0,0,1,1,1,0,1,1,1,2,0,2,1,0,0,1,2,0,1,0,2,2,0,1,1,1,1,0,1,2,2,1,1,1,0,1,2,2,2,1,1,2,0,2,0,0,1,1,0,2,0,2,2,2,2,0,1,0,2,2,1,1,0,2,0
08/07/2013,1,0,1,1,1,1,1,1,2,1,1,0,1,1,1,0,1,1,0,1,1,1,1,1,0,0,0,2,0,2,1,1,0,1,0,2,2,1,1,1,0,1,1,0,0,1,2,0,0,0,0,2,2,1,1,1,2,0,1,0,0,1,1,1,1,0,1,0,1,1,0,1,2,1,0,1,2,0,2,0,0,1,2,1,2,2,2,0,2,2,2,0,1,0,2,0,1,1,2,0
08/08/2013,1,0,1,0,0,1,1,1,1,1,0,1,0,1,1,2,1,1,2,0,0,1,1,0,0,0,1,0,1,1,2,1,0,1,0,1,0,1,1,1,0,2,1,2,0,2,2,0,0,0,1,2,0,1,2,1,2,1,1,0,2,0,1,0,1,2,1,1,0,0,0,1,2,1,2,2,2,0,2,0,0,1,2,0,0,2,2,0,2,2,2,0,1,2,2,2,2,2,2,2
08/09/2013,1,0,1,0,0,0,1,1,1,1,1,1,1,1,0,1,2,1,1,1,0,1,2,0,0,1,1,0,2,1,1,1,0,1,2,1,0,1,1,2,0,1,1,0,1,2,1,0,1,2,1,2,2,2,2,0,2,1,1,1,1,0,1,0,2,2,0,1,0,0,1,1,2,1,1,2,0,0,2,0,0,1,2,0,0,1,1,0,2,1,2,2,2,0,2,0,2,2,2,2
08/11/2013,1,1,1,0,0,1,1,1,1,1,1,1,2,1,1,1,1,0,1,1,1,1,1,0,2,1,1,0,1,0,1,1,1,1,2,1,1,2,1,2,1,2,1,0,1,0,1,0,1,2,1,2,2,1,2,0,1,1,0,2,2,2,1,0,1,0,0,0,0,0,1,1,1,0,1,2,1,1,2,2,2,2,2,0,2,1,2,2,2,0,0,2,1,2,0,2,2,0,1,2
08/12/2013,1,1,1,1,0,2,1,1,0,1,0,1,1,1,2,1,2,1,1,1,0,0,1,1,0,1,1,1,1,1,1,1,0,2,2,0,1,2,1,2,1,1,1,2,1,1,1,2,1,2,1,0,2,1,2,2,1,1,0,2,2,2,1,0,1,1,0,2,0,1,0,1,0,0,2,2,1,0,1,2,1,2,0,0,0,0,2,0,2,2,0,2,2,0,0,0,0,0,2,2
08/13/2013,2,1,1,0,0,0,0,1,0,0,2,1,2,1,2,2,0,2,1,1,2,2,1,2,1,2,1,1,0,1,1,0,0,1,1,0,1,1,0,1,1,1,2,1,1,0,1,2,1,2,1,0,2,1,2,0,1,1,1,2,2,1,1,1,1,1,0,1,1,0,1,1,0,0,0,1,1,1,1,2,1,2,2,0,0,2,2,0,2,0,0,1,2,0,2,2,0,2,2,2
08/14/2013,1,1,1,1,0,0,0,1,1,1,1,1,2,1,2,1,0,2,0,1,2,0,0,1,1,2,2,1,1,1,1,2,1,0,0,1,0,1,1,1,2,1,2,0,1,1,1,2,1,2,1,0,1,0,2,0,0,1,1,2,2,2,1,2,2,2,0,0,1,2,1,0,0,0,0,1,1,2,1,2,2,2,1,0,0,2,2,2,2,1,2,1,1,0,2,0,2,0,2,0
08/15/2013,1,1,2,1,1,0,0,0,1,0,2,1,1,1,2,1,1,2,0,1,1,1,0,2,0,2,0,1,1,1,1,0,1,2,1,1,1,1,0,1,1,0,0,0,1,1,1,1,0,0,1,0,1,0,2,2,0,1,1,0,2,1,1,0,1,2,1,1,1,0,1,0,0,0,0,1,2,2,1,2,2,1,1,2,0,2,1,2,2,0,2,2,0,0,0,0,0,2,0,0
08/16/2013,0,1,2,1,2,0,0,1,1,0,2,0,2,1,1,1,1,0,0,1,1,0,0,1,0,1,1,1,1,1,0,0,1,0,1,1,1,1,0,1,1,0,2,1,1,1,1,2,1,1,0,1,1,2,1,2,0,1,2,0,0,1,1,1,1,2,1,2,1,0,2,0,1,0,0,1,0,2,2,1,0,2,1,2,1,2,0,1,1,0,2,2,1,0,2,0,0,1,0,0
08/18/2013,0,0,2,1,2,0,1,1,1,0,2,1,2,1,1,0,2,2,0,0,1,1,1,1,1,1,0,1,2,1,2,0,0,0,0,1,0,1,0,1,1,1,0,1,1,1,1,1,0,1,0,1,1,1,1,2,1,1,1,0,0,0,1,1,0,0,2,2,1,0,2,0,1,1,2,2,2,2,2,1,2,1,1,2,2,0,2,1,1,0,2,2,1,2,2,2,2,1,0,2
08/19/2013,1,1,2,1,2,0,1,1,1,2,2,1,1,2,1,1,2,2,0,2,1,2,1,1,1,0,0,0,2,1,2,0,1,0,0,1,0,1,0,1,1,1,0,1,1,1,0,1,1,1,0,1,2,1,1,2,0,0,1,0,0,2,1,1,0,0,1,1,0,1,2,2,0,1,2,0,2,1,2,2,2,1,0,2,2,1,1,1,1,0,1,2,1,1,1,0,2,1,2,0
08/20/2013,1,0,0,1,2,1,1,0,1,0,1,1,1,2,1,1,1,1,1,2,1,1,2,1,1,0,1,0,2,2,2,0,0,0,0,1,2,2,1,1,1,2,0,0,1,0,2,0,1,1,2,1,1,1,1,1,2,0,1,1,0,1,1,1,0,1,1,1,0,1,2,1,0,1,2,0,2,1,1,0,1,1,0,1,2,1,1,1,1,2,0,2,0,1,0,1,2,0,0,1
08/21/2013,0,2,2,1,2,1,1,1,1,1,1,1,1,2,0,1,2,1,0,2,1,1,2,0,1,0,1,0,2,1,0,2,2,1,2,1,0,2,1,1,0,2,0,0,1,0,2,0,1,1,1,2,1,1,0,2,2,0,2,1,0,1,1,1,0,1,1,1,0,2,2,2,0,2,1,0,1,1,1,0,2,1,2,1,2,1,1,1,1,1,1,1,1,2,1,1,1,0,0,1
08/22/2013,2,1,2,1,2,1,1,1,1,1,1,1,1,2,1,1,0,1,0,1,0,1,2,1,1,0,1,1,1,0,2,2,2,1,0,0,0,2,0,1,1,2,2,2,0,0,0,0,0,2,2,2,1,1,0,2,1,2,2,1,0,2,1,1,0,1,1,2,2,1,2,1,2,1,2,1,1,0,1,1,0,2,2,1,0,1,1,0,1,1,1,2,1,0,1,1,1,0,0,0
08/23/2013,2,1,2,1,1,1,2,1,1,1,0,2,1,1,1,1,2,1,2,2,2,1,2,1,0,0,1,1,2,2,2,2,2,1,1,2,0,2,1,1,1,2,1,0,0,0,0,0,1,1,1,2,1,0,1,0,2,2,1,1,1,0,0,0,1,1,0,0,2,1,1,0,0,2,1,0,1,1,1,1,1,0,1,2,1,1,2,0,0,1,1,2,1,0,2,1,1,1,0,0
08/25/2013,2,1,1,2,0,1,2,0,0,1,1,2,1,2,1,0,2,0,2,2,0,1,2,1,1,0,1,1,2,0,1,2,2,1,0,1,0,2,0,1,1,2,1,0,0,1,1,0,1,1,1,1,2,0,1,0,2,2,1,1,1,1,2,0,2,1,0,1,1,2,1,2,1,1,1,1,2,1,1,1,1,0,1,2,2,0,1,0,2,1,1,1,1,0,0,0,0,1,2,0
08/26/2013,2,1,2,0,2,0,2,1,2,2,1,2,0,1,0,2,2,0,2,2,2,1,0,1,1,1,2,1,2,0,1,2,2,1,0,1,1,2,0,2,0,2,1,0,2,1,1,1,1,1,1,1,0,2,1,0,1,2,0,0,1,1,0,0,1,1,0,1,1,1,1,0,1,2,1,2,2,1,0,0,1,1,1,1,1,2,1,1,1,1,0,1,1,1,1,1,1,1,1,1
08/27/2013,2,1,2,0,1,1,0,1,2,0,1,2,0,1,0,0,2,1,2,1,0,1,0,0,1,0,2,1,2,1,1,1,0,0,1,0,1,1,0,2,0,0,1,2,1,1,1,1,0,1,1,1,0,2,1,0,1,1,1,0,1,1,2,0,2,1,0,1,0,1,1,2,1,1,1,2,2,2,0,1,0,1,2,1,1,0,1,1,1,1,0,0,1,1,2,1,1,1,1,1
08/28/2013,2,1,1,0,1,0,0,1,2,0,1,2,1,0,0,2,1,1,2,1,2,0,1,0,1,1,2,1,1,1,1,1,1,0,1,1,1,1,1,2,0,0,1,2,1,1,1,1,0,1,0,1,2,2,1,0,1,2,0,0,1,0,2,1,1,2,1,1,1,1,0,0,1,1,0,1,2,1,0,2,1,1,2,2,1,2,2,2,1,0,1,2,1,2,1,2,0,0,1,2
08/29/2013,2,2,1,0,1,1,2,1,2,0,1,1,2,2,0,2,1,2,2,1,1,1,1,0,2,1,2,1,0,1,1,1,1,0,1,1,1,1,2,2,0,0,2,0,1,1,1,1,1,2,2,1,0,2,2,1,1,2,2,2,2,0,2,1,1,2,1,1,1,1,2,1,1,1,0,1,0,1,1,2,2,1,2,1,1,1,2,1,2,1,1,0,2,2,1,1,1,0,1,1
08/30/2013,1,0,1,2,0,1,0,1,1,0,1,1,1,0,2,2,2,2,2,0,2,1,1,0,0,1,0,0,0,1,0,0,1,0,1,1,1,1,1,2,0,1,2,0,1,1,1,1,0,2,1,1,0,2,2,1,0,2,0,2,2,0,2,1,2,2,1,1,0,1,0,1,2,1,0,2,1,2,1,2,2,2,2,1,1,1,0,2,2,0,0,2,2,0,1,1,2,0,2,2
09/01/2013,2,0,0,1,1,1,1,1,1,0,1,2,0,1,2,2,1,1,1,0,2,1,1,0,0,1,0,0,1,1,0,0,1,0,1,1,1,1,1,2,0,1,1,1,2,1,0,1,0,1,1,1,0,1,2,1,0,2,1,2,0,0,2,1,2,2,1,1,1,1,2,1,2,1,1,1,1,1,0,1,2,1,1,1,2,2,1,1,1,1,1,1,1,1,1,1,1,1,0,0
09/02/2013,1,0,0,1,1,1,1,0,1,0,0,1,1,1,2,2,1,1,1,1,2,1,1,0,1,0,2,2,1,1,0,0,1,0,2,1,0,2,1,1,1,1,2,1,0,1,1,1,1,1,0,0,0,1,2,1,2,2,1,1,0,1,1,1,0,1,1,1,0,1,1,1,2,0,1,1,1,2,1,2,2,2,1,0,0,1,1,1,1,0,1,1,1,1,2,1,1,2,1,1
09/03/2013,0,0,1,1,1,1,1,0,1,1,0,1,1,1,2,0,2,2,1,1,1,1,1,1,1,0,1,1,1,1,0,1,0,0,2,1,1,1,1,0,0,1,0,0,1,0,0,1,1,0,0,0,0,1,2,1,2,2,1,1,0,1,1,1,0,0,2,0,0,0,1,0,1,0,2,0,1,1,2,2,0,2,2,0,2,0,0,2,2,0,2,1,2,0,2,2,0,2,2,0
09/04/2013,1,1,1,1,1,1,1,2,1,1,0,1,1,1,0,2,1,2,1,1,1,1,1,1,1,0,1,1,1,2,1,0,0,0,2,1,2,1,2,1,1,1,2,1,0,1,2,1,1,1,1,0,2,1,2,1,1,1,1,1,0,1,1,1,2,2,0,0,0,1,1,0,1,0,1,0,1,1,2,1,1,1,2,0,2,1,1,1,1,0,2,1,1,1,1,0,0,1,1,1
09/05/2013,1,1,2,1,1,1,0,2,2,1,0,0,1,1,1,2,0,1,1,1,1,1,1,0,1,1,1,1,1,2,1,0,0,1,2,1,0,0,2,1,1,2,2,0,0,0,2,1,1,1,0,0,1,0,0,1,1,1,1,1,0,1,1,1,1,2,0,0,1,1,1,0,1,0,1,0,2,1,2,1,1,1,1,0,2,0,1,1,1,1,1,0,1,1,1,2,1,1,1,0
09/06/2013,1,1,1,1,0,1,0,1,0,1,0,0,0,1,2,1,0,1,1,1,1,0,1,1,2,1,1,1,1,2,1,0,0,1,2,1,0,2,0,0,2,2,1,1,0,0,2,1,1,1,1,0,1,0,0,1,0,1,1,1,1,1,0,1,1,1,1,1,0,1,1,1,1,1,2,0,2,1,2,1,1,1,1,1,1,2,1,1,1,1,1,1,1,1,1,1,1,1,1,1
09/08/2013,1,1,1,0,0,0,0,1,0,1,1,1,0,0,2,1,0,1,0,0,1,0,1,1,1,1,1,1,2,2,1,1,0,1,0,0,0,1,0,2,2,2,1,0,0,0,2,1,1,0,2,0,1,0,0,0,1,1,0,1,0,0,0,1,0,0,1,1,1,1,0,0,0,1,1,1,2,1,2,1,1,2,0,1,1,1,1,1,2,2,1,1,2,2,2,0,0,0,1,0
09/09/2013,1,2,1,1,0,1,0,1,0,1,1,1,0,0,0,1,0,1,0,0,1,2,1,0,1,1,2,0,2,1,1,1,1,2,2,0,0,2,0,0,2,2,1,0,1,0,2,2,1,1,2,2,1,0,1,1,0,0,2,0,1,2,0,0,0,0,1,1,1,0,0,2,1,1,1,1,1,1,2,1,2,0,0,1,1,1,1,2,0,1,1,1,1,1,2,1,0,0,1,1
09/10/2013,1,1,1,0,0,0,1,1,0,1,1,0,2,0,0,1,0,2,0,0,1,2,1,1,1,1,0,2,2,1,1,1,1,1,1,0,0,2,0,0,0,2,1,1,1,0,2,2,0,1,2,1,0,0,1,0,0,2,2,0,1,0,0,0,0,0,1,1,1,0,0,2,2,1,0,0,1,2,1,2,1,0,2,2,2,2,2,2,0,1,0,0,0,2,2,2,0,0,0,1
09/11/2013,1,1,1,0,0,0,1,1,2,1,1,0,2,0,0,1,1,1,0,1,1,2,1,1,1,1,2,0,0,1,1,1,1,1,1,0,2,1,1,0,0,2,1,1,2,0,0,2,0,0,2,0,0,1,0,1,0,1,2,2,1,1,0,0,2,1,0,1,1,0,0,1,2,0,0,0,2,2,1,2,2,0,2,2,1,1,2,2,1,0,1,1,1,1,2,1,2,2,0,2
09/12/2013,0,1,1,0,0,0,0,1,0,1,1,0,0,1,0,1,0,0,0,0,2,2,0,1,1,1,2,2,2,1,0,1,1,1,0,1,0,1,1,0,0,1,1,1,1,0,0,0,0,1,2,1,0,2,0,1,0,1,2,2,2,0,0,1,0,0,1,1,1,0,1,2,1,0,1,2,2,2,1,2,2,0,2,2,0,2,2,2,0,0,1,0,2,0,2,2,0,2,2,2
09/13/2013,0,0,0,1,1,2,1,1,0,1,1,0,0,1,1,0,1,1,1,1,1,1,0,1,1,1,2,2,2,1,0,1,1,1,0,1,1,1,1,2,0,1,1,1,1,1,0,2,1,0,2,1,0,0,1,1,1,1,2,2,2,1,0,1,0,0,2,0,1,0,1,1,1,0,0,2,2,0,1,1,1,1,1,1,1,2,1,2,1,0,1,1,1,0,1,1,2,1,2,2
09/15/2013,2,0,0,2,1,1,1,0,2,2,1,1,0,1,1,0,1,0,1,2,1,1,0,1,0,1,2,0,2,1,0,1,0,0,0,2,1,2,1,2,1,1,0,1,2,1,0,1,1,0,2,2,1,2,0,1,0,1,1,2,2,1,2,1,1,0,0,0,1,0,1,2,1,2,0,2,2,2,2,1,1,2,2,2,0,0,1,2,2,1,1,2,2,2,2,2,1,2,2,2
09/16/2013,2,0,2,1,1,1,1,0,0,1,1,1,1,1,1,1,1,0,2,2,1,1,0,1,0,1,2,0,1,0,0,1,2,0,2,0,1,1,1,2,1,1,0,1,2,1,0,1,1,2,1,2,1,2,1,1,1,1,1,2,2,1,2,2,1,0,2,0,0,2,1,1,1,0,1,1,2,0,2,2,0,2,1,1,2,2,2,0,2,2,0,0,2,2,0,0,1,1,2,2
09/17/2013,0,0,0,1,1,1,2,0,0,1,0,1,1,2,1,1,1,0,1,2,0,0,1,1,0,0,2,0,1,0,2,1,2,0,2,1,1,1,0,2,1,1,0,1,2,1,1,1,2,2,1,2,1,2,1,1,1,1,1,0,2,1,2,2,1,2,0,1,1,1,1,0,0,2,1,1,1,0,2,2,0,2,2,2,0,0,1,1,1,1,1,1,2,2,0,0,1,0,0,0
09/18/2013,2,0,0,1,1,1,2,2,0,1,0,1,1,2,2,1,1,1,1,2,1,2,1,1,0,1,2,1,2,1,1,1,2,0,2,1,1,1,0,1,1,1,0,1,2,0,0,0,1,1,2,2,1,2,1,0,1,0,1,1,2,0,2,0,1,1,0,1,1,1,0,0,0,1,0,1,0,2,2,2,0,2,2,2,0,0,2,0,2,2,2,2,2,2,0,0,1,2,0,1
09/19/2013,2,0,0,1,1,1,2,1,0,1,1,1,1,0,2,1,1,1,1,2,2,2,1,1,0,1,2,1,0,0,1,2,0,0,2,0,1,1,2,1,1,0,0,0,1,0,2,1,0,2,0,1,1,2,0,0,1,1,2,1,2,0,2,2,2,1,0,1,1,1,0,0,0,2,1,2,2,2,2,2,1,0,0,2,0,0,2,0,2,2,2,2,2,2,2,0,2,2,2,1
09/20/2013,2,2,0,1,1,1,2,1,0,1,1,1,1,2,0,1,1,1,0,0,0,1,0,0,1,1,1,0,0,1,1,2,1,0,2,0,0,0,2,1,1,0,0,0,0,1,2,1,1,1,0,1,1,0,1,0,1,1,1,2,2,0,2,2,2,1,1,1,1,1,0,0,0,1,1,1,1,2,2,2,1,2,0,1,1,0,2,1,0,1,1,1,1,1,2,1,2,0,2,1
09/22/2013,0,0,0,0,0,1,2,2,0,1,1,1,1,1,2,1,1,2,0,0,0,2,2,0,1,1,2,1,1,2,1,2,1,1,2,1,0,0,2,0,2,0,0,0,1,0,0,1,1,1,2,0,1,2,1,0,2,2,1,1,1,1,2,2,1,1,1,1,1,1,0,2,0,1,0,2,2,2,1,2,1,1,0,1,2,0,2,0,0,1,0,1,2,2,2,0,2,2,2,0
09/23/2013,1,2,0,0,2,0,2,1,0,1,1,0,1,2,2,1,2,2,0,0,0,2,1,0,1,1,2,1,1,1,1,2,1,1,1,2,0,0,2,0,2,0,1,0,1,1,2,2,1,1,0,1,0,1,2,1,1,1,1,2,1,1,2,1,1,1,1,1,1,2,0,2,1,1,0,2,1,2,1,2,1,2,0,1,2,0,2,2,0,0,0,0,2,1,1,2,2,1,2,1
09/24/2013,1,2,0,2,2,1,1,1,1,0,0,2,0,1,1,1,1,2,0,1,1,1,1,1,1,0,0,1,1,1,1,2,1,0,1,1,0,0,2,0,2,0,1,0,1,0,2,2,1,1,0,1,0,1,2,1,1,0,0,0,0,1,2,1,1,0,1,2,2,2,0,1,1,1,2,1,2,2,1,1,1,1,1,1,1,1,1,1,1,0,1,1,1,1,1,1,1,1,2,0
09/25/2013,1,1,0,0,2,0,1,2,1,0,1,1,0,0,1,0,1,2,0,1,1,2,1,1,1,0,0,0,1,1,1,0,0,2,1,1,0,1,2,0,0,1,1,0,1,0,2,2,1,0,2,1,0,2,2,1,1,0,1,0,0,1,2,1,0,0,1,0,1,0,1,1,1,1,2,1,1,2,1,1,1,1,1,0,1,1,1,1,1,1,0,1,1,2,1,2,1,1,0,0
09/26/2013,0,2,0,0,0,1,1,2,1,2,2,2,0,1,2,2,1,2,2,1,1,1,1,1,1,2,1,1,1,1,1,1,1,2,1,1,0,1,0,1,0,1,1,2,1,1,2,0,1,0,2,0,0,1,2,1,0,2,0,0,0,1,1,1,1,0,0,0,0,1,1,1,1,1,1,1,1,0,0,1,2,1,1,0,1,1,1,1,1,1,0,1,1,1,0,1,1,1,1,0
09/27/2013,1,2,2,0,1,0,2,2,1,2,0,2,1,1,2,0,0,1,1,1,1,1,1,1,1,2,0,0,1,1,0,1,0,2,1,1,1,1,1,1,0,1,1,1,0,1,2,2,1,0,2,0,1,1,2,1,0,2,0,0,1,2,1,0,2,0,0,0,0,2,1,1,1,1,1,1,1,2,0,2,2,1,1,0,1,2,1,1,2,2,0,1,0,0,2,1,0,1,1,0
09/29/2013,2,2,2,1,0,1,1,2,1,1,1,1,1,1,1,2,0,2,1,1,1,0,1,2,0,1,1,0,0,1,0,1,0,2,1,0,2,1,1,1,0,0,1,1,0,1,1,0,1,1,2,0,1,1,2,1,0,2,0,2,1,0,1,0,0,2,0,0,1,2,1,1,0,1,1,0,1,1,0,2,2,0,1,1,0,2,1,1,2,1,2,1,0,1,2,0,0,1,1,1
09/30/2013,2,1,2,1,0,1,1,1,1,1,0,1,1,1,0,1,0,2,1,1,0,0,1,2,1,1,1,0,2,1,0,2,1,2,0,0,2,1,1,1,0,1,0,1,1,1,2,1,1,0,1,1,1,0,2,1,1,2,1,2,2,0,0,0,1,1,1,1,1,2,1,1,0,0,2,2,1,1,1,2,2,2,1,0,1,1,0,1,1,1,2,2,1,1,1,1,0,1,1,0
10/01/2013,2,2,1,1,0,1,1,1,1,0,0,1,1,1,0,0,2,2,0,0,0,2,2,1,2,0,1,2,1,1,0,2,0,1,1,0,1,0,1,1,1,1,0,2,1,1,2,1,1,1,1,1,1,0,0,0,0,2,1,2,2,0,2,0,0,1,1,1,1,1,1,0,1,1,2,2,0,1,0,2,2,1,2,1,2,1,0,0,2,1,2,1,1,1,1,0,2,1,0,1
10/02/2013,2,1,1,1,0,1,0,1,1,1,0,1,2,1,2,1,1,2,2,0,0,0,2,2,2,0,1,2,1,2,1,2,0,0,1,0,1,1,2,1,0,1,0,1,1,0,2,1,1,2,1,1,1,0,1,0,2,2,1,0,2,1,0,1,1,1,1,1,1,2,1,0,1,0,2,2,1,1,1,2,2,1,0,0,2,1,2,1,1,1,1,2,1,1,1,1,1,1,1,1
10/03/2013,2,1,1,1,1,1,0,0,1,1,0,0,0,1,0,0,1,2,2,1,0,0,2,0,0,1,1,2,1,1,2,2,1,2,1,2,1,0,1,2,1,1,0,1,1,2,2,1,0,2,0,1,1,0,1,0,1,2,1,2,2,1,0,0,1,1,1,1,1,1,1,0,1,0,2,2,0,2,1,2,1,0,2,1,2,1,1,2,1,1,1,2,1,2,1,1,1,1,0,1
10/04/2013,2,0,0,1,1,1,0,2,1,0,2,0,0,1,0,0,1,2,1,1,0,1,2,0,0,0,1,1,1,0,1,2,2,0,1,0,1,1,0,2,1,1,0,1,1,2,1,1,0,2,0,2,0,0,0,0,0,0,1,1,2,1,0,1,1,1,2,1,1,1,1,1,1,0,1,1,2,2,1,1,1,0,2,0,2,2,1,0,1,1,1,2,0,2,0,0,1,0,0,0
10/06/2013,0,0,1,1,1,1,0,2,1,0,1,2,0,1,0,0,1,2,2,1,0,1,2,2,0,0,0,1,1,0,1,2,1,0,1,2,2,2,0,2,1,1,1,1,1,0,1,2,0,2,0,1,1,0,0,1,2,2,0,2,2,1,1,1,0,1,2,0,0,1,0,0,1,0,1,1,2,1,0,1,1,0,2,0,2,2,2,0,2,1,2,2,2,2,2,0,2,2,2,0
10/07/2013,1,0,1,0,1,1,0,1,1,0,1,1,0,1,0,0,1,1,2,1,1,1,2,0,1,1,1,1,2,0,1,2,1,1,1,1,1,1,0,0,1,2,1,1,2,0,1,1,0,2,0,2,1,0,0,1,1,1,0,0,1,1,1,1,1,0,2,1,2,0,0,0,2,1,1,1,2,0,0,1,2,0,1,0,1,2,2,0,2,2,2,2,2,2,2,2,2,0,2,1
10/08/2013,1,0,1,0,1,2,0,1,1,0,2,1,0,1,0,1,1,1,1,1,1,1,1,1,1,0,0,1,2,0,0,2,1,2,1,1,0,1,2,0,1,0,1,1,2,1,1,1,1,2,0,0,0,1,2,1,1,1,0,1,1,1,1,0,2,2,0,0,0,0,0,1,1,2,1,1,1,2,2,1,1,1,1,1,1,2,2,0,2,0,2,1,1,1,0,0,0,0,1,0
10/09/2013,1,0,1,0,1,2,0,1,1,1,1,1,1,1,2,1,2,2,2,1,2,1,1,1,1,1,1,1,1,1,0,1,1,0,1,1,0,1,2,0,2,2,1,1,1,1,2,0,1,2,1,2,0,1,2,1,1,1,0,0,0,1,1,0,2,0,0,0,0,0,0,1,2,2,0,0,2,1,2,2,0,0,1,1,2,2,2,0,2,2,2,1,2,2,1,2,2,0,1,0
10/10/2013,1,1,0,1,1,2,0,1,1,1,2,1,0,0,1,1,2,2,1,1,1,1,1,1,1,1,1,0,1,1,0,1,0,1,0,1,0,1,0,0,0,2,1,1,1,1,0,2,1,2,1,2,0,1,0,0,1,1,0,0,0,2,2,0,2,0,0,0,0,0,0,1,2,1,0,0,2,1,1,2,0,0,2,0,2,1,2,2,2,0,2,1,2,2,0,2,2,0,2,0
10/11/2013,1,2,0,1,0,1,1,1,1,1,2,1,1,0,2,2,2,0,1,1,2,1,1,0,1,1,1,2,1,1,0,0,0,1,0,1,1,1,2,0,2,2,0,1,1,1,0,2,1,1,1,2,2,1,0,1,1,1,0,1,0,1,2,0,0,1,0,0,0,1,2,2,0,0,0,0,2,1,2,2,0,0,2,0,2,1,1,2,2,0,1,1,1,2,0,2,2,2,0,2
10/13/2013,0,2,0,1,0,1,1,0,2,1,1,2,2,1,2,1,2,1,1,0,1,1,1,1,1,1,1,0,1,1,1,0,0,1,0,1,1,0,1,1,1,0,0,1,1,1,0,2,1,2,1,2,2,1,1,1,1,1,2,0,0,1,2,0,0,1,0,1,0,1,1,1,0,0,0,2,2,0,1,2,0,2,2,2,1,1,2,1,1,1,1,0,1,2,1,1,1,1,0,0
10/14/2013,0,2,1,1,0,1,1,1,2,1,1,2,2,1,1,2,0,0,1,0,1,1,1,1,2,1,1,0,1,1,2,0,0,1,2,1,1,0,1,1,1,2,0,1,0,1,0,2,1,2,1,2,2,1,1,1,0,0,1,1,1,1,0,0,0,0,2,0,0,1,1,0,2,1,0,1,2,0,1,1,0,2,2,2,1,0,0,0,1,2,1,2,1,0,0,1,1,0,0,0
10/15/2013,0,2,1,1,0,0,1,1,2,2,1,2,2,1,1,2,1,0,0,2,1,0,1,2,0,2,1,1,0,2,1,1,0,1,2,0,1,0,1,2,2,1,0,1,0,1,2,2,1,0,1,2,1,0,1,0,0,0,1,1,1,1,0,0,0,1,1,1,0,1,1,0,0,2,2,1,2,0,1,1,2,2,0,2,1,2,0,0,2,2,1,2,1,0,1,1,2,0,0,0
10/16/2013,0,2,1,1,0,2,1,1,2,0,1,2,2,2,1,2,1,1,0,0,1,0,1,2,0,0,0,1,1,1,1,1,1,2,2,0,1,2,1,1,0,0,0,1,0,2,2,1,0,1,1,2,1,1,1,0,2,0,1,2,0,2,0,0,1,1,1,1,1,0,1,2,2,0,1,1,1,0,2,0,0,2,0,2,1,0,2,2,0,2,0,0,0,0,1,1,2,1,1,1
10/17/2013,0,0,1,2,1,0,1,1,0,2,1,0,2,2,1,2,1,1,0,1,0,0,1,2,0,2,0,1,1,2,1,1,2,2,2,0,1,2,1,1,1,1,1,1,0,0,2,1,1,1,1,0,1,1,1,0,1,1,1,0,1,1,0,1,1,1,2,1,1,0,0,2,1,1,2,0,1,0,1,1,2,1,0,1,0,0,2,2,2,2,2,0,2,2,0,0,2,0,2,1
10/18/2013,0,0,0,2,1,1,0,1,0,2,1,0,2,2,1,2,1,1,1,1,0,0,1,2,1,0,2,0,2,0,1,1,2,2,1,0,1,2,0,1,1,1,1,1,0,0,2,1,1,1,1,2,1,2,1,2,1,1,2,2,0,1,1,1,1,2,2,1,0,0,1,2,1,1,2,2,0,0,1,0,2,2,0,1,0,1,2,2,2,2,2,1,2,2,2,2,2,0,2,0
10/20/2013,2,0,1,0,1,1,0,1,1,2,1,0,2,0,1,2,1,1,1,1,0,1,1,1,1,0,1,1,1,2,1,1,2,1,1,0,1,2,0,1,0,0,1,1,0,0,1,1,0,2,0,1,1,1,1,1,1,1,2,2,1,2,0,2,1,0,2,0,1,0,0,2,0,1,2,2,0,1,2,0,1,1,1,1,0,1,1,2,2,1,2,1,0,1,0,0,0,1,0,0
10/21/2013,1,0,0,0,0,1,0,1,1,2,1,0,2,0,1,2,1,1,1,0,1,1,1,2,1,1,1,1,2,2,1,1,2,0,2,0,2,1,0,1,0,1,1,0,1,0,2,1,0,0,1,1,0,2,1,1,1,1,2,0,2,0,1,2,2,0,2,0,0,0,1,2,0,1,0,2,0,1,2,0,1,2,2,0,2,1,1,2,1,0,2,1,0,1,2,0,2,2,0,2
10/22/2013,1,0,2,0,1,1,2,1,0,2,2,1,0,1,1,0,1,1,1,0,1,1,2,1,1,1,1,2,0,2,0,0,2,2,1,0,2,2,0,1,2,0,1,0,1,0,2,0,0,0,1,0,0,1,0,0,1,1,2,1,2,0,1,2,0,0,2,0,0,0,1,2,0,0,0,2,0,1,2,0,2,0,2,0,2,0,1,1,1,1,2,2,0,1,2,2,2,0,0,2
10/23/2013,1,0,2,1,1,2,0,1,1,0,1,1,0,1,1,1,1,1,1,0,1,1,0,0,1,1,2,0,2,2,0,0,0,1,1,2,2,1,0,1,0,0,1,0,1,0,0,0,2,1,1,0,0,1,1,1,2,1,2,0,2,0,2,2,0,0,2,0,0,1,1,1,1,0,0,1,1,0,2,2,1,1,0,0,2,2,2,2,0,2,2,2,2,0,2,0,0,0,0,2
10/24/2013,1,1,2,1,1,1,0,0,2,0,1,1,0,1,1,1,0,0,0,0,1,1,2,0,2,1,2,2,2,2,0,1,0,1,0,2,2,1,1,2,2,0,2,0,1,1,0,0,1,2,1,0,1,1,1,2,2,1,2,0,2,0,1,2,0,0,1,2,0,1,2,1,1,0,0,0,1,2,2,2,2,0,2,2,1,0,2,0,0,1,1,2,2,0,0,1,2,0,1,0
10/25/2013,1,1,2,1,1,1,2,0,1,0,1,1,0,1,1,1,0,0,0,1,1,2,2,0,1,1,2,2,2,0,1,0,0,1,0,2,0,1,1,2,2,0,2,0,1,1,1,1,2,1,0,0,1,0,2,2,2,0,2,1,0,1,2,2,0,0,1,1,0,1,0,1,1,1,1,1,1,2,2,1,1,2,1,1,1,0,0,0,0,1,0,2,1,2,1,2,1,1,1,1
10/27/2013,1,1,1,1,1,1,2,1,1,1,1,0,1,1,2,1,0,0,0,0,1,2,1,2,2,2,2,1,2,2,1,0,0,1,0,2,0,0,1,2,2,2,2,1,1,1,1,1,1,1,0,1,2,1,2,1,2,1,2,1,0,1,2,2,0,2,0,2,1,1,1,0,1,0,1,1,1,0,1,1,2,2,2,1,1,0,0,2,0,1,2,1,1,2,1,1,0,1,1,1
10/28/2013,1,1,1,1,1,2,2,1,2,1,1,0,1,2,1,1,0,2,0,1,1,1,2,2,1,0,0,2,2,1,1,1,0,0,0,1,1,1,1,1,2,0,0,1,0,1,1,1,1,1,0,1,1,0,2,0,0,1,1,1,0,1,2,1,1,2,0,2,1,0,0,0,0,0,1,0,1,0,0,1,2,2,2,1,2,0,0,0,2,0,0,1,1,2,0,2,0,0,0,0
10/29/2013,1,1,1,1,1,2,2,1,2,1,1,0,1,2,1,1,0,2,0,1,2,2,2,1,1,0,0,2,1,2,1,1,0,0,1,1,0,1,1,2,2,1,0,1,0,1,1,1,1,2,2,0,1,1,2,0,1,0,1,1,1,1,2,1,1,2,0,1,1,0,0,1,0,1,1,0,0,2,1,1,1,1,1,1,2,0,0,1,0,1,2,1,1,1,1,1,1,0,0,1
10/30/2013,2,1,1,2,1,2,2,1,2,2,1,2,1,2,1,2,0,2,1,1,2,2,1,1,1,0,0,0,1,2,1,1,0,0,0,1,0,1,1,0,1,1,2,1,0,1,1,1,1,1,2,1,1,1,1,0,1,0,1,0,1,2,2,1,1,2,0,1,1,0,0,0,2,1,1,0,0,2,1,1,1,2,1,1,0,2,1,1,1,0,0,1,2,1,0,2,1,0,0,1
10/31/2013,0,1,0,2,1,2,2,1,0,0,0,2,1,1,1,0,2,1,1,1,0,2,1,1,1,0,0,2,1,1,1,1,0,0,2,1,0,1,1,1,0,1,1,1,2,1,1,1,0,2,2,1,1,1,1,0,2,0,1,2,1,0,1,1,1,1,0,0,1,1,2,2,2,2,1,0,0,1,1,1,1,1,0,2,0,0,1,1,1,0,2,2,0,1,1,2,1,1,0,1
11/01/2013,1,0,2,0,1,1,2,1,1,2,0,1,1,1,0,0,1,2,0,0,0,2,1,0,1,1,1,2,1,1,1,0,0,1,2,0,1,1,1,1,0,2,1,1,0,2,0,0,2,2,1,2,2,1,0,1,1,1,1,1,1,0,2,1,1,2,1,0,0,1,2,2,2,2,1,0,0,2,2,2,2,1,0,1,1,0,1,1,1,2,0,1,0,0,0,1,1,1,1,1
11/03/2013,1,0,1,2,1,1,2,1,1,2,0,2,1,0,1,2,1,1,1,1,1,2,0,0,0,1,1,2,1,1,0,1,1,1,2,1,1,1,0,1,0,1,1,0,1,0,0,0,0,0,1,2,1,1,0,1,1,0,1,0,1,2,1,1,0,1,1,1,2,1,2,1,2,2,1,1,1,1,2,2,2,1,2,1,1,2,1,1,1,2,1,1,2,0,1,1,2,1,1,1
11/04/2013,1,0,2,1,1,1,2,2,1,1,0,1,2,0,1,2,1,1,1,0,2,2,0,0,2,1,1,2,1,1,0,1,1,2,0,1,1,1,0,1,2,1,1,0,2,0,0,0,1,1,2,2,0,1,1,1,0,0,1,1,1,2,2,2,1,2,2,2,0,1,2,1,1,2,2,1,0,2,2,2,2,2,0,0,0,0,2,0,2,2,1,0,2,0,0,0,2,1,1,0
11/05/2013,1,0,2,1,1,1,2,0,1,0,0,1,0,2,1,2,1,1,1,0,1,0,0,0,1,1,1,2,1,0,0,0,1,2,2,1,1,1,1,1,2,1,2,0,1,1,1,0,1,2,0,2,0,1,1,1,1,1,1,0,1,2,2,2,0,0,1,1,0,0,2,1,1,2,2,1,1,0,2,1,2,1,0,1,0,1,2,1,2,2,1,1,1,2,1,0,2,2,1,0
11/06/2013,2,2,0,1,1,1,2,2,1,0,0,0,0,1,1,2,1,0,0,0,1,0,2,0,2,1,1,2,1,1,1,0,1,2,2,1,1,1,1,1,1,0,2,2,1,1,2,0,2,1,1,2,1,1,1,0,1,1,0,0,0,2,1,2,0,0,2,1,0,2,2,1,0,1,0,1,1,0,2,0,2,0,0,0,0,1,1,2,1,2,1,1,2,1,1,1,0,2,1,1
11/07/2013,2,2,1,1,1,1,2,0,2,0,0,1,0,1,1,2,2,1,0,0,1,1,0,1,2,1,1,2,1,1,1,0,1,1,2,2,1,1,1,1,1,0,2,2,0,1,1,0,0,1,2,0,0,1,0,0,1,1,0,0,0,2,1,2,0,0,2,2,1,0,0,1,1,1,2,2,2,0,2,0,2,2,2,0,2,0,2,2,1,2,0,2,2,2,2,2,2,2,2,2
11/08/2013,2,0,1,1,1,0,2,1,1,0,1,1,2,1,2,1,2,0,0,2,1,2,0,1,2,2,1,1,2,1,1,0,1,0,1,1,0,1,1,0,1,0,2,2,1,0,1,1,0,1,1,2,0,1,1,0,1,1,0,2,0,2,1,2,0,0,2,2,1,0,1,2,1,0,2,2,2,1,2,1,2,0,2,0,2,0,0,0,0,1,0,2,1,1,2,2,2,1,0,0
11/10/2013,1,2,1,1,1,0,2,1,1,0,1,1,0,1,1,2,2,1,0,1,0,0,2,2,0,0,2,2,2,2,1,1,0,2,1,1,0,1,1,0,1,0,2,2,2,0,1,1,0,1,1,1,1,0,1,0,0,1,1,1,0,2,1,1,2,0,2,2,1,2,1,0,0,1,1,1,2,1,2,0,2,0,2,0,2,2,1,0,0,1,2,2,0,1,1,2,2,2,0,1
11/11/2013,0,2,1,1,1,0,2,1,0,2,0,0,1,1,0,1,0,0,1,1,2,1,1,2,0,0,2,2,2,2,2,1,2,2,0,1,0,1,0,0,1,2,2,2,2,0,2,1,0,1,1,2,1,0,1,0,0,1,1,1,1,2,1,1,2,2,2,2,1,2,1,2,0,2,0,2,2,1,2,2,2,1,0,0,2,0,1,1,0,1,2,2,2,0,2,0,0,2,2,1
11/12/2013,1,1,1,1,1,2,1,1,0,0,1,0,1,1,1,1,0,1,1,1,2,0,1,1,0,2,2,2,2,2,1,1,0,2,0,1,2,1,0,0,1,1,1,2,2,1,2,1,2,2,0,2,1,0,2,1,1,2,1,1,1,2,1,1,2,1,1,2,1,1,0,0,0,0,2,1,1,1,1,2,1,1,2,1,2,1,1,0,2,2,0,1,2,1,1,1,0,2,1,2
11/13/2013,1,1,1,1,1,2,1,1,0,0,1,2,1,1,1,0,1,0,1,1,0,1,0,1,0,0,2,2,2,2,1,1,0,0,0,1,0,0,0,2,1,1,1,2,2,1,2,2,2,1,1,1,1,0,1,0,1,2,1,1,1,2,1,1,1,1,1,2,1,1,0,0,1,1,1,1,1,2,1,0,1,0,2,0,1,2,0,2,2,2,2,1,2,0,2,2,0,0,0,2
11/14/2013,0,1,1,0,1,2,1,1,0,1,1,0,1,2,0,0,1,0,1,1,2,1,1,1,0,1,2,2,2,2,1,1,0,0,1,1,0,0,0,1,0,1,1,2,0,1,2,0,1,2,1,1,2,0,1,0,1,2,1,0,1,2,1,1,2,0,2,1,0,1,1,0,2,0,0,1,1,2,2,2,1,0,1,0,0,2,2,2,2,2,2,1,2,0,0,2,0,0,0,0
11/15/2013,2,1,0,0,1,2,1,1,0,1,0,1,1,0,1,0,1,1,0,0,2,1,0,1,1,0,0,1,2,2,1,1,0,1,1,2,0,0,0,2,0,2,1,2,0,1,0,2,2,2,1,0,0,2,0,0,1,0,1,1,1,0,1,1,2,0,1,0,2,1,0,1,1,1,2,1,2,1,2,2,0,0,1,0,0,1,2,1,1,1,2,1,0,0,0,2,0,0,0,0
11/17/2013,1,0,0,0,1,2,0,1,1,1,0,1,0,1,0,0,1,1,1,2,1,1,1,1,2,0,1,1,2,1,1,0,2,1,1,2,0,1,2,1,0,1,1,2,0,1,1,2,2,2,1,1,0,0,1,1,1,0,1,0,1,2,1,1,2,0,0,0,1,2,2,1,1,0,2,1,0,2,0,0,1,0,1,2,1,2,0,2,0,1,2,0,2,1,2,2,0,0,0,0
11/18/2013,1,0,0,1,0,2,0,2,1,0,0,1,1,1,1,0,1,1,1,0,1,2,2,1,1,1,1,1,1,1,1,0,1,1,0,2,1,1,2,1,1,1,1,0,0,2,1,0,2,2,1,1,0,2,0,0,1,0,1,0,0,1,1,0,1,0,0,0,0,0,2,1,1,0,2,2,2,2,0,0,0,2,1,2,0,0,2,2,0,0,1,2,2,2,2,2,1,2,0,0
11/19/2013,1,0,2,0,0,2,0,0,2,1,0,1,0,1,1,0,2,1,1,0,1,0,1,1,1,1,1,1,1,0,2,1,1,1,2,1,2,0,1,1,0,1,2,0,2,1,1,0,0,2,0,1,0,2,0,1,0,0,1,0,0,1,1,2,1,2,0,0,1,0,2,1,0,0,1,1,2,2,2,0,0,2,2,2,2,1,1,2,0,0,2,2,0,2,0,2,0,2,0,0
11/20/2013,0,0,2,1,0,0,1,2,1,2,2,1,0,1,1,1,2,1,1,0,1,0,1,1,1,2,1,1,1,1,1,1,1,1,2,2,1,1,1,0,0,2,2,0,1,0,1,0,1,2,0,1,2,2,0,1,0,0,1,0,2,1,1,0,1,1,0,0,1,0,2,0,2,1,1,2,1,1,2,1,0,1,1,0,0,1,1,1,0,0,1,1,1,1,0,1,0,2,1,1
11/21/2013,0,0,1,1,0,0,2,1,1,1,1,1,0,1,1,1,2,2,1,1,0,0,1,1,1,0,1,2,1,1,0,0,1,1,0,2,1,1,1,0,2,0,1,0,1,0,1,0,1,1,0,1,2,2,2,1,0,1,1,0,2,1,1,0,1,2,0,1,1,1,2,0,0,1,1,2,1,1,1,1,0,1,1,2,1,0,2,0,0,2,1,2,2,0,0,0,0,0,1,0
11/22/2013,2,0,1,2,1,0,2,1,1,0,1,0,2,1,1,1,1,2,1,1,0,0,1,2,1,2,0,2,0,1,1,1,0,1,1,2,1,0,1,0,2,0,0,1,1,0,1,1,1,1,0,0,1,2,1,0,0,1,1,0,0,1,1,0,1,2,1,1,1,1,2,0,2,2,1,2,1,1,1,1,1,1,0,2,1,0,2,0,0,2,1,1,1,1,1,0,0,1,1,0
11/24/2013,2,1,0,2,1,0,2,1,1,0,1,0,1,1,0,1,0,2,0,1,1,0,1,0,1,2,1,2,0,0,2,1,1,0,1,2,1,0,1,1,1,0,1,1,1,0,1,1,0,0,0,0,1,2,1,1,0,2,1,0,2,0,1,1,1,2,1,0,1,1,2,1,0,0,1,2,2,2,1,0,1,0,1,2,0,2,2,0,0,2,2,1,0,1,1,0,2,0,2,0
11/25/2013,1,0,2,1,1,0,1,1,0,2,2,0,1,1,0,1,0,2,0,0,1,1,1,2,0,0,0,1,2,1,2,1,0,1,1,0,2,0,0,1,1,0,0,0,1,1,0,1,0,2,1,0,1,1,1,0,0,0,1,1,2,0,1,1,1,1,2,1,1,2,1,1,0,0,0,1,2,2,1,1,1,0,1,2,0,1,0,0,2,1,2,1,0,1,1,0,1,2,1,0
11/26/2013,1,1,1,1,0,2,1,1,0,2,0,2,1,1,0,1,1,0,0,1,1,1,1,0,2,0,0,2,0,1,2,0,0,1,1,0,1,2,1,1,2,2,2,0,1,1,0,0,0,1,1,2,2,1,1,1,1,0,1,1,2,1,1,1,0,1,1,1,1,2,1,1,0,0,0,2,2,2,0,1,2,2,1,2,0,2,0,0,2,1,2,1,0,0,1,0,1,0,0,1
11/27/2013,1,1,1,1,2,0,1,1,1,2,0,2,1,1,0,1,1,0,0,2,2,1,0,2,0,0,0,0,1,1,0,1,0,1,2,1,0,0,0,1,1,2,1,0,0,1,2,1,0,0,1,0,1,1,1,1,1,0,2,1,2,0,1,1,2,0,1,2,0,1,1,1,1,0,0,1,0,2,0,2,0,2,0,2,0,2,0,0,2,1,0,2,0,2,1,0,1,0,0,2
11/28/2013,1,2,0,2,1,0,1,1,1,2,0,2,0,1,0,0,0,0,1,0,1,1,1,1,0,0,0,2,1,1,2,1,0,1,2,1,1,1,0,1,1,1,2,0,0,1,2,1,1,1,1,0,1,1,1,1,1,0,2,1,2,1,1,1,0,0,1,0,0,0,0,2,0,2,0,2,1,2,2,2,2,0,0,0,2,0,0,1,1,1,0,2,1,2,1,1,1,1,1,1
11/29/2013,1,1,1,2,0,1,1,1,1,2,0,2,1,1,1,0,0,0,1,0,1,1,1,1,2,0,0,2,1,1,2,0,1,1,2,2,1,1,1,1,0,1,0,1,0,1,2,1,1,0,1,1,0,1,2,0,1,1,2,1,0,1,0,1,0,0,1,0,0,1,0,2,2,1,2,1,1,1,2,1,0,1,2,0,1,2,0,1,1,2,2,2,0,2,0,0,2,1,2,0
12/01/2013,1,1,0,1,1,1,1,1,1,2,0,0,1,1,1,0,0,1,1,0,2,1,1,1,0,0,1,0,1,1,2,0,1,1,2,1,1,1,1,0,1,1,2,1,1,1,2,1,0,2,1,1,0,0,2,0,0,1,0,2,0,1,2,1,1,0,1,0,1,2,0,2,2,1,0,1,1,1,1,1,1,1,2,1,0,2,0,1,1,1,1,1,1,1,1,1,1,1,0,2
12/02/2013,1,1,1,1,1,1,1,1,1,2,2,2,1,1,1,1,2,1,1,0,0,1,1,0,0,1,1,1,1,1,1,0,1,1,2,1,1,1,2,0,1,1,2,2,1,1,1,1,2,0,1,1,0,0,2,0,0,1,2,2,1,1,0,2,1,0,1,2,1,2,0,0,2,1,2,1,1,1,1,1,1,2,1,0,2,2,2,2,1,2,1,0,1,1,0,2,2,0,0,1
12/03/2013,1,1,1,0,1,1,1,1,1,2,1,2,1,1,2,1,1,0,1,0,2,0,1,1,1,1,1,1,1,0,1,2,1,2,2,1,1,1,2,0,1,1,2,1,1,2,1,1,2,0,1,1,0,0,0,0,0,1,2,2,1,0,0,2,1,1,1,0,2,2,1,1,2,1,0,1,1,0,1,2,1,1,1,0,2,0,0,2,1,2,1,1,2,1,2,1,0,0,1,2
12/04/2013,1,1,1,0,1,1,1,1,0,2,1,1,1,2,1,1,2,1,1,1,2,0,1,0,1,1,1,1,2,0,1,0,1,2,2,1,0,1,2,0,2,1,2,1,1,1,1,1,2,0,0,2,2,0,0,1,0,1,1,2,1,1,1,2,1,1,1,1,1,2,0,1,2,1,2,2,2,2,2,2,0,1,1,0,2,0,2,2,0,2,2,2,2,2,2,2,0,2,0,1
12/05/2013,0,1,1,0,1,1,1,0,0,1,1,1,2,0,1,1,1,1,1,1,2,2,1,0,1,1,1,1,2,0,1,1,0,2,1,1,2,1,2,0,1,2,1,1,2,1,1,2,2,2,0,0,0,2,0,1,0,1,1,2,1,0,0,1,1,1,1,0,0,2,1,1,2,2,1,2,2,0,1,2,0,1,1,2,1,0,2,2,1,1,1,1,1,0,1,1,1,1,1,1
12/06/2013,0,2,1,0,1,1,0,0,0,2,1,1,0,0,1,1,0,0,1,1,2,2,0,1,1,1,1,1,1,1,1,2,0,2,1,1,2,1,2,2,1,0,0,1,1,1,0,2,2,2,0,0,1,2,0,1,2,0,1,2,1,0,1,0,1,1,0,1,1,0,1,1,2,0,1,2,2,2,2,2,2,0,2,2,1,0,2,2,2,1,2,2,1,2,1,1,0,1,1,1
12/08/2013,0,0,0,0,1,0,0,0,0,2,1,1,2,0,0,0,0,0,1,1,2,2,0,1,1,1,2,0,1,2,1,1,0,2,0,2,2,1,0,0,2,0,1,0,1,1,0,2,0,2,0,0,2,1,0,1,1,0,1,2,0,0,1,1,1,0,1,0,0,0,2,1,0,0,2,2,2,2,1,1,1,0,2,2,2,0,1,2,2,1,2,2,1,2,2,1,0,1,2,0
12/09/2013,0,0,2,0,1,0,2,0,0,2,0,1,2,0,0,1,0,0,0,1,1,2,0,1,0,0,2,0,2,2,1,1,0,2,0,1,2,1,2,1,2,0,1,0,1,1,1,1,0,1,1,0,2,1,0,1,1,0,1,1,1,0,1,1,1,2,1,1,1,0,2,2,0,0,1,2,2,2,0,1,0,0,2,2,2,0,1,1,2,0,2,2,1,1,1,0,0,0,2,0
12/10/2013,0,0,2,0,1,0,0,1,0,2,1,1,2,1,0,2,0,0,1,1,1,2,0,2,0,2,2,0,2,0,1,1,1,1,0,0,2,1,2,0,0,0,1,0,1,1,0,2,0,1,2,0,2,1,1,1,1,0,1,1,0,1,1,1,1,2,2,1,2,1,2,2,0,0,0,1,1,1,1,1,0,0,0,0,2,0,1,1,2,1,0,1,0,2,2,0,0,1,0,1
12/11/2013,0,0,2,2,1,0,0,1,1,1,1,1,1,1,0,2,0,2,1,1,1,2,0,2,0,2,0,0,2,1,1,1,2,1,0,0,2,0,0,1,1,1,2,0,1,2,0,1,0,1,0,1,2,1,1,0,1,1,0,0,2,1,1,1,2,1,1,1,2,1,2,0,1,0,0,2,1,1,1,1,0,1,0,1,2,0,1,1,1,1,1,1,2,1,1,1,0,0,1,2
12/12/2013,0,0,0,1,1,1,2,1,1,1,1,1,1,1,0,0,2,1,1,1,0,2,1,2,0,1,1,0,1,1,1,1,1,1,0,1,2,0,1,1,1,1,2,1,1,2,0,1,1,1,1,1,2,1,1,0,1,1,1,0,2,1,1,1,2,1,1,1,1,1,1,0,1,0,0,2,1,1,1,1,0,1,1,1,1,0,0,1,1,1,1,1,0,2,0,1,1,0,1,1
12/13/2013,0,0,1,1,1,1,1,1,1,1,1,1,1,1,1,1,1,0,1,0,2,1,2,2,1,0,2,0,1,1,1,1,1,1,0,1,1,2,1,1,1,1,2,1,1,1,2,0,1,1,1,1,1,1,1,0,0,1,1,0,2,2,1,0,2,1,2,0,1,1,1,1,1,1,0,1,0,1,1,0,0,1,1,2,1,0,0,2,1,0,1,1,0,1,2,1,1,0,1,0
12/15/2013,1,2,1,0,1,0,1,2,1,1,0,1,0,1,1,0,1,1,1,0,0,1,1,1,1,1,1,1,1,1,1,1,1,1,1,1,1,1,2,2,0,1,2,1,2,2,0,1,1,1,1,1,2,0,0,0,0,2,0,2,0,1,0,0,2,1,2,2,0,0,1,1,1,1,0,1,2,1,1,2,1,2,2,2,1,1,2,1,1,1,1,0,0,2,2,1,1,1,1,0
12/16/2013,1,2,1,1,1,1,2,0,1,1,1,1,1,2,1,0,0,1,1,0,1,1,2,0,1,0,1,1,1,1,1,1,1,0,1,1,0,1,2,0,0,0,1,1,1,2,1,1,0,1,2,1,0,1,0,0,0,1,1,2,2,0,0,0,2,0,1,0,0,0,1,1,1,1,0,0,1,0,1,1,1,0,1,2,1,1,2,1,1,1,1,0,1,2,1,1,1,1,1,1
12/17/2013,2,2,1,1,1,2,1,0,0,0,2,1,1,0,1,0,0,1,2,0,1,1,2,0,1,1,1,2,1,2,0,1,1,0,1,1,1,1,2,0,1,2,2,1,1,1,1,0,0,0,0,2,0,1,0,2,0,1,1,0,1,0,2,1,2,0,1,0,0,0,0,1,1,1,0,2,2,1,2,1,2,2,0,2,1,1,2,1,0,2,2,2,1,0,0,2,2,0,0,1
12/18/2013,2,1,1,1,1,1,2,1,1,0,1,1,1,1,1,2,0,1,2,1,0,1,1,0,2,1,0,2,1,2,1,1,0,0,1,0,1,1,0,2,1,1,1,0,1,1,1,1,0,0,0,1,1,1,0,1,1,1,1,2,1,0,2,1,2,1,2,2,2,0,0,2,2,1,0,2,2,0,2,1,2,2,0,2,0,1,0,1,0,2,2,0,2,0,1,2,0,0,2,2
12/19/2013,2,2,1,1,1,1,1,0,0,0,1,2,1,0,1,1,0,1,1,0,2,0,0,1,1,1,1,2,2,0,0,1,1,0,0,1,0,1,1,1,1,1,1,2,2,1,1,1,0,0,0,0,1,1,0,1,1,1,1,2,1,0,2,1,2,0,0,2,0,0,0,2,2,2,2,2,2,0,2,0,2,2,0,0,2,2,2,2,2,2,2,2,1,2,2,2,2,2,2,1
12/20/2013,2,2,0,1,1,1,0,2,0,0,0,0,1,0,0,1,2,1,2,0,0,1,1,1,1,1,1,2,0,1,1,1,0,0,1,1,0,1,2,1,1,1,1,2,2,1,1,0,0,2,0,1,0,1,0,1,1,1,1,2,1,2,2,1,0,1,1,2,1,2,1,2,1,1,1,2,2,0,0,0,1,1,0,0,0,2,2,0,0,2,0,2,1,1,0,2,2,0,1,1
12/22/2013,2,0,0,1,0,0,1,0,0,1,1,2,1,1,2,1,2,1,2,0,1,0,1,1,1,0,1,1,1,0,1,1,0,0,1,1,0,1,1,2,1,2,2,0,0,1,2,0,2,2,0,1,1,1,0,1,1,1,1,2,0,1,2,0,2,1,0,2,1,0,1,0,1,1,2,1,2,2,0,2,1,0,1,0,0,0,2,0,0,0,0,1,1,1,0,1,0,0,0,1
12/23/2013,2,0,1,0,0,1,2,2,1,0,1,2,1,1,0,1,2,0,2,0,0,0,1,1,1,1,1,1,0,2,1,0,0,0,1,1,0,1,1,2,1,2,1,0,0,2,0,1,2,2,0,1,1,2,1,1,1,1,1,2,1,1,1,0,0,0,0,2,1,2,0,1,1,2,2,1,2,2,0,0,1,0,1,0,0,2,2,1,0,0,0,1,2,2,0,0,1,2,0,0
12/24/2013,2,0,0,0,0,0,1,0,1,1,1,2,1,2,2,1,1,1,0,0,0,0,2,1,1,1,1,1,0,2,1,1,0,0,1,1,1,1,2,2,2,2,1,1,1,1,0,2,2,2,0,1,2,2,1,1,1,1,0,1,1,1,1,0,0,0,1,1,1,2,0,1,0,2,2,1,2,2,2,2,0,0,2,0,0,2,2,0,2,0,2,1,2,2,2,0,2,2,0,0
12/26/2013,2,0,0,0,0,0,0,1,1,1,2,2,1,2,1,1,1,1,1,0,2,1,0,1,1,0,1,1,2,1,1,1,0,1,0,0,0,1,2,2,0,2,1,1,1,0,0,2,1,1,0,1,0,1,1,1,0,1,0,1,1,1,1,0,0,0,1,0,1,2,0,1,0,2,2,1,2,2,2,2,0,0,2,0,0,2,0,0,2,0,2,2,2,2,2,2,2,0,2,0
12/27/2013,0,0,1,0,1,0,1,1,1,1,2,2,1,2,1,1,1,1,1,0,1,1,1,0,1,0,1,1,2,1,1,0,0,0,0,1,0,1,2,2,1,2,1,1,1,0,0,2,1,1,2,1,2,2,1,1,0,1,1,1,2,1,1,2,1,1,1,0,1,2,0,0,0,2,2,2,2,2,2,2,0,1,2,0,2,0,0,2,0,0,2,2,2,2,2,2,2,2,2,0
12/29/2013,0,1,1,0,1,0,0,1,1,2,2,2,1,1,0,0,2,1,1,1,0,1,0,2,1,1,0,1,0,1,1,0,2,1,1,1,0,2,2,2,0,1,1,0,1,2,2,0,1,1,1,1,0,2,1,1,0,2,1,2,0,1,1,0,1,1,1,0,0,2,0,0,0,2,1,2,2,1,2,1,1,1,2,0,1,0,2,2,0,2,2,2,2,2,2,2,2,2,2,2
12/30/2013,0,1,1,0,1,1,0,0,1,2,0,1,1,1,1,0,1,1,0,1,1,1,0,1,0,2,0,1,2,1,1,1,0,0,0,0,1,2,2,1,0,1,1,0,1,2,2,2,1,1,2,1,0,2,0,1,1,1,1,0,1,1,1,2,1,1,1,0,0,1,1,0,0,2,1,0,2,2,0,1,0,1,2,1,2,0,1,1,0,1,2,2,2,0,1,0,2,0,2,2
12/31/2013,0,1,1,2,1,1,0,0,2,2,2,0,2,1,1,0,0,1,1,2,1,1,1,1,1,1,0,1,0,1,0,1,1,0,2,0,1,0,2,1,2,1,2,1,2,1,2,2,1,0,2,1,0,1,2,1,1,2,1,2,2,1,0,2,1,1,1,0,0,1,1,1,0,1,1,2,0,2,0,1,2,2,0,1,2,0,2,2,2,1,2,1,1,1,2,1,0,1,1,2
01/02/2014,0,2,1,2,1,1,0,0,2,2,0,1,1,1,1,0,0,2,1,1,1,1,1,1,0,1,2,1,0,1,0,0,1,0,2,0,1,1,1,1,1,1,2,1,2,2,2,2,1,0,1,0,0,1,1,1,2,0,1,1,0,1,0,2,0,1,0,0,0,1,1,0,0,0,2,2,2,2,1,2,1,2,1,2,1,0,2,2,1,1,1,0,1,0,1,0,0,0,1,2
01/03/2014,2,2,2,2,2,2,1,0,2,2,0,1,1,1,1,2,0,0,1,1,1,1,1,1,2,1,2,0,1,0,0,2,1,0,0,0,0,1,0,1,1,0,0,1,0,2,2,1,0,0,1,1,1,1,1,1,0,0,0,1,0,0,0,1,1,1,0,1,0,0,1,0,1,0,0,0,2,2,2,2,1,1,1,2,1,2,2,2,2,1,1,0,0,0,0,2,0,0,0,0
01/05/2014,0,2,2,2,2,2,1,1,2,1,1,1,2,1,1,2,0,0,1,0,1,1,1,1,2,0,2,0,1,0,0,2,0,0,1,0,1,1,0,1,1,0,0,1,0,1,1,2,0,0,1,0,1,1,1,2,1,0,0,1,0,0,0,1,1,2,0,1,2,0,1,0,0,1,2,0,1,1,1,0,0,2,0,2,1,2,1,2,2,2,1,0,2,0,0,0,1,0,0,2
01/06/2014,0,2,2,2,0,0,1,1,1,2,1,1,2,1,0,2,0,0,1,1,2,1,1,1,2,0,1,0,1,0,0,2,1,0,1,0,1,1,0,1,1,0,0,1,1,1,1,1,0,0,1,0,1,1,1,1,1,0,0,1,0,0,1,0,1,2,2,1,1,0,0,0,1,2,0,1,1,0,2,2,2,2,0,0,0,0,1,2,2,2,2,2,2,2,2,2,0,0,2,0
01/07/2014,0,2,0,2,0,2,2,2,1,1,1,1,2,1,1,1,0,0,1,1,2,1,1,1,2,0,1,2,1,0,0,2,2,0,0,2,1,1,0,1,1,0,0,1,1,1,1,1,0,1,0,2,1,1,1,1,0,0,0,1,1,0,0,0,0,2,2,1,1,0,0,1,1,0,0,1,1,1,2,1,2,0,0,1,0,2,1,0,1,2,2,0,2,1,1,0,0,0,2,2
01/08/2014,1,1,0,1,0,2,2,1,1,2,1,1,2,1,1,1,2,0,1,0,2,0,1,1,2,0,1,2,1,1,1,2,2,0,1,2,2,1,0,1,1,0,1,0,1,1,0,1,2,2,0,0,1,2,1,1,0,1,2,0,1,1,1,0,2,2,0,1,1,1,0,2,0,1,0,1,1,2,2,0,2,1,0,1,2,2,0,2,2,2,2,2,2,2,0,0,2,2,0,0
01/09/2014,0,1,0,1,0,2,2,1,1,2,1,1,2,1,1,2,1,0,1,1,0,0,1,1,2,0,1,1,1,1,2,2,2,1,1,1,0,1,1,1,0,2,0,2,1,1,1,0,2,1,0,2,1,0,1,1,0,1,1,0,1,0,1,0,0,2,1,1,2,1,0,1,2,1,0,1,1,2,2,0,2,1,2,2,2,1,0,1,1,1,1,1,1,1,1,1,0,1,1,0
01/10/2014,1,1,1,0,2,2,2,2,2,0,1,2,2,2,1,1,1,1,1,1,0,0,2,2,2,0,1,1,2,1,1,2,2,0,1,2,2,1,1,1,0,1,2,2,1,0,1,1,2,2,0,0,0,1,0,0,0,1,1,1,1,1,1,2,2,2,2,1,2,0,0,1,0,0,0,2,2,1,2,1,0,2,2,0,1,1,2,1,2,0,2,0,0,1,2,0,0,2,0,0
01/12/2014,1,1,1,1,1,2,2,2,1,0,0,2,2,0,1,1,1,2,1,1,1,0,0,2,2,1,1,1,2,1,1,1,0,1,1,1,2,1,1,1,0,1,1,1,1,0,1,0,2,1,1,0,0,1,0,0,1,1,1,2,1,0,1,1,1,1,2,0,0,1,1,1,2,1,1,0,0,2,1,1,1,1,2,0,2,1,1,2,2,1,1,1,1,1,2,2,1,2,1,2
01/13/2014,1,1,2,1,0,2,1,1,0,0,0,2,0,0,1,0,1,2,1,1,1,1,2,2,2,0,1,1,2,1,0,1,0,2,2,1,2,1,0,0,1,1,1,1,1,0,1,0,1,0,2,0,0,1,0,1,1,0,1,1,2,1,2,1,1,0,2,0,2,1,1,0,2,2,1,2,0,2,0,0,1,2,2,0,1,0,1,2,2,2,2,1,0,2,2,2,0,0,0,0
01/14/2014,1,1,1,0,0,0,1,2,1,0,1,1,0,1,2,1,1,1,2,1,1,1,2,1,0,1,1,1,2,1,2,1,0,1,0,1,2,1,0,2,0,1,1,1,0,0,0,0,2,0,2,0,1,1,0,2,0,2,2,1,0,1,2,1,1,1,2,2,2,1,1,1,2,0,0,2,1,1,1,2,1,1,1,1,1,1,1,2,2,0,1,1,0,2,0,1,1,1,0,1
01/15/2014,2,0,1,0,0,1,1,0,1,1,1,2,0,0,1,1,1,2,0,0,1,1,2,2,1,0,1,0,2,1,1,1,1,1,2,2,0,1,1,2,1,1,1,1,1,0,0,2,2,0,2,0,1,2,0,1,1,2,2,1,1,1,2,1,1,1,2,2,1,0,1,0,2,2,1,1,1,0,2,2,1,1,1,1,2,1,1,0,1,0,1,0,2,1,0,1,1,1,0,1
01/16/2014,2,0,2,0,1,2,1,1,1,1,0,2,1,1,2,1,0,2,2,0,1,1,1,2,1,0,1,0,2,0,1,1,1,2,0,0,0,1,1,0,1,2,1,1,1,2,0,2,2,0,2,1,1,1,1,1,1,0,2,1,1,1,2,1,0,1,2,2,1,0,2,0,1,2,2,1,1,2,0,2,1,0,1,1,2,0,1,0,1,0,1,2,2,1,0,1,2,0,0,1
01/17/2014,2,0,1,1,1,1,1,1,1,1,1,1,1,1,2,1,0,2,2,0,1,1,2,2,1,1,1,0,2,0,1,1,1,0,0,2,1,1,2,0,1,2,1,1,1,0,0,2,2,2,1,1,1,2,2,2,0,2,1,1,1,0,2,1,0,1,2,1,1,0,1,0,1,2,2,1,0,2,2,1,1,0,2,1,2,2,2,0,1,0,1,2,2,0,2,1,2,0,0,0
01/19/2014,0,0,1,2,1,1,1,1,1,1,1,1,1,1,2,1,0,1,2,0,0,2,1,2,1,1,1,0,1,0,1,1,2,1,2,0,1,1,2,0,1,0,1,0,0,2,0,2,0,1,0,1,1,2,0,1,0,2,1,2,0,0,1,0,0,2,0,1,0,0,2,2,1,1,1,1,0,2,2,1,0,0,2,0,2,2,2,1,1,2,0,1,2,0,1,1,0,0,0,2
01/20/2014,2,0,2,1,1,1,1,1,1,1,1,0,1,1,2,1,0,2,1,0,0,0,0,1,1,1,1,0,0,0,1,1,2,0,0,1,1,0,1,0,2,2,1,0,0,0,2,2,1,1,1,0,1,2,0,0,2,1,1,1,0,2,1,0,1,1,2,0,0,0,0,1,0,0,1,1,0,2,2,2,0,0,2,2,0,2,2,1,2,2,0,1,2,2,2,0,0,2,0,2
01/21/2014,2,0,1,1,2,1,1,1,1,1,1,0,0,1,2,2,2,2,1,1,2,2,0,1,1,1,1,0,0,1,1,1,2,1,1,1,1,0,1,0,2,0,2,1,0,1,2,1,0,1,1,1,1,2,0,1,0,1,1,1,2,2,1,0,1,0,0,0,0,1,1,2,0,1,0,2,2,1,1,2,0,0,2,2,1,2,2,1,2,2,0,1,2,0,2,2,1,2,0,0
01/22/2014,1,1,1,1,1,1,1,1,0,2,1,0,1,2,2,0,2,2,1,1,1,0,0,2,2,1,2,1,0,1,1,1,2,1,1,1,1,1,1,1,2,2,2,2,0,2,2,2,0,1,1,1,0,1,2,0,2,1,1,1,1,1,1,0,1,0,0,2,1,1,1,2,0,0,2,2,2,1,1,2,0,2,2,2,1,2,2,2,2,2,2,0,2,0,2,2,2,2,0,2
01/23/2014,1,1,1,1,0,1,1,1,1,1,1,1,1,0,1,1,2,1,2,1,1,0,1,1,1,2,1,2,0,1,1,1,2,1,1,1,1,1,0,1,0,0,2,2,2,1,2,1,0,2,1,1,0,2,0,0,1,1,2,1,1,1,1,0,1,0,0,0,0,1,1,1,0,0,2,2,2,2,1,2,0,2,1,1,1,2,1,2,2,1,0,0,0,1,0,0,0,1,0,0
01/24/2014,1,1,1,1,2,0,1,0,0,2,2,1,1,0,1,0,2,1,1,1,2,0,1,0,0,1,1,1,0,0,1,1,2,2,1,1,2,1,0,1,1,0,2,2,1,1,2,2,0,1,1,1,0,1,0,2,1,1,1,2,1,1,1,2,0,2,1,0,0,1,1,1,0,0,2,2,1,2,1,2,0,2,2,2,2,2,1,2,2,2,2,0,0,2,0,2,2,2,2,2
01/26/2014,1,1,1,1,0,0,1,1,1,2,1,1,1,0,1,1,2,1,0,1,0,0,1,0,1,1,1,1,0,1,2,0,1,1,0,0,2,1,0,1,1,0,2,0,2,2,1,1,2,0,1,0,0,1,1,2,1,0,1,2,1,0,2,2,0,1,1,1,1,1,0,1,1,1,0,1,1,2,0,1,1,0,1,1,0,1,1,0,1,2,2,2,0,2,0,1,1,2,0,2
01/27/2014,1,1,1,0,2,0,0,1,2,2,1,1,1,2,1,0,1,1,0,1,0,1,1,0,1,0,1,1,0,1,1,1,1,1,0,1,2,1,2,0,1,0,0,1,2,2,1,2,0,1,0,0,0,1,0,1,1,1,1,2,1,2,0,1,2,1,1,1,1,1,0,1,1,1,1,1,1,2,1,1,1,1,0,0,2,1,0,2,1,2,1,0,0,1,1,0,0,1,0,1
01/28/2014,1,0,0,0,2,0,1,2,2,2,1,0,1,2,0,1,1,0,2,1,0,1,1,1,1,0,1,1,0,1,1,2,1,1,2,1,0,1,0,1,1,1,0,1,1,2,1,1,0,1,1,2,2,1,0,2,1,2,2,2,2,2,0,2,2,1,1,1,1,0,0,2,2,1,1,1,2,1,0,1,0,0,0,0,2,0,2,2,0,2,0,1,0,2,2,1,2,2,2,2
01/29/2014,1,1,2,0,2,0,1,0,2,1,1,0,1,2,0,2,1,0,0,0,1,1,1,1,2,0,1,0,0,1,1,0,0,1,1,2,0,1,0,1,1,0,1,1,2,2,1,1,0,1,1,2,0,1,0,1,1,1,1,0,2,2,0,1,2,1,1,1,1,0,1,0,1,1,1,1,2,2,1,1,1,2,2,2,2,1,1,0,1,1,2,1,1,0,1,1,1,1,1,2
01/30/2014,1,0,2,0,2,2,1,2,2,1,1,0,0,0,0,1,2,0,2,0,2,1,1,1,2,0,2,0,1,0,0,2,0,1,0,0,0,1,0,0,1,1,1,2,1,2,1,1,2,1,1,2,2,1,0,0,1,1,2,1,2,2,1,1,2,1,1,1,1,2,1,2,1,0,1,1,0,1,1,1,1,0,1,0,1,1,0,1,1,1,1,0,1,1,1,1,2,1,0,1
01/31/2014,1,0,0,1,2,1,1,2,2,1,1,1,0,1,0,1,0,1,2,0,1,1,0,1,0,0,2,0,1,0,1,1,0,1,0,0,0,1,0,1,0,1,1,1,0,1,1,1,1,0,2,2,1,1,0,0,2,2,2,1,2,2,1,0,1,0,1,1,0,2,1,0,1,0,1,1,0,2,1,0,0,0,1,1,1,0,2,1,1,1,1,0,1,1,1,0,1,1,1,1
02/02/2014,2,0,2,2,2,1,1,2,2,1,0,0,1,1,0,1,2,1,2,1,1,0,0,1,1,2,2,1,1,0,1,1,1,2,1,1,0,1,1,0,0,1,1,1,2,2,1,0,1,0,1,1,1,0,1,0,2,1,2,1,2,0,1,1,1,0,1,2,0,2,1,0,1,0,1,2,0,2,1,2,1,2,2,1,1,1,2,2,0,2,1,1,1,1,1,0,1,0,1,1
02/03/2014,2,2,2,1,2,0,0,0,2,1,0,1,1,1,1,1,2,1,2,1,1,1,0,1,1,1,2,0,1,0,1,1,1,2,1,1,0,0,1,0,0,1,1,1,2,2,1,0,2,1,1,1,1,0,0,2,1,1,2,0,2,1,1,0,1,1,0,2,0,1,1,1,1,1,1,2,0,2,1,2,1,1,1,1,1,0,1,2,0,2,2,1,2,0,1,2,1,0,2,2
02/04/2014,2,1,0,1,2,1,0,1,2,0,1,1,1,1,1,1,0,1,1,1,1,0,0,1,2,2,1,0,1,0,2,1,1,2,1,1,0,2,1,0,0,1,1,1,2,0,2,0,2,1,0,1,1,0,0,0,1,1,2,1,1,1,1,0,1,1,0,2,1,1,1,2,1,1,0,0,1,0,1,1,1,1,1,2,1,1,2,1,1,2,1,1,1,2,1,1,1,2,0,1
02/05/2014,2,1,1,2,2,0,2,1,1,1,1,1,1,1,1,1,0,1,2,1,1,0,1,0,0,1,2,1,1,2,1,0,1,2,1,1,1,0,1,1,0,0,1,1,2,0,0,2,2,1,1,1,1,2,2,0,1,0,2,0,1,2,0,0,1,1,1,2,1,1,1,1,1,0,1,1,1,0,1,2,2,1,1,2,0,1,0,1,0,2,0,1,1,0,2,0,1,0,0,2
02/06/2014,2,1,1,0,1,1,0,1,1,1,1,1,0,1,1,1,0,1,2,1,0,2,1,1,2,1,1,1,1,2,0,2,1,2,0,1,1,0,1,2,0,0,1,1,2,1,0,2,2,1,0,0,1,1,1,0,1,0,1,0,0,2,1,1,1,1,2,2,1,0,2,1,1,1,0,1,1,0,2,2,1,1,0,2,0,2,2,0,2,2,1,2,0,2,0,2,2,2,2,2
02/07/2014,2,1,1,1,1,2,1,2,1,1,1,2,1,1,0,0,0,2,0,1,0,2,1,2,0,1,1,0,1,1,0,0,1,2,1,1,1,1,1,1,1,0,1,1,2,1,0,1,2,1,0,0,1,2,1,1,0,0,2,2,1,2,1,2,0,1,2,2,1,1,2,1,1,1,2,2,1,1,1,1,1,1,1,1,0,1,1,2,1,1,1,1,1,1,1,1,1,1,1,1
02/09/2014,1,2,1,1,1,1,1,1,1,1,0,0,1,1,1,1,2,1,1,1,0,2,2,2,0,1,1,2,1,1,2,2,1,2,1,1,1,1,2,1,2,0,1,1,2,1,1,1,2,1,0,0,0,1,1,2,0,0,1,0,1,2,0,1,0,1,2,1,1,0,1,0,2,1,1,0,1,2,1,1,1,2,0,1,1,1,1,1,1,1,1,1,1,1,1,1,1,1,1,0
02/10/2014,2,2,1,1,1,0,1,1,1,1,0,2,1,1,1,1,0,1,2,1,0,2,1,2,0,1,0,2,0,1,1,0,0,2,1,1,1,1,2,1,2,1,0,1,2,1,1,1,1,0,0,0,0,1,1,1,0,1,1,1,1,2,0,1,1,1,0,1,1,0,1,0,2,2,1,0,0,1,1,2,0,2,0,2,0,0,0,0,1,0,2,0,2,1,1,0,0,1,1,0
02/11/2014,1,2,2,1,1,0,1,1,0,1,0,2,1,0,2,2,1,1,2,1,2,1,1,1,0,1,0,2,1,1,2,2,0,2,1,1,1,1,2,0,1,2,0,0,2,1,1,1,2,0,0,1,1,2,2,2,0,1,1,1,1,2,0,1,1,1,1,1,0,1,1,0,2,0,0,2,0,1,1,0,0,1,0,2,2,0,1,2,2,1,1,0,2,1,0,0,0,1,1,0
02/12/2014,2,0,2,1,1,0,1,1,0,1,2,2,1,2,1,2,1,0,2,0,2,0,0,1,0,0,1,2,1,1,0,1,0,2,0,1,0,1,2,1,1,2,0,0,0,1,1,1,1,0,1,1,1,2,1,2,1,2,1,2,0,1,0,1,1,1,1,1,0,2,1,0,2,1,1,0,0,1,1,2,0,0,0,2,2,2,1,2,0,2,1,0,2,2,1,1,0,0,0,0
02/13/2014,1,0,0,0,0,0,1,1,0,1,0,2,1,2,1,2,1,1,2,1,1,0,0,1,0,1,1,2,1,0,0,1,0,1,0,2,0,1,0,1,1,2,0,2,0,2,1,1,1,1,1,1,1,2,1,2,1,2,1,1,0,2,1,1,1,0,1,1,0,1,0,1,0,0,2,2,1,1,1,2,0,0,1,2,2,2,0,2,2,2,0,0,2,0,0,2,0,1,0,2
02/14/2014,2,0,0,0,0,0,0,1,1,0,0,2,1,2,0,2,1,1,2,1,1,0,0,1,1,1,1,2,1,0,1,1,2,1,0,0,0,2,2,0,1,2,0,0,1,1,0,0,0,1,1,1,1,2,1,2,1,2,2,2,1,2,1,0,1,0,1,2,0,1,0,1,0,0,2,2,1,1,1,1,1,1,1,1,1,2,1,1,1,2,1,1,1,1,1,1,1,0,1,1
02/16/2014,1,0,0,1,0,0,0,1,1,0,1,0,1,2,2,2,1,1,1,2,1,1,0,1,1,2,1,2,0,0,1,1,0,1,0,0,0,2,0,0,1,2,1,0,0,0,0,0,0,1,1,1,1,2,0,2,0,2,0,2,1,1,2,0,1,0,2,0,1,1,2,1,1,0,0,2,1,2,0,1,2,0,2,0,2,2,0,2,2,2,2,0,2,0,1,1,1,0,0,0
02/17/2014,1,1,1,0,0,0,0,1,1,0,2,0,1,2,2,2,1,2,1,2,2,1,1,1,0,0,1,2,0,0,1,1,0,0,0,0,0,1,1,0,0,2,1,1,0,1,0,0,0,1,1,1,1,2,0,2,1,1,2,2,1,0,1,0,0,1,0,2,1,1,0,1,1,2,2,1,1,2,1,1,1,0,2,0,2,2,2,1,0,1,2,2,1,1,1,1,1,1,2,1
02/18/2014,1,1,1,0,0,0,1,1,1,1,0,0,0,2,0,0,0,1,1,2,1,1,1,1,0,1,1,0,0,0,1,0,0,1,0,0,2,2,1,0,0,1,1,1,1,0,0,0,0,1,1,1,0,2,0,0,1,1,1,2,1,2,1,0,0,1,2,2,1,0,0,0,0,0,2,1,2,2,2,1,0,0,2,0,0,2,2,0,0,0,2,2,2,0,0,2,2,0,1,0
02/19/2014,1,1,1,0,1,1,0,1,1,1,1,1,1,1,2,1,0,1,1,2,1,1,1,1,1,2,0,1,0,2,1,1,1,0,2,0,0,2,1,2,0,1,1,1,2,1,0,0,1,1,1,1,2,1,0,0,1,1,1,2,0,2,1,0,0,1,2,2,1,1,1,0,1,2,1,2,2,2,1,1,1,0,2,0,0,0,2,1,0,1,1,2,0,0,1,0,1,0,1,0
02/20/2014,0,1,1,0,1,1,1,0,1,1,1,1,1,1,2,1,0,1,1,2,1,2,1,0,0,2,0,2,2,2,2,1,0,1,1,0,1,2,1,2,0,2,1,1,1,1,1,1,2,0,1,2,2,2,2,1,2,1,2,2,1,1,1,1,1,0,2,2,1,1,1,0,0,1,1,1,2,1,2,1,1,1,2,1,1,1,1,1,0,1,1,1,2,2,1,1,0,2,1,1
02/21/2014,1,1,0,0,1,2,1,0,1,1,1,1,0,1,2,1,2,1,0,0,0,2,2,0,0,1,0,2,0,2,1,1,1,1,1,1,1,2,1,2,1,1,1,0,0,1,2,1,2,0,1,1,2,1,2,1,0,1,0,2,1,1,1,1,1,1,2,0,1,1,1,0,0,1,1,2,0,1,1,1,1,1,1,1,1,1,0,1,2,1,1,1,1,1,2,1,1,1,1,1
02/23/2014,0,1,1,0,1,2,1,2,1,1,1,1,1,1,0,1,2,1,0,1,0,2,0,1,0,2,2,0,1,2,1,1,1,1,1,0,1,2,1,2,2,1,1,0,1,1,1,1,1,0,1,1,2,1,1,1,2,1,2,2,2,2,1,1,0,1,1,2,1,1,2,1,0,1,2,2,1,1,1,1,0,1,2,1,2,0,1,2,0,0,0,1,1,2,0,1,0,0,0,2
02/24/2014,1,1,0,1,1,2,1,0,1,1,0,1,2,1,1,1,2,2,0,0,2,2,0,0,0,0,2,0,1,1,1,1,0,0,1,1,1,1,2,2,2,2,0,1,0,1,1,1,1,0,0,1,1,1,1,1,2,1,2,2,2,1,1,1,2,1,1,1,1,1,2,1,1,2,1,0,1,1,1,1,1,1,1,1,2,1,1,1,1,1,0,1,1,1,1,1,1,1,1,1
02/25/2014,0,1,2,1,1,2,1,0,0,2,0,1,0,1,0,1,2,2,1,0,1,2,0,0,0,1,2,1,1,1,1,1,1,1,1,1,2,0,1,1,2,1,0,2,2,1,2,1,2,1,2,0,2,1,1,0,1,0,1,2,0,1,0,2,0,0,2,1,1,1,2,1,0,0,0,0,2,0,2,0,0,1,2,2,1,0,0,1,1,2,2,0,1,1,2,1,0,2,0,1
02/26/2014,0,1,0,1,1,0,1,1,2,2,1,0,2,1,2,1,2,2,1,1,1,2,1,1,0,0,2,1,1,1,1,0,1,1,1,1,2,0,2,2,2,1,0,0,2,2,1,1,2,0,2,0,1,1,1,0,1,0,1,2,2,1,1,0,0,0,2,1,1,1,2,1,0,0,0,0,2,2,1,0,2,2,1,2,0,1,1,1,1,1,2,0,1,1,1,1,0,1,1,1
02/27/2014,0,1,2,1,0,2,1,1,2,0,1,1,2,1,1,1,2,2,2,1,1,0,0,1,1,1,2,1,1,0,1,0,1,1,0,1,2,0,2,2,1,1,0,2,2,2,1,1,1,0,2,0,1,1,1,0,1,1,1,0,2,0,1,0,0,0,0,1,1,0,2,0,0,2,0,1,2,2,1,1,2,2,1,2,2,0,0,1,2,1,0,0,1,1,1,1,1,1,1,2
02/28/2014,1,1,1,1,0,2,1,1,2,2,1,0,2,2,1,1,2,1,2,1,2,1,0,1,1,1,2,1,1,0,1,1,0,2,0,2,1,0,0,0,1,2,0,2,2,2,0,0,0,2,2,2,0,0,1,1,1,0,1,0,2,2,2,1,1,0,0,0,0,0,2,0,0,2,1,1,2,2,2,2,2,2,0,1,0,2,2,2,1,1,1,0,0,1,1,1,1,2,1,0
03/02/2014,1,2,1,2,0,2,1,1,0,1,1,0,2,2,1,1,1,1,1,2,1,0,0,0,1,1,1,1,0,2,1,1,1,0,0,0,1,0,2,0,1,2,1,2,0,2,1,0,1,2,2,1,1,0,1,1,1,2,1,0,1,1,0,0,1,1,0,0,0,0,0,1,1,1,1,1,1,2,2,2,2,0,1,1,2,2,0,2,1,1,1,2,2,1,1,0,1,1,0,1
03/03/2014,0,1,2,0,2,2,0,1,0,1,1,1,2,2,2,0,1,2,1,1,0,1,1,1,1,1,1,1,1,0,1,0,0,1,0,0,1,1,2,0,1,0,2,2,1,2,1,0,1,0,2,1,1,0,1,1,1,2,0,1,1,1,1,1,0,0,1,0,0,0,1,1,1,1,2,1,0,2,2,2,2,0,1,1,2,0,2,1,0,1,1,1,0,1,1,2,1,1,1,1
03/04/2014,1,2,2,0,0,2,0,1,0,1,1,1,1,2,1,2,0,1,1,2,0,0,1,1,1,1,1,1,2,0,1,1,2,0,1,0,1,1,1,2,0,0,1,2,1,2,1,0,1,2,2,1,1,0,1,1,1,2,1,1,1,0,1,1,1,1,1,0,0,0,1,1,0,1,1,1,1,1,1,2,2,1,1,1,0,1,2,2,1,1,2,1,0,1,1,2,1,0,0,2
03/05/2014,1,1,1,1,2,2,2,1,0,1,1,1,0,2,1,0,2,0,2,1,0,2,1,0,0,1,1,1,2,2,1,1,0,0,1,0,1,1,1,2,0,0,0,2,1,1,1,0,1,0,2,1,1,2,0,1,1,1,0,1,1,1,1,1,1,1,0,0,2,2,1,1,1,2,1,1,0,0,1,2,2,0,2,1,1,1,2,2,2,0,2,0,0,1,0,2,1,0,0,2
03/06/2014,0,1,2,1,0,2,2,0,0,0,0,2,1,2,0,0,1,1,2,2,0,2,1,0,1,1,1,1,2,2,1,0,0,0,1,1,1,1,1,0,0,2,0,1,0,1,0,0,1,0,1,2,1,1,0,0,1,1,0,0,1,1,1,1,0,2,1,0,0,2,0,1,1,1,1,0,0,1,1,2,1,0,2,0,1,1,1,0,2,0,2,1,1,1,2,2,1,2,2,0
03/07/2014,1,2,1,1,1,1,2,1,1,0,0,1,0,2,0,0,1,1,2,0,0,1,1,0,0,2,1,1,2,0,1,2,1,0,1,1,2,1,1,1,0,1,1,1,0,1,0,2,0,0,0,1,2,2,0,0,1,1,2,1,1,1,1,1,1,2,1,0,0,1,0,2,1,1,2,0,2,1,0,0,0,0,1,0,1,1,1,1,2,2,0,2,1,0,2,1,0,2,2,0
03/09/2014,1,2,0,0,1,1,1,1,1,0,0,2,1,1,0,0,1,1,0,0,2,1,1,0,1,2,1,1,2,2,1,1,1,1,2,1,1,0,1,2,0,1,0,1,0,1,1,0,1,0,1,1,1,2,2,0,1,1,0,1,1,2,1,1,1,0,1,1,1,1,0,2,1,2,2,0,2,1,0,2,0,1,1,0,0,0,1,1,1,2,0,2,1,2,0,1,2,0,2,1
03/10/2014,1,2,2,1,2,2,1,1,1,0,1,1,1,2,0,0,1,1,2,0,2,1,0,2,1,2,1,0,1,2,1,2,1,1,1,1,1,2,0,1,1,1,0,1,0,2,1,1,0,0,1,1,1,2,0,0,2,0,1,1,1,1,1,1,0,1,1,1,0,1,0,2,1,0,0,2,2,2,0,2,0,2,1,0,0,0,0,0,1,2,2,2,0,2,0,0,2,0,2,0
03/11/2014,0,2,0,1,1,2,1,0,1,0,1,0,1,1,0,2,1,2,2,0,2,1,0,1,1,2,0,0,2,2,1,0,1,1,1,1,1,2,1,1,1,1,0,0,0,1,2,1,0,1,1,0,0,1,2,1,0,0,2,1,2,1,1,1,0,0,1,1,0,0,0,0,0,1,2,1,2,2,1,1,0,2,0,2,1,2,2,0,2,2,2,2,2,2,2,2,2,2,2,2
03/12/2014,0,2,1,1,1,1,1,2,1,2,1,2,0,1,0,0,1,2,2,0,2,2,0,1,1,0,0,1,2,0,1,1,2,1,1,1,1,2,1,1,0,0,0,1,1,1,2,0,0,1,2,0,1,2,0,1,2,0,2,1,2,1,1,1,2,0,1,1,0,0,1,0,2,1,1,2,1,2,2,2,1,1,1,1,0,1,0,1,1,2,2,2,1,1,1,1,1,1,0,0
03/13/2014,0,0,1,1,0,2,0,2,1,2,0,1,2,1,0,2,1,0,1,1,2,0,1,1,1,2,0,2,0,0,2,2,2,1,0,1,1,2,0,1,1,2,0,0,1,0,2,0,1,1,1,0,0,2,2,1,1,1,1,1,2,1,2,1,0,0,0,2,0,0,1,0,2,2,1,2,1,2,2,2,1,1,0,2,0,2,2,2,2,2,2,2,2,2,2,2,2,0,0,2
03/14/2014,2,0,1,1,0,1,1,2,1,2,1,1,0,1,0,1,1,2,1,1,2,2,1,1,2,0,1,2,1,1,1,1,2,1,0,2,1,1,0,1,1,1,1,1,1,1,2,2,1,1,2,0,0,1,2,1,2,1,1,1,2,1,2,1,2,1,0,0,1,0,2,0,0,2,1,2,1,1,1,1,1,1,0,2,0,2,2,0,2,2,0,1,1,1,2,2,2,0,2,2
03/16/2014,0,0,1,1,1,1,1,0,1,1,1,1,2,1,0,0,0,2,1,1,2,0,1,1,2,0,1,2,1,1,2,1,2,1,0,0,1,0,2,1,1,0,0,1,2,2,0,1,0,1,1,1,2,2,1,0,2,1,1,1,1,0,2,1,1,1,0,0,1,2,1,0,2,2,2,1,0,0,2,1,1,1,0,2,0,2,0,2,2,2,2,0,0,2,2,2,1,2,0,2
03/17/2014,0,0,1,1,1,1,1,2,1,1,0,1,2,1,1,1,0,0,1,1,2,0,1,1,2,0,1,1,1,1,1,1,2,0,0,0,1,1,2,1,1,1,1,1,2,2,0,1,0,1,0,1,2,1,1,1,2,1,1,1,1,2,2,1,1,1,0,1,1,1,0,1,2,2,1,1,0,0,1,1,1,0,2,2,1,1,1,1,1,1,1,1,1,0,2,2,2,0,0,2
03/18/2014,1,0,0,0,1,1,0,2,1,2,1,1,1,1,1,1,0,1,1,1,2,1,2,1,2,1,1,2,1,1,2,1,1,0,1,0,0,1,2,0,1,1,0,1,2,2,1,1,2,1,1,1,2,1,0,2,2,1,1,1,1,1,2,1,1,0,0,1,1,2,0,1,2,1,1,1,2,2,2,1,0,0,2,2,2,1,0,2,2,2,2,1,0,2,2,2,1,0,2,2
03/19/2014,1,0,0,0,1,1,0,0,1,0,0,1,1,1,1,1,2,1,1,1,2,1,2,1,2,1,1,2,1,1,2,0,1,0,1,2,2,0,2,0,0,1,2,1,2,1,1,1,0,1,1,1,2,1,0,0,2,1,1,0,1,1,2,0,1,2,2,2,1,1,0,1,2,1,1,1,0,0,2,1,0,0,1,1,2,1,1,1,1,0,1,0,1,1,1,0,1,1,2,1
03/20/2014,2,1,0,2,1,1,0,0,1,2,1,2,1,1,1,0,2,1,1,1,0,1,1,1,1,1,0,2,1,1,1,0,1,0,1,1,2,0,1,0,0,1,0,1,2,1,0,1,0,1,1,1,2,1,0,2,2,0,1,0,0,1,1,0,1,1,1,2,1,1,2,0,1,2,1,1,1,1,0,1,2,2,2,2,2,0,0,1,2,0,1,1,2,1,2,0,1,0,1,1
03/21/2014,1,1,0,0,1,2,0,0,1,1,1,2,0,1,1,0,2,1,1,1,1,1,1,1,1,1,0,2,2,1,1,0,1,0,0,1,2,1,1,2,2,2,1,1,2,1,1,1,1,1,1,1,2,1,0,0,2,0,0,0,0,2,1,1,1,0,1,0,1,0,0,1,0,2,2,0,2,2,2,0,2,0,2,1,2,2,2,2,2,2,2,0,0,1,0,2,0,0,0,0
03/23/2014,1,1,1,2,1,1,2,0,1,1,1,2,2,1,1,0,2,0,1,2,1,2,1,0,1,1,1,2,1,2,1,0,1,2,1,0,1,1,1,2,2,2,1,1,2,0,1,1,0,1,0,2,2,0,1,1,2,0,1,0,0,1,1,0,1,1,1,0,1,0,2,1,2,2,0,0,1,1,1,2,2,2,1,0,2,0,0,2,2,2,0,2,1,1,2,0,0,1,1,2
03/24/2014,1,1,0,0,1,2,1,1,0,2,1,2,2,1,0,1,2,0,1,2,0,2,0,1,1,0,1,1,1,2,2,1,1,0,1,2,1,0,0,2,2,2,2,1,0,1,1,1,0,1,1,2,1,0,1,1,2,0,1,0,0,1,1,0,0,1,2,1,1,2,0,1,1,0,0,0,1,1,1,2,2,1,1,0,1,0,1,0,2,1,1,2,2,1,2,1,0,1,1,2
03/25/2014,1,1,2,0,2,2,1,1,0,1,1,1,0,0,1,1,0,0,1,2,0,2,0,1,1,0,1,1,1,2,1,1,1,1,2,1,1,1,0,2,1,1,2,0,0,0,1,1,0,1,1,0,1,0,1,1,1,0,1,1,0,0,1,1,0,0,2,0,1,1,2,2,2,2,1,0,2,2,2,2,2,1,2,0,2,0,2,0,2,2,2,2,2,2,2,1,2,2,0,2
03/26/2014,2,1,2,1,0,1,1,1,0,1,1,1,0,1,1,1,2,1,0,2,1,0,0,1,1,0,1,1,1,2,1,1,1,2,2,1,1,1,2,2,2,1,2,2,1,1,1,1,0,2,0,0,1,0,1,1,0,0,1,1,0,0,1,1,0,0,0,1,0,1,2,1,2,0,1,0,1,2,2,2,1,1,1,0,0,0,2,1,1,2,2,2,2,2,2,2,2,2,2,2
03/27/2014,0,1,2,1,2,1,2,1,0,1,1,1,0,2,1,1,2,1,2,2,1,0,1,0,0,0,1,1,1,2,0,1,0,1,2,1,1,1,1,0,2,1,2,1,0,0,1,1,0,2,0,2,1,0,1,1,0,0,1,1,1,0,2,1,2,0,2,1,1,1,2,0,2,1,0,0,1,2,2,1,0,1,0,0,2,2,2,2,0,2,2,1,2,2,2,2,1,2,2,0
03/28/2014,2,1,2,1,2,1,2,1,0,0,1,1,0,1,1,2,1,1,2,2,1,1,1,0,0,2,1,2,1,2,0,1,0,1,2,1,1,1,0,0,2,1,1,1,2,0,0,1,1,2,2,0,1,1,1,2,0,1,0,1,1,1,1,1,0,0,2,1,1,0,2,0,2,1,0,0,0,2,2,2,2,2,0,2,0,1,2,2,2,2,2,1,2,2,0,2,2,2,2,0
03/30/2014,0,0,2,1,2,1,2,1,0,0,1,1,0,2,2,1,1,1,1,2,1,1,1,0,0,2,1,0,1,1,1,1,0,1,2,1,0,1,1,1,2,1,2,1,1,2,2,2,1,2,2,0,0,1,1,2,0,1,2,1,1,0,1,1,2,0,1,1,2,0,0,0,2,1,0,0,0,1,1,1,1,0,1,1,0,2,2,2,2,2,2,1,2,2,0,0,0,2,2,0
03/31/2014,1,0,1,1,2,1,0,1,1,0,0,1,1,0,0,1,1,1,1,2,1,1,0,0,0,2,2,2,2,1,0,1,0,1,2,1,0,2,1,1,2,1,0,0,1,1,2,2,1,2,2,1,0,1,1,0,0,1,2,1,1,0,1,2,2,1,0,1,2,0,0,0,0,0,0,1,0,1,2,1,1,1,1,1,1,1,1,1,0,2,1,1,1,1,1,1,0,0,1,2
04/01/2014,1,0,0,0,2,1,0,1,1,1,1,1,0,0,0,1,1,1,1,2,1,1,0,0,1,2,1,2,2,1,1,1,0,1,0,1,0,1,1,1,0,0,1,1,1,1,2,2,1,2,2,1,0,1,0,0,1,1,2,1,1,0,1,2,1,1,0,1,1,0,2,2,0,0,2,1,0,1,2,1,0,1,1,1,2,1,2,1,0,1,1,1,0,2,1,1,0,2,1,2
04/02/2014,1,0,0,0,2,1,1,1,1,1,1,0,1,2,0,0,0,1,1,2,2,2,0,0,2,1,1,2,2,1,1,0,1,1,0,0,0,1,1,1,0,0,1,1,0,1,2,2,1,0,0,2,0,1,2,0,1,1,2,0,1,0,1,0,1,1,1,2,2,2,1,2,1,0,2,1,0,1,2,0,0,0,0,1,0,0,2,0,2,2,2,0,0,0,0,0,0,0,1,2
04/03/2014,1,0,1,0,1,1,0,1,1,1,1,0,1,0,1,0,0,1,1,1,1,1,0,1,2,1,2,1,0,1,1,0,1,0,1,2,1,1,1,1,0,1,1,2,0,2,1,2,1,1,1,1,2,0,1,0,1,0,1,0,1,0,1,1,1,1,2,1,2,1,1,1,1,0,1,1,2,2,0,2,0,1,1,1,0,1,2,1,1,1,1,0,2,1,1,1,1,1,1,1
04/04/2014,1,1,1,1,1,0,1,1,1,1,0,1,1,2,1,0,0,2,1,1,0,1,2,1,2,1,2,1,2,1,1,0,1,0,0,2,1,1,2,0,2,2,0,1,0,2,2,1,1,0,1,2,0,0,1,0,1,0,1,0,2,1,1,2,1,1,1,1,2,1,0,1,1,2,2,1,1,2,0,1,2,0,0,2,0,0,1,0,1,2,2,2,1,1,0,2,1,2,0,0
04/06/2014,2,0,1,0,1,0,1,1,2,0,1,0,2,1,1,1,2,1,1,1,0,1,0,0,2,1,2,1,2,1,1,0,0,0,1,1,1,1,1,0,0,0,2,1,2,2,0,1,0,2,1,0,2,0,1,2,1,0,1,2,1,1,1,0,0,0,1,0,2,1,0,1,1,1,1,2,1,1,0,1,0,0,2,2,0,1,2,1,1,0,0,2,2,1,2,2,0,0,0,0
04/07/2014,2,1,1,2,0,0,0,1,2,1,1,2,2,1,1,2,0,0,1,0,2,2,1,1,1,0,2,0,2,2,2,0,0,1,0,1,1,1,0,0,1,2,1,1,2,2,2,1,0,1,1,1,2,2,0,2,1,1,1,1,1,1,1,1,0,0,1,1,1,1,0,1,1,1,1,2,1,1,1,1,1,1,1,0,1,0,1,2,1,1,1,1,2,1,1,1,1,1,0,1
04/08/2014,0,1,1,0,1,1,1,1,2,1,1,1,2,1,1,1,2,0,1,1,2,2,1,1,1,1,0,0,2,0,1,2,0,1,2,1,1,0,1,0,1,2,1,0,2,2,2,1,0,0,1,0,2,2,0,1,0,1,1,2,1,1,1,1,0,2,0,0,1,1,0,1,0,0,2,2,1,1,1,1,2,1,1,0,2,0,1,2,1,0,0,1,1,1,2,1,1,0,2,0
04/09/2014,0,1,2,1,1,1,1,1,2,0,2,1,2,1,0,1,2,1,1,1,2,2,0,1,1,1,2,1,1,2,2,1,0,1,1,1,0,1,1,0,2,2,0,2,2,2,2,1,0,1,1,0,2,2,0,1,2,1,1,1,1,1,1,0,1,2,0,0,1,1,0,0,0,1,2,2,1,1,2,1,1,1,1,1,1,1,1,1,1,1,1,1,1,2,1,1,1,1,0,1
04/10/2014,0,1,1,1,1,1,1,1,0,0,1,1,0,1,0,1,1,1,1,0,2,2,1,1,1,1,2,0,1,2,2,0,0,1,0,1,0,0,1,0,2,2,0,2,1,2,2,0,0,1,0,1,2,2,2,1,1,1,1,2,1,0,1,1,1,1,2,0,0,1,0,0,0,0,0,0,2,2,1,1,2,0,1,1,2,0,1,2,2,2,0,2,1,2,2,0,0,2,0,2
04/11/2014,0,1,2,1,1,1,1,1,1,0,0,1,0,1,0,1,1,0,1,0,1,2,1,0,0,0,1,0,1,2,2,1,1,2,0,1,0,1,1,1,0,2,2,2,1,2,0,1,1,1,0,1,2,2,1,1,1,1,0,2,0,0,1,0,2,2,1,1,0,1,0,1,2,1,2,1,1,1,1,1,2,1,1,1,1,0,1,1,0,1,1,1,1,1,1,1,1,1,1,1
04/13/2014,0,1,2,1,0,1,1,1,1,2,0,1,0,1,1,1,1,1,2,0,2,1,1,0,0,0,1,0,1,2,2,1,2,2,0,1,0,1,1,1,2,0,0,2,1,2,0,1,1,1,0,1,2,2,1,1,1,1,0,2,0,0,1,2,1,1,1,1,1,1,1,1,2,0,1,1,2,1,0,0,2,0,0,1,1,1,1,1,1,0,1,0,0,2,0,0,1,1,0,0
04/14/2014,0,1,2,1,0,1,1,1,1,1,0,1,1,0,1,0,1,0,0,0,1,1,0,0,0,0,2,1,1,2,0,1,1,2,2,0,0,1,0,1,1,2,2,2,0,0,0,2,1,1,1,2,0,0,1,0,0,0,0,2,2,0,1,2,2,0,1,1,2,1,1,1,2,1,2,1,1,1,2,2,2,2,0,0,2,0,0,1,1,2,1,1,0,2,1,1,1,1,1,0
04/15/2014,0,1,2,2,1,1,1,1,1,1,1,1,1,1,1,0,1,0,0,1,1,1,2,0,0,1,1,1,2,2,0,0,2,2,2,0,1,1,1,0,1,0,2,1,0,1,1,2,2,1,0,2,0,2,1,0,1,1,0,2,2,0,1,2,2,1,1,0,1,0,1,0,1,0,1,1,2,1,1,2,1,0,1,2,2,1,1,1,1,0,1,1,0,2,1,1,0,1,1,1
04/16/2014,0,2,2,1,0,2,1,1,1,1,1,1,1,2,1,0,1,0,1,0,1,1,0,0,1,0,0,1,2,1,0,0,2,1,2,0,2,0,2,1,1,1,2,1,2,1,1,2,2,0,2,2,0,1,1,0,1,0,2,1,2,1,0,2,2,0,1,0,1,0,1,1,1,2,0,0,0,2,1,1,1,0,1,2,2,1,1,2,0,2,2,1,1,2,0,2,0,0,2,2
04/17/2014,2,2,2,1,1,1,0,1,0,1,2,0,1,2,2,0,0,2,1,2,0,0,2,1,1,1,0,1,2,1,1,0,2,2,2,1,1,1,1,1,1,1,1,0,1,1,0,2,2,0,0,2,0,1,1,0,0,1,2,2,2,1,2,2,2,0,1,0,1,0,1,1,2,1,1,0,0,1,1,1,1,1,1,2,1,1,1,2,1,1,1,1,1,1,1,1,1,1,0,1
04/20/2014,1,2,2,1,1,2,0,1,0,1,1,0,1,2,1,0,0,0,1,1,0,0,1,0,0,1,0,1,2,1,1,0,2,0,2,1,1,1,1,1,1,1,1,1,1,1,1,1,0,0,2,2,0,1,1,2,2,0,2,1,1,1,2,2,2,0,0,1,0,1,2,0,1,2,0,2,0,2,1,1,2,2,1,2,0,1,0,2,2,1,2,1,1,1,0,1,0,2,0,0
04/21/2014,1,2,2,1,1,1,0,1,0,2,2,0,1,2,1,0,0,0,1,0,0,2,1,1,2,1,0,1,2,1,0,0,1,1,2,2,1,1,1,1,1,1,1,1,1,2,1,1,0,0,1,0,0,1,1,0,0,1,2,2,0,2,1,2,0,0,0,2,0,0,2,2,2,1,0,2,0,1,0,1,2,2,2,1,0,2,2,2,2,2,2,0,2,2,2,2,2,2,2,2
04/22/2014,2,2,0,0,1,0,0,1,0,2,2,0,0,2,1,2,0,0,1,1,1,0,1,1,2,1,1,1,0,1,2,2,1,1,1,2,0,1,2,1,1,1,1,1,0,0,0,1,1,2,1,0,0,0,2,1,0,0,0,1,0,2,1,2,2,1,0,0,0,1,2,1,2,1,0,2,2,0,1,1,2,2,2,1,0,2,2,0,2,2,1,0,0,2,0,2,2,2,0,0
04/23/2014,2,2,2,0,1,0,0,0,1,2,2,2,0,1,0,1,0,2,1,2,1,0,1,1,2,0,1,2,1,2,1,2,1,1,1,2,1,1,2,1,1,1,1,1,0,0,0,1,1,0,0,1,1,0,2,1,2,1,1,1,1,2,1,1,0,1,1,2,0,0,2,2,2,1,2,2,2,2,2,2,0,2,2,1,2,2,2,2,1,2,0,0,0,2,0,2,2,0,0,0
04/24/2014,1,2,1,0,1,0,1,0,1,0,2,2,2,1,1,1,1,2,2,1,1,0,1,1,2,0,1,2,2,1,1,2,1,2,1,1,1,1,2,1,1,1,1,1,2,0,0,0,1,2,1,1,0,1,1,1,1,1,0,1,1,2,1,1,1,1,1,2,0,0,2,1,1,2,2,1,2,2,2,0,2,2,2,0,1,2,2,1,1,1,2,2,0,0,1,1,1,1,1,2
04/25/2014,2,1,1,0,0,0,1,2,1,0,2,1,0,0,1,0,2,2,2,2,1,2,1,1,2,0,1,0,1,1,1,2,1,1,1,2,0,1,2,0,1,1,1,1,2,1,0,2,1,1,1,1,1,1,1,1,1,0,2,0,2,2,1,1,1,2,1,2,1,0,1,1,0,0,2,1,2,2,2,2,2,2,0,0,2,0,1,1,1,0,2,2,0,0,0,1,2,0,2,0
04/27/2014,2,1,1,2,0,0,1,2,1,0,1,1,0,1,1,1,2,2,2,0,1,2,1,1,0,0,1,0,1,0,0,1,1,1,0,1,1,1,2,0,2,1,2,1,2,1,2,0,1,1,0,1,1,1,1,1,1,2,0,1,1,0,1,1,1,1,1,2,0,0,1,1,1,0,1,2,2,2,2,2,2,0,0,0,2,1,2,0,0,2,2,2,2,0,0,0,2,0,2,2
04/28/2014,2,1,1,1,0,1,1,2,1,0,1,0,1,0,1,1,2,2,2,0,2,2,1,1,0,0,1,2,1,1,0,2,0,1,2,1,0,1,0,1,2,0,0,1,2,0,0,0,1,2,1,0,1,1,1,1,1,0,1,0,1,1,1,0,0,0,0,1,1,0,1,1,0,2,1,0,0,1,2,0,0,0,0,2,2,2,2,2,2,2,2,2,2,2,2,1,0,2,2,1
04/29/2014,0,1,1,1,0,1,2,2,1,1,1,1,2,0,0,2,2,2,0,2,1,2,1,0,0,0,1,0,0,2,2,1,0,1,0,1,1,2,0,0,2,1,0,1,2,1,2,0,1,0,1,0,1,1,1,1,1,2,0,0,2,1,1,0,1,1,2,0,1,0,1,1,1,0,1,1,2,1,1,1,2,1,1,2,2,0,0,2,2,2,2,1,2,2,2,0,0,2,0,2
04/30/2014,0,1,1,1,2,1,2,1,0,1,1,0,1,0,0,2,2,2,0,0,1,2,2,0,0,1,2,0,1,1,2,0,2,1,0,1,1,2,1,0,2,2,0,1,2,0,2,1,1,2,1,0,1,1,1,0,1,0,0,0,1,1,0,0,0,1,1,0,2,1,1,1,1,1,1,1,1,1,1,1,2,1,2,1,2,1,0,2,2,2,1,1,2,2,0,2,0,2,0,1
05/01/2014,0,0,0,1,1,2,2,2,0,1,0,1,1,1,0,2,2,0,1,0,2,2,1,2,0,1,2,1,1,1,2,1,0,0,0,1,0,0,1,0,2,2,1,1,2,0,0,2,1,0,1,0,1,1,1,1,1,0,2,1,0,1,2,0,0,0,0,0,1,1,0,0,0,1,0,0,1,2,1,1,1,1,0,0,1,1,0,0,2,2,2,0,1,2,1,0,2,1,1,1
05/02/2014,0,1,0,1,1,2,2,2,0,1,0,2,1,1,0,1,2,1,1,0,0,2,1,0,0,1,2,1,1,1,1,1,0,0,0,1,1,2,2,1,2,2,1,1,2,2,1,1,1,0,1,0,1,1,1,0,1,0,1,1,1,1,0,1,2,0,1,0,2,1,1,0,1,1,0,1,1,2,1,1,1,0,2,2,1,0,0,0,2,1,1,0,2,0,1,2,2,0,1,0
05/04/2014,1,1,1,1,1,1,1,1,1,1,0,1,2,2,1,1,1,1,1,1,0,1,1,0,1,0,2,1,1,1,1,1,2,2,0,1,2,2,1,1,0,1,1,1,1,2,1,1,1,0,0,1,1,0,1,2,1,0,1,1,0,1,2,1,2,0,1,1,1,1,1,0,1,1,0,0,2,2,1,2,1,0,2,2,1,0,1,0,1,2,1,0,1,1,1,2,1,2,2,1
05/05/2014,1,1,1,1,1,1,1,0,1,0,1,0,0,1,1,1,0,1,1,0,2,1,0,0,1,1,1,1,1,1,1,1,1,2,1,1,2,2,1,1,0,1,1,1,2,2,1,2,2,0,1,1,1,1,1,0,0,1,2,2,0,2,1,1,2,0,2,1,1,1,1,0,1,1,2,0,2,2,1,2,1,1,2,2,1,0,1,2,1,2,1,1,2,1,2,2,0,1,0,2
05/06/2014,1,1,1,0,1,1,1,0,1,1,1,2,1,1,1,1,0,1,1,1,0,1,1,1,1,1,0,1,2,1,1,1,1,2,1,1,2,1,0,1,2,1,1,1,2,2,1,2,1,1,2,1,1,1,0,2,0,1,0,2,0,1,1,1,1,1,1,2,0,1,0,2,1,2,2,1,2,2,1,2,1,0,1,2,0,0,1,1,1,2,1,0,2,1,2,0,1,1,2,2
05/07/2014,1,1,1,0,1,1,2,1,1,1,1,0,1,1,1,1,1,1,0,1,1,1,1,1,1,1,0,1,2,1,1,1,1,1,1,1,0,1,1,1,0,1,1,2,2,2,0,2,1,1,1,1,1,0,0,2,1,1,1,2,0,0,1,1,1,1,1,0,1,0,0,1,0,0,1,1,1,1,0,2,1,1,1,1,1,1,2,1,1,1,0,0,1,2,1,1,1,1,2,1
05/08/2014,1,2,1,0,1,0,1,1,2,1,1,1,1,1,1,1,1,1,1,2,1,1,1,1,1,1,0,1,2,1,1,1,1,0,1,1,0,1,2,1,0,1,1,2,0,2,1,2,0,1,0,1,1,0,0,2,1,1,1,0,0,0,0,1,1,1,0,0,1,0,0,1,0,0,0,2,1,1,0,1,2,1,1,1,0,1,2,0,1,1,2,1,1,1,0,1,0,2,2,1
05/09/2014,0,2,1,0,1,1,2,1,1,2,1,1,0,0,1,1,1,0,1,2,1,1,1,0,1,1,1,0,2,1,0,1,2,2,1,1,0,1,2,1,1,1,1,2,0,2,0,2,0,1,0,1,0,2,0,0,1,1,1,0,1,0,0,0,1,1,0,1,2,0,0,1,0,1,2,2,2,1,1,1,1,2,2,1,1,1,2,1,1,1,2,1,1,1,0,0,2,2,1,1
05/11/2014,1,0,0,0,0,1,2,1,1,1,0,1,1,0,1,0,2,0,1,2,1,1,1,1,1,1,1,2,2,2,0,0,0,1,2,0,0,0,2,1,1,1,1,1,0,2,1,1,0,1,0,1,0,2,0,1,1,2,2,0,2,1,0,0,0,1,0,2,0,0,0,1,0,1,1,2,1,1,1,1,1,2,1,0,1,2,1,0,0,1,1,1,1,1,1,1,0,2,1,2
05/12/2014,1,2,2,0,0,1,2,1,0,1,0,1,1,0,2,0,0,0,2,2,1,1,2,1,0,2,1,0,1,1,0,0,0,2,1,1,1,0,2,1,2,2,1,2,1,1,1,1,1,2,0,0,0,2,1,1,1,1,0,0,1,1,0,0,1,1,0,2,0,0,0,2,0,1,2,2,0,0,0,0,2,2,2,0,1,2,1,2,1,2,1,2,2,2,2,2,2,2,0,2
05/13/2014,1,0,1,0,2,1,0,1,0,1,0,1,2,1,1,0,1,2,2,0,1,1,1,1,1,2,1,2,1,0,0,0,2,1,1,1,2,0,2,1,1,2,1,1,0,0,1,0,1,2,0,0,0,2,1,1,1,2,0,0,1,1,1,1,1,1,0,1,2,0,0,1,0,1,2,1,2,2,1,2,2,1,2,0,2,2,0,1,2,2,1,1,2,2,2,2,2,2,0,2
05/14/2014,1,2,1,0,1,1,2,1,0,0,0,2,1,1,1,0,1,2,2,0,1,2,0,1,0,0,2,0,2,0,0,0,0,1,1,1,1,0,1,0,2,2,2,0,0,1,2,1,1,2,1,0,2,2,0,0,1,2,0,0,1,2,1,0,0,1,0,1,1,0,0,1,0,2,0,0,0,2,1,2,1,0,2,2,1,0,0,1,0,2,1,1,2,1,1,0,0,2,1,2
05/15/2014,1,1,1,1,2,1,2,1,1,1,1,2,1,1,1,0,1,2,2,1,1,2,1,1,0,1,2,2,1,0,0,1,0,2,1,1,0,1,1,0,2,0,0,1,1,1,2,1,1,2,1,0,1,1,1,0,1,2,0,0,1,2,1,0,1,1,0,1,1,1,0,1,1,1,0,1,2,2,2,2,1,2,2,0,1,1,0,1,0,2,2,1,2,1,1,0,1,0,0,1
05/16/2014,1,1,0,2,0,1,0,0,1,1,1,0,1,1,2,1,1,2,2,1,0,0,2,2,0,0,0,1,1,2,1,1,1,1,1,0,1,2,1,0,1,0,2,1,1,0,1,1,0,2,2,1,2,0,1,0,1,1,1,1,1,2,1,0,1,2,0,1,1,0,2,0,1,1,1,0,1,2,2,2,0,0,2,2,0,0,0,1,2,1,2,1,1,0,0,0,1,1,0,1
05/18/2014,1,1,0,2,1,1,1,0,1,0,0,0,2,1,1,2,1,2,2,1,0,2,2,2,1,1,2,1,1,0,0,1,1,0,2,2,1,2,1,0,2,1,2,1,1,0,2,1,2,1,1,1,1,1,1,0,1,0,0,2,1,0,1,2,1,0,1,1,1,1,0,0,1,1,1,0,1,1,2,2,0,1,2,2,2,0,2,0,2,2,2,1,2,2,1,0,2,2,2,2
05/19/2014,0,1,1,2,0,1,1,0,1,0,0,0,1,1,1,1,1,2,2,2,0,2,0,2,1,0,2,1,1,0,0,1,1,2,1,2,1,1,0,0,1,2,2,1,2,1,2,0,2,2,1,1,1,1,1,1,1,1,0,1,0,2,0,1,2,0,2,0,1,1,2,0,0,1,0,0,1,1,2,2,0,1,2,0,1,2,1,2,2,2,2,2,2,2,0,0,2,2,2,0
05/20/2014,0,2,0,2,1,0,1,1,1,0,2,1,1,1,1,1,1,2,2,1,0,1,0,2,2,0,2,1,2,2,1,1,1,0,2,2,1,2,1,2,1,1,1,1,2,1,0,0,2,1,1,1,1,1,0,1,1,1,1,1,2,2,0,1,2,2,0,1,1,1,1,1,1,0,2,0,1,1,1,0,0,1,1,1,1,0,1,1,1,2,1,1,0,1,1,1,2,1,0,0
05/21/2014,0,1,0,1,1,0,1,0,1,1,0,1,1,1,1,1,0,1,1,1,0,2,0,2,1,1,1,1,1,1,1,1,2,0,1,1,0,2,1,1,1,2,1,1,0,1,0,1,1,1,2,2,1,1,1,1,1,1,1,1,1,1,0,2,0,0,2,2,1,1,1,0,1,0,1,0,1,1,1,1,0,1,1,1,0,2,0,1,1,2,1,1,2,2,2,1,2,0,1,1
05/22/2014,2,1,0,1,1,1,1,1,1,1,2,1,2,2,1,2,1,1,0,1,1,2,0,2,1,0,2,1,1,1,1,2,2,0,0,2,0,2,1,2,1,1,1,1,2,1,0,1,1,1,1,2,1,0,1,1,0,1,1,1,1,1,0,2,0,2,2,1,2,0,1,1,0,1,2,2,1,2,2,2,0,2,2,2,1,1,2,0,0,2,1,2,1,2,2,0,2,0,0,2
05/23/2014,1,1,1,1,2,2,1,1,1,1,2,1,1,2,0,2,0,1,0,1,1,1,0,2,1,2,1,1,1,0,1,2,2,1,0,0,0,0,1,0,1,1,1,2,1,0,0,1,1,1,1,1,1,1,1,1,0,0,1,0,1,1,2,0,0,1,0,0,0,0,1,1,2,1,2,1,0,1,2,2,0,0,2,2,0,1,0,0,0,2,1,0,0,0,2,1,0,0,1,2
05/25/2014,1,1,1,1,1,2,2,1,0,1,2,0,1,0,0,1,0,0,0,1,1,1,1,0,1,0,1,1,1,1,1,2,0,1,0,0,0,1,0,1,1,1,0,2,1,0,1,1,1,1,1,2,1,0,1,0,0,0,1,1,1,1,1,2,0,2,2,0,0,0,1,1,1,1,2,1,0,2,2,2,2,1,2,2,0,1,0,0,1,1,2,0,0,0,1,0,0,0,1,1
05/26/2014,1,0,1,1,0,1,2,1,0,0,1,1,1,2,0,2,0,1,0,1,1,1,1,0,1,0,1,1,1,1,1,2,0,2,0,0,2,0,0,0,1,2,0,1,0,0,1,1,0,0,1,2,0,0,0,1,0,0,1,0,1,1,1,2,0,2,2,0,0,0,0,2,0,1,2,1,0,2,2,2,2,0,2,2,2,2,1,0,0,1,2,0,0,0,1,0,0,0,2,1
05/27/2014,1,0,1,0,2,1,2,0,0,0,2,0,1,1,0,1,0,1,0,1,2,1,1,1,2,0,0,1,2,1,1,1,2,1,1,0,0,0,2,0,1,0,0,1,0,0,0,1,0,1,1,2,0,0,0,1,1,1,1,0,1,1,1,2,1,2,1,2,0,0,0,2,2,1,2,1,2,1,2,2,2,1,0,1,1,2,0,2,0,0,0,1,1,2,1,1,0,1,0,1
05/28/2014,1,2,1,0,2,2,1,0,1,1,0,2,1,1,1,1,1,1,0,2,2,1,1,1,1,2,1,1,1,2,0,0,1,1,0,0,2,1,2,1,0,1,1,1,0,1,1,1,1,0,1,2,0,2,0,0,1,1,2,1,1,1,1,0,1,2,1,2,1,0,1,2,2,0,2,1,2,0,2,1,2,0,2,1,2,2,1,2,2,1,0,1,0,2,2,1,2,1,0,0
05/29/2014,1,0,0,0,0,1,1,1,1,1,1,2,1,1,1,1,1,1,1,0,2,1,1,1,1,1,2,1,1,2,1,1,1,1,1,0,2,1,2,1,0,1,1,1,1,2,1,0,1,1,2,1,0,0,0,0,1,1,2,0,1,1,1,0,1,1,1,2,2,0,2,1,2,0,1,2,2,1,1,2,1,0,1,1,2,2,1,1,2,2,1,1,1,0,2,1,2,1,0,2
05/30/2014,1,2,0,0,0,1,1,1,1,1,1,2,0,0,0,1,1,1,0,2,1,1,0,1,1,1,1,1,1,2,1,1,1,0,1,1,2,2,2,2,0,0,0,1,0,1,2,0,1,1,0,1,0,1,2,0,1,1,2,1,0,0,1,0,2,0,1,1,2,1,2,0,2,0,2,2,2,2,2,2,0,2,1,2,1,2,2,0,2,2,1,2,2,2,2,0,2,0,2,0
06/01/2014,0,2,2,0,0,1,1,0,1,1,1,2,0,0,1,1,1,1,2,2,1,1,2,0,1,1,1,1,0,1,0,1,1,0,1,1,1,1,1,1,2,1,0,1,2,1,1,0,2,1,2,2,0,1,0,1,1,1,2,2,0,0,2,0,2,0,1,1,1,1,2,1,2,1,2,2,1,2,1,2,0,2,1,1,1,2,1,2,0,2,1,0,2,2,2,2,0,2,1,2
06/02/2014,1,2,0,0,1,0,0,1,1,1,1,1,0,0,1,1,1,1,0,1,0,1,2,0,1,1,1,1,1,0,2,0,1,2,2,1,1,1,0,1,2,1,1,0,1,2,1,2,1,1,2,2,0,1,2,0,1,1,0,1,0,0,1,1,2,0,0,1,2,1,2,1,2,1,2,0,1,2,2,0,0,2,1,2,1,0,1,1,1,0,2,2,2,2,2,0,2,2,2,2
06/03/2014,2,2,0,2,1,1,2,1,1,2,2,1,0,0,1,1,1,0,0,2,1,0,2,0,1,0,1,2,1,0,1,2,1,2,2,1,0,0,0,1,0,0,1,1,2,1,1,0,0,0,2,0,1,2,2,2,1,1,0,2,0,1,0,1,2,0,0,1,1,0,2,0,2,1,2,1,1,2,0,0,0,1,0,0,2,2,2,2,1,1,2,2,2,1,2,0,2,2,2,2
06/04/2014,2,2,1,2,1,1,2,1,2,0,1,1,0,1,1,1,0,0,1,0,0,2,2,0,2,2,1,0,0,1,1,0,1,2,2,2,0,0,1,1,0,1,1,1,2,1,1,2,2,1,2,1,1,1,1,2,2,0,0,2,0,1,0,1,2,0,0,1,1,1,1,0,2,1,1,1,2,2,0,0,1,1,0,0,2,0,2,2,2,1,2,2,0,1,2,0,0,2,1,0
06/05/2014,1,1,1,1,1,1,2,1,0,0,1,1,1,1,1,1,0,2,2,1,0,2,2,0,1,2,2,2,0,1,1,0,1,2,2,1,0,0,1,1,1,2,1,1,2,0,0,2,0,1,2,0,1,1,1,0,0,1,0,2,1,1,0,1,2,2,0,1,0,1,1,0,1,1,1,1,2,2,0,0,0,0,2,0,2,1,0,1,1,1,2,1,0,0,0,1,0,1,0,2
06/06/2014,2,1,1,0,1,1,2,0,0,0,1,1,1,1,1,1,0,2,1,1,0,1,2,0,0,2,2,0,1,0,2,1,0,2,2,0,0,0,1,1,1,2,1,1,2,0,2,1,1,1,1,1,2,1,1,2,0,1,1,0,1,1,2,1,1,0,1,0,0,1,0,0,1,0,1,1,0,1,0,2,2,1,2,1,2,2,1,2,2,2,2,1,0,2,0,0,2,0,1,0
06/08/2014,2,1,1,1,0,1,0,0,0,0,2,0,1,1,1,0,1,2,0,1,0,2,1,0,1,2,2,1,2,1,2,2,1,2,2,0,1,1,1,1,1,1,1,1,1,0,2,2,1,1,1,1,1,0,1,0,0,1,1,2,2,1,1,0,1,0,1,0,0,1,0,2,1,0,1,1,0,1,1,2,2,0,1,0,0,2,1,2,2,2,2,1,0,2,0,2,0,0,0,0
06/09/2014,0,1,0,1,1,1,1,0,1,1,0,0,1,0,1,0,1,1,0,1,0,2,1,0,0,2,2,1,1,1,2,2,2,2,0,0,1,1,1,1,1,2,0,1,1,2,2,2,1,1,1,1,1,2,1,2,0,0,1,1,0,1,1,0,1,1,2,0,1,2,0,1,1,1,1,0,0,1,1,2,2,0,1,2,0,0,0,1,2,2,1,1,2,0,2,2,0,0,2,1
06/10/2014,2,2,1,1,0,1,1,1,2,1,0,1,1,1,0,2,1,1,0,1,0,0,1,1,1,2,2,2,1,1,0,2,1,2,1,0,1,0,1,1,1,1,2,1,1,2,2,0,1,2,1,1,0,2,1,2,2,0,2,1,1,1,1,2,1,2,1,1,1,1,0,1,1,1,0,0,1,1,1,2,1,2,1,1,1,0,1,1,1,2,1,1,1,1,1,1,0,0,2,1
06/11/2014,2,2,1,1,0,2,1,1,1,1,2,1,2,2,0,0,1,1,0,1,1,0,0,2,1,1,2,2,0,1,1,2,2,1,0,0,1,1,1,0,1,1,2,1,0,2,1,0,1,2,1,1,0,2,2,0,2,2,1,2,1,1,1,2,1,2,1,2,1,2,0,1,0,2,0,0,1,1,2,1,1,2,2,2,1,2,2,1,2,2,2,1,2,2,2,0,0,0,0,0
06/12/2014,2,2,1,1,1,2,1,1,2,1,0,1,2,1,0,1,1,1,0,0,1,0,0,1,1,2,2,2,2,2,1,2,1,1,0,1,1,1,1,0,1,1,2,1,0,2,1,1,1,2,1,1,0,2,0,0,2,2,1,0,1,1,1,1,0,2,1,1,2,1,1,0,0,0,1,0,1,2,2,2,1,1,0,2,1,2,0,1,1,1,1,1,0,2,1,0,1,0,0,1
06/13/2014,0,2,1,1,2,2,1,1,1,0,0,1,2,2,1,1,1,1,0,0,1,1,0,1,1,2,2,2,2,1,1,2,1,1,0,1,1,1,1,0,2,1,1,2,0,2,1,0,1,1,1,2,2,1,0,0,1,1,1,1,1,1,1,2,0,2,1,1,1,0,0,2,0,0,1,1,1,2,2,0,0,2,2,0,2,2,2,0,2,1,1,1,2,0,2,0,1,2,0,0
06/15/2014,0,2,0,1,1,2,0,1,0,1,0,1,1,2,1,1,0,0,0,0,1,0,0,1,1,2,2,2,2,2,1,2,1,1,2,0,1,1,2,0,2,1,1,0,2,1,2,1,1,1,0,1,2,0,1,0,1,2,1,0,1,1,2,2,0,2,1,0,1,0,1,2,0,0,1,1,2,0,1,1,0,2,0,2,2,1,1,2,2,0,1,1,2,2,1,0,1,1,2,1
06/16/2014,0,2,2,2,1,2,1,1,0,1,1,1,1,2,1,1,0,0,2,0,1,2,1,1,0,1,2,2,2,2,1,2,1,0,1,0,1,1,2,0,2,0,2,0,1,1,2,1,1,0,0,1,2,1,0,1,0,1,1,2,1,1,0,2,0,2,1,0,0,0,1,2,2,1,1,2,2,2,1,1,0,2,0,1,2,2,1,1,0,0,2,0,0,2,2,0,2,0,0,2
06/17/2014,0,2,2,2,1,2,1,1,1,2,1,1,1,2,1,2,0,0,2,1,1,0,1,2,0,1,2,0,0,0,1,2,1,0,2,0,2,2,0,1,2,0,2,1,1,1,2,1,1,1,0,2,2,1,0,1,1,1,1,1,0,1,1,1,0,0,1,1,1,1,1,0,2,1,1,2,2,1,0,1,0,1,0,1,2,1,1,0,1,0,2,1,1,1,1,0,2,0,1,1
06/18/2014,1,1,2,2,1,2,2,2,1,2,1,1,0,2,1,2,2,0,2,1,1,1,1,2,0,2,2,0,1,2,1,0,1,0,1,0,2,0,0,2,2,0,2,0,1,1,2,0,1,1,2,0,2,1,0,0,2,1,1,0,1,0,1,2,2,2,2,0,0,1,1,0,2,1,1,1,1,1,1,1,2,1,0,1,1,2,0,1,1,0,2,0,0,0,2,0,1,2,1,1
06/19/2014,2,1,2,0,0,1,1,1,1,2,1,1,1,2,1,2,0,0,2,0,2,1,1,0,1,2,0,0,1,0,1,1,1,0,1,1,2,0,1,2,1,0,2,0,1,0,2,1,1,1,2,0,0,1,1,0,1,1,1,1,2,0,1,1,1,1,0,2,1,1,1,0,2,2,1,1,1,1,1,1,2,1,0,1,1,1,2,1,0,0,2,2,0,1,2,0,2,2,1,2
06/20/2014,1,1,2,0,2,1,2,1,1,1,0,0,1,2,1,2,1,1,2,1,2,1,1,1,1,2,0,1,1,0,1,1,0,0,1,1,2,0,1,1,2,1,0,2,2,0,1,1,0,1,2,0,2,1,1,0,2,1,2,1,1,0,1,1,1,1,2,1,0,0,1,1,2,2,1,1,2,1,0,0,1,1,0,0,2,0,2,1,2,2,2,1,0,0,2,0,1,2,1,0
06/22/2014,1,1,2,1,1,0,1,1,2,2,1,1,1,1,1,1,1,1,2,1,2,1,2,1,1,2,0,1,1,0,1,1,0,0,1,1,0,1,1,1,2,1,2,2,1,0,1,2,2,1,2,0,2,1,2,0,0,1,1,2,1,1,2,1,2,1,0,1,0,0,2,0,1,2,1,1,0,0,0,2,1,0,0,2,2,2,2,0,0,1,1,2,0,0,0,0,0,1,2,1
06/23/2014,1,1,1,1,1,0,2,0,2,1,1,1,1,1,1,1,1,1,1,2,2,1,0,1,0,2,0,1,1,0,1,1,0,2,1,2,1,1,1,1,1,1,2,2,1,0,1,0,0,2,0,0,2,1,1,0,1,1,1,2,1,1,2,0,1,2,0,0,0,0,0,2,1,2,2,2,0,2,2,0,0,2,1,2,2,2,0,2,2,2,2,0,2,2,0,2,2,1,2,0
06/24/2014,1,1,1,1,1,1,2,1,1,1,1,0,1,1,1,1,1,1,1,0,2,1,2,0,0,2,1,1,1,1,1,1,0,1,1,1,0,1,2,1,1,1,2,2,1,0,0,2,0,1,2,0,0,1,1,1,0,1,1,2,2,1,1,0,1,0,0,1,0,0,2,1,1,2,0,0,2,2,2,0,2,1,1,2,2,2,0,2,2,2,1,1,2,2,0,0,2,0,2,2
06/25/2014,1,1,1,1,2,1,2,1,1,1,0,2,1,1,1,1,0,1,0,0,2,0,2,0,0,1,0,2,1,1,0,0,0,1,0,1,1,1,1,0,1,1,2,2,2,1,1,2,1,1,1,0,2,1,1,0,0,1,2,2,2,2,0,0,1,0,0,0,2,1,0,1,0,1,0,0,0,2,2,0,0,2,1,2,2,2,1,2,1,2,1,1,1,2,1,0,2,2,0,0
06/26/2014,1,1,2,1,0,1,2,1,2,1,0,2,1,0,1,1,1,1,0,0,2,0,0,0,0,1,1,0,1,2,1,0,1,1,1,0,1,1,2,0,1,2,1,2,2,1,1,2,1,2,2,0,0,1,1,0,1,0,2,2,2,1,0,0,0,0,1,0,2,1,2,2,0,1,2,0,2,2,1,2,0,2,2,0,2,1,0,2,2,2,2,2,2,2,0,2,0,2,0,2
06/27/2014,1,1,1,1,0,1,0,2,0,1,0,0,1,0,0,1,1,2,0,2,2,0,2,0,0,1,1,0,2,2,2,0,1,0,1,0,1,1,1,0,1,0,0,1,2,1,2,2,1,1,1,0,0,2,0,0,1,0,2,2,2,1,0,1,0,0,1,1,1,1,1,0,0,1,0,1,2,1,2,1,1,1,2,1,1,2,0,1,1,0,0,2,1,0,1,1,2,2,0,1
06/29/2014,2,0,0,2,2,1,0,0,0,1,1,1,2,1,2,1,2,2,1,2,2,0,0,2,1,1,2,2,2,2,0,1,1,0,1,1,1,1,2,0,0,0,1,0,0,1,1,2,2,2,0,1,1,2,0,1,1,0,0,1,2,1,1,1,0,0,1,1,1,2,1,0,0,1,0,2,2,2,1,1,1,1,2,0,2,1,2,0,2,0,0,2,2,2,2,0,0,2,2,2
06/30/2014,0,1,1,1,0,1,1,1,1,1,1,1,2,0,0,1,1,1,1,2,2,0,0,2,1,1,1,2,2,2,1,2,0,0,0,1,1,1,2,0,1,0,0,0,1,1,1,2,2,0,1,1,2,2,0,1,1,1,0,1,1,1,0,1,0,1,1,1,1,1,1,0,1,0,0,2,2,1,1,1,1,2,0,0,1,1,2,0,0,0,1,2,2,0,0,1,1,1,0,1
07/01/2014,0,1,1,2,2,1,1,1,1,1,1,1,2,1,1,1,0,2,1,1,0,0,1,1,2,1,1,1,2,2,1,2,0,0,0,2,0,0,2,1,1,0,0,0,1,1,0,2,2,1,1,0,1,1,0,0,1,1,0,1,1,1,0,1,0,0,1,1,1,1,1,1,1,1,1,2,2,1,1,1,2,1,0,0,0,2,2,0,0,1,1,1,1,1,0,1,1,1,1,0
07/02/2014,0,0,1,1,2,1,1,1,2,1,2,1,2,1,1,1,0,2,0,1,2,1,1,2,1,1,1,1,2,1,1,1,2,0,0,0,0,1,2,1,1,1,0,0,1,1,2,2,2,1,0,2,1,2,2,0,1,1,0,1,1,1,2,1,0,1,1,1,1,0,1,0,1,0,1,2,2,1,2,1,1,1,1,0,0,2,1,0,0,1,0,1,0,1,0,0,1,1,1,1
07/03/2014,1,1,1,1,2,1,1,1,1,1,1,1,1,1,1,0,1,2,2,1,1,0,1,1,0,1,2,1,1,2,1,1,2,0,2,1,0,0,1,1,1,1,0,0,1,0,0,0,2,1,0,1,1,2,1,0,1,1,1,1,0,1,1,1,1,1,1,1,0,1,0,1,1,2,1,2,1,2,2,0,0,2,1,0,0,2,1,0,0,1,2,1,1,1,0,0,1,0,0,0
07/04/2014,1,0,1,1,1,1,1,1,1,1,2,1,1,1,1,1,1,2,2,1,1,0,1,1,0,1,2,1,1,1,1,1,2,1,0,1,0,1,1,1,0,1,0,1,1,2,0,1,1,1,0,2,1,0,1,0,1,1,1,0,0,1,1,0,1,1,0,1,0,0,1,1,0,2,0,2,1,2,1,2,0,2,0,2,2,2,0,2,2,0,2,0,0,1,0,2,2,2,0,2
07/06/2014,2,0,0,1,2,1,1,0,2,1,2,1,2,2,1,1,1,1,2,0,1,0,1,0,0,2,2,1,1,1,1,1,2,1,1,1,0,1,2,2,0,1,1,1,1,0,0,1,1,1,0,0,2,1,1,0,1,1,1,0,0,1,1,0,1,1,0,1,0,0,0,2,0,2,1,1,1,2,1,0,2,2,1,2,2,2,0,2,2,0,0,1,0,1,0,2,0,1,1,0
07/07/2014,2,0,2,0,2,1,1,0,2,0,2,1,1,2,1,1,1,0,0,0,1,2,2,1,0,2,2,0,0,1,1,2,1,0,1,1,0,0,0,1,2,1,1,1,0,2,1,1,1,0,0,0,2,0,0,2,1,1,2,1,0,1,1,0,1,0,0,1,0,1,0,1,0,2,2,1,0,2,0,2,0,0,0,2,2,1,1,0,2,1,0,1,1,1,0,1,2,1,2,1
07/08/2014,2,1,0,0,0,1,2,1,0,0,2,1,0,2,1,1,0,1,0,2,2,1,1,1,1,2,1,0,0,1,1,2,1,1,0,1,1,0,0,1,2,1,1,1,0,0,2,1,1,0,1,0,2,0,0,1,1,1,2,1,0,0,1,0,2,0,0,1,1,1,1,1,0,2,2,1,1,2,1,2,1,0,0,1,2,0,0,2,2,0,1,2,2,2,0,2,0,1,2,0
07/09/2014,1,1,2,0,0,1,2,1,2,1,1,1,0,2,1,0,1,1,1,0,1,1,0,1,2,2,2,2,0,2,2,2,0,1,1,2,1,1,0,1,2,1,1,1,0,0,2,0,1,1,1,0,0,1,1,1,2,1,2,0,1,0,2,0,1,1,0,0,1,1,1,0,1,1,0,1,1,2,1,0,1,0,2,0,2,2,0,2,2,0,1,2,2,0,2,1,1,1,1,0
07/10/2014,2,2,2,1,2,0,2,1,1,0,0,0,0,2,1,2,1,1,1,0,0,1,1,0,1,2,2,2,1,0,0,2,1,1,1,0,2,1,1,0,2,1,2,1,0,0,2,0,1,1,1,2,1,0,1,2,0,1,0,1,1,0,1,0,0,2,0,0,1,1,1,0,1,1,1,1,2,2,1,0,1,1,2,1,1,0,0,1,0,2,1,1,2,0,1,1,1,0,1,0
07/11/2014,0,2,2,0,0,1,2,1,2,0,1,1,2,2,2,2,1,2,1,1,1,1,1,0,1,2,2,1,1,1,0,0,1,1,1,0,2,0,1,0,2,1,2,1,0,0,2,0,1,1,1,1,1,2,2,1,0,1,0,0,1,0,1,2,0,1,2,0,1,1,0,0,1,1,1,1,2,1,1,0,1,1,1,1,2,1,0,1,1,2,1,1,1,1,1,1,0,0,1,0
07/13/2014,1,2,2,1,0,1,2,1,1,1,1,1,0,0,2,2,1,1,2,1,0,1,1,0,0,2,1,1,1,1,0,1,1,1,0,2,2,2,1,0,2,2,0,2,2,1,2,0,0,1,1,1,1,2,0,1,1,1,2,1,1,2,1,1,0,0,2,0,1,0,1,2,2,1,1,1,2,1,1,1,2,1,2,2,1,1,1,2,2,0,2,1,1,1,0,0,0,0,0,0
07/14/2014,0,0,1,1,2,1,0,1,1,1,1,1,0,1,2,2,0,1,1,1,2,1,1,0,2,1,1,1,2,0,1,2,0,0,2,1,0,0,1,0,1,2,2,2,2,1,2,0,0,1,1,1,2,2,0,1,1,1,0,1,1,1,1,1,0,1,2,0,0,0,1,1,2,1,1,0,2,1,0,1,2,1,2,0,1,0,1,2,0,2,2,1,2,2,2,1,2,2,0,2
07/15/2014,0,1,1,0,2,2,0,1,0,1,1,0,1,1,0,2,2,1,1,1,0,1,1,0,1,1,1,1,2,1,1,2,0,2,0,1,0,0,1,0,1,1,2,2,2,1,1,0,0,1,1,1,2,2,0,1,1,1,1,0,1,1,1,1,1,0,2,1,0,2,0,1,2,0,1,0,1,2,2,1,2,2,1,0,1,1,1,2,2,2,2,1,1,1,0,0,1,1,0,1
07/16/2014,0,2,1,1,2,2,0,1,2,1,0,0,1,1,2,2,0,1,1,1,1,1,1,1,1,1,1,1,2,0,1,0,1,2,0,1,0,1,1,0,1,1,2,2,2,1,2,0,0,1,1,1,1,2,0,1,1,1,1,1,1,1,1,1,1,1,1,1,0,0,0,1,2,0,1,1,1,2,2,1,2,2,0,0,0,2,2,1,2,1,2,1,2,0,0,0,0,1,2,2
07/17/2014,0,1,2,2,2,2,2,1,1,1,0,0,1,0,2,2,0,1,1,0,1,1,1,1,1,1,0,0,2,2,1,1,0,2,0,1,0,0,0,1,1,1,2,2,2,1,1,0,0,1,0,0,1,2,1,1,1,1,0,1,1,1,1,2,1,1,1,1,1,0,0,1,1,0,1,2,1,2,0,0,2,0,0,1,2,0,2,0,2,1,1,1,1,1,1,0,0,1,0,1
07/18/2014,0,0,2,0,1,2,1,2,0,0,0,1,1,1,2,2,0,2,0,1,1,1,1,1,0,1,0,0,0,2,1,1,1,2,1,1,0,0,0,2,0,2,2,2,2,2,1,2,0,1,0,0,2,2,1,1,1,1,1,1,1,2,2,2,1,2,1,1,1,2,1,1,1,1,1,1,2,2,2,1,2,2,0,1,2,0,0,0,1,1,2,1,1,0,1,1,0,1,1,0
07/20/2014,0,0,0,0,1,0,1,2,1,1,0,1,1,1,2,0,1,2,0,2,0,1,1,1,1,0,0,0,0,0,1,1,1,2,0,1,1,2,1,0,0,1,1,2,0,2,1,2,2,1,0,1,2,2,1,1,1,1,1,1,1,1,2,2,1,0,1,0,1,2,2,1,1,1,1,1,2,2,0,2,1,2,0,0,2,0,2,1,1,1,2,1,1,2,1,0,0,0,1,0
07/21/2014,0,0,0,0,1,1,1,2,0,2,1,1,1,2,2,0,1,2,1,2,1,1,1,1,1,0,0,0,0,2,1,1,1,1,1,1,1,2,0,1,0,1,1,2,0,2,1,2,1,1,0,0,2,2,1,1,1,1,1,1,1,0,2,0,2,0,1,0,1,2,2,1,1,1,2,1,0,2,1,1,2,1,0,0,0,1,0,1,1,2,1,2,1,2,0,2,2,0,0,2
07/22/2014,0,0,0,0,1,1,1,2,0,0,1,1,1,1,1,0,1,2,0,2,1,0,2,0,0,0,0,0,0,2,2,2,1,0,1,1,1,2,1,1,2,1,1,2,0,2,0,2,1,1,0,0,2,2,1,0,0,1,0,0,0,0,0,0,1,0,0,0,2,2,2,1,0,1,0,1,2,1,1,2,0,1,2,2,0,1,0,1,1,1,1,2,0,1,0,0,2,0,2,2
07/23/2014,0,0,0,0,2,1,1,2,0,0,1,1,2,2,2,1,1,0,1,0,1,1,2,0,1,1,1,1,0,2,2,2,1,0,1,1,1,2,1,1,2,1,1,1,0,2,0,0,1,1,1,2,2,0,1,0,0,0,1,0,0,1,1,0,2,0,1,0,2,2,2,1,0,2,0,1,2,1,1,2,1,1,0,2,1,1,1,1,1,0,1,2,2,1,0,1,2,2,2,1
07/24/2014,1,0,1,1,1,1,0,2,1,1,1,0,1,0,1,1,1,0,1,0,1,1,0,0,1,2,1,0,1,0,2,1,2,0,2,1,0,1,1,1,0,1,1,1,0,2,0,2,2,1,1,2,2,0,1,0,1,1,0,1,0,1,0,0,0,1,1,0,2,1,2,0,0,2,2,1,2,1,2,0,0,1,1,1,2,2,1,2,2,0,1,2,2,1,0,2,2,0,2,2
07/25/2014,1,1,1,1,2,0,1,2,1,0,1,0,1,1,1,0,1,1,1,0,1,1,0,0,1,1,1,0,1,1,2,1,0,0,0,1,1,1,1,1,1,0,2,1,1,1,0,2,2,2,2,2,2,1,1,0,1,2,1,0,0,1,1,1,0,1,1,1,2,1,0,0,1,2,2,1,0,1,2,0,0,1,1,1,2,2,1,2,2,0,0,1,2,1,1,1,1,1,0,0
07/27/2014,1,2,1,1,1,0,1,2,1,1,1,0,1,0,2,1,0,1,1,1,1,1,1,0,1,1,1,1,1,1,2,2,0,2,0,1,1,1,1,2,1,1,0,2,0,1,0,2,1,2,2,2,0,1,2,1,0,1,1,0,1,1,1,1,0,1,1,1,2,0,0,0,1,2,2,1,1,1,0,0,2,1,1,2,0,2,1,0,0,0,0,1,1,2,1,2,1,1,0,0
07/28/2014,1,0,2,1,1,0,1,2,1,1,1,0,1,0,0,2,0,1,0,1,1,1,1,2,0,1,1,2,1,1,2,0,0,1,0,1,1,0,1,2,2,1,0,1,0,1,1,1,1,2,0,1,1,1,1,0,0,1,1,1,0,1,1,2,1,0,2,1,0,0,0,0,1,2,1,2,1,2,2,1,2,0,1,2,0,2,0,0,2,0,1,1,2,1,0,2,0,0,0,0
07/29/2014,2,2,1,2,1,0,1,0,1,0,0,0,1,2,1,1,0,1,0,1,0,1,1,1,0,1,1,1,1,0,2,1,2,1,0,1,0,0,0,1,1,1,0,1,0,0,1,1,1,0,2,2,1,1,1,1,0,2,0,1,1,1,1,1,2,0,2,0,1,0,0,2,1,2,1,2,2,2,2,1,2,1,0,2,2,0,2,1,2,1,2,2,1,2,2,0,2,0,1,2
07/30/2014,0,2,2,2,1,1,1,0,1,1,0,0,1,0,1,2,0,1,0,1,1,1,1,0,0,1,2,1,2,2,1,1,1,1,2,1,0,2,0,1,1,2,0,1,0,1,1,1,1,1,2,1,1,1,1,1,1,0,2,1,1,1,2,0,1,0,2,1,1,0,1,2,1,2,1,2,2,2,1,1,2,2,0,0,2,0,2,0,1,1,2,0,1,2,0,0,0,0,1,2
07/31/2014,2,2,2,0,0,1,0,0,1,1,0,2,1,1,1,1,0,1,0,1,1,1,1,1,1,0,0,1,2,1,1,1,1,0,2,1,0,2,1,1,1,2,0,1,1,0,1,0,1,1,2,1,1,0,0,1,1,2,2,1,0,0,1,1,1,0,0,1,1,0,0,1,0,2,1,2,2,2,1,1,2,2,0,1,1,0,2,0,1,0,1,0,2,2,1,0,0,0,2,0
08/01/2014,0,2,2,2,0,1,0,0,2,1,2,1,1,2,1,0,1,1,0,1,1,1,1,1,1,0,0,2,2,2,1,1,1,2,2,1,0,1,0,1,1,1,2,1,1,0,1,0,1,1,0,1,0,1,0,1,1,1,2,1,1,0,1,0,1,0,0,0,1,1,0,1,0,1,0,2,2,2,1,1,1,2,2,0,1,2,2,1,1,2,2,0,2,1,1,2,1,2,1,2
08/03/2014,1,1,2,2,0,1,1,0,2,1,1,1,1,2,1,0,1,0,1,2,0,1,1,1,0,2,0,0,2,1,1,1,1,2,1,1,0,1,1,1,1,1,2,0,1,0,2,0,1,1,0,1,0,0,0,1,1,1,2,1,2,2,1,1,1,2,0,2,0,1,0,1,0,0,0,2,1,0,0,2,1,0,1,0,1,1,2,2,1,0,1,1,0,1,1,2,1,2,0,2
08/04/2014,1,1,2,0,0,1,1,0,1,0,1,2,1,1,1,2,1,0,2,2,0,1,1,1,0,1,0,1,2,0,0,1,1,1,1,1,2,1,1,1,0,1,1,1,1,2,1,1,1,2,0,1,0,0,0,0,0,1,2,1,2,2,2,0,1,1,0,2,0,1,0,1,0,2,0,1,1,1,0,2,1,1,1,1,1,1,0,2,2,1,1,1,2,1,1,0,1,1,1,0
08/05/2014,1,0,2,0,1,1,1,1,1,2,1,2,1,2,1,2,1,0,1,2,0,1,1,0,0,2,0,1,0,1,0,1,2,2,1,1,1,1,0,1,0,1,1,1,1,2,1,1,1,1,0,1,0,2,0,0,1,1,1,0,2,2,0,0,1,1,1,2,0,0,0,2,1,2,1,1,1,1,0,1,2,1,1,1,1,1,1,2,1,1,1,1,1,1,1,0,1,1,1,1
08/06/2014,1,1,0,1,1,2,1,1,1,0,1,0,1,2,2,2,1,0,2,1,0,1,0,0,0,1,1,0,0,1,0,1,1,1,1,1,1,1,0,1,0,1,1,1,1,2,1,2,1,2,0,1,0,2,2,0,1,1,1,2,2,2,0,2,1,2,1,2,0,0,2,2,1,2,1,1,2,1,0,1,0,1,1,1,0,2,1,1,0,1,0,0,1,0,0,0,1,0,1,1
08/07/2014,0,1,2,1,1,0,1,1,0,0,2,0,1,2,0,2,1,0,1,2,0,0,1,2,1,1,1,0,0,1,0,1,1,1,0,1,1,1,1,2,1,1,0,1,1,2,0,2,1,0,1,1,1,2,2,1,1,1,2,0,1,1,1,1,1,2,1,2,1,1,1,2,1,1,1,0,1,0,1,1,1,1,0,2,0,2,1,1,1,1,1,0,1,1,1,1,1,1,1,1
08/08/2014,1,1,1,1,1,2,1,1,1,0,0,0,1,1,1,0,2,1,1,2,0,0,1,1,1,1,1,0,1,1,1,2,1,1,0,1,1,1,0,0,2,1,0,1,1,2,0,2,0,0,1,1,1,2,2,1,0,1,1,0,0,1,1,1,1,2,1,1,0,1,1,2,0,1,0,0,2,2,1,0,0,0,2,2,0,2,2,1,0,1,2,2,1,2,1,2,0,0,0,2
08/10/2014,1,1,1,1,1,1,2,1,1,1,0,0,1,2,1,2,2,1,1,2,0,1,1,1,1,1,0,0,1,1,1,2,1,1,0,2,1,1,1,0,2,1,0,1,2,2,0,2,0,0,1,2,1,2,2,1,0,1,2,1,1,1,1,1,1,1,1,1,1,0,2,2,0,1,2,1,1,1,1,1,0,0,2,2,1,2,2,1,0,0,2,2,2,2,2,2,1,0,1,2
08/11/2014,1,1,1,1,1,2,2,1,1,1,0,1,2,2,0,2,1,1,1,1,1,1,1,1,2,1,2,1,1,1,0,0,2,1,0,2,2,1,1,0,1,1,0,0,1,2,0,1,0,1,1,2,1,2,2,1,0,0,1,1,0,1,1,1,1,1,2,1,1,0,0,1,0,1,1,1,2,2,2,2,2,0,0,2,1,0,2,0,2,2,2,2,2,1,2,0,2,0,2,2
08/12/2014,1,0,1,1,1,0,0,1,1,1,0,1,1,1,0,2,1,1,1,1,1,1,2,1,2,1,2,1,1,1,1,2,2,2,2,2,2,1,1,0,2,1,0,0,0,1,2,0,0,1,1,2,0,0,2,1,2,0,0,1,1,1,1,1,1,0,2,0,2,0,1,1,0,1,1,1,2,1,2,1,1,0,0,1,1,0,1,0,0,2,1,1,2,1,1,1,1,1,1,1
08/13/2014,0,0,1,1,1,1,0,1,2,1,2,1,1,0,2,2,1,1,1,1,1,1,1,1,2,1,2,1,1,1,0,0,0,1,1,0,2,2,1,0,2,1,0,0,2,1,1,0,0,1,0,2,0,0,2,0,1,2,1,1,1,0,1,1,1,0,2,1,2,0,0,1,0,2,1,2,0,0,2,0,1,0,0,1,1,1,2,0,2,2,2,0,2,0,0,2,2,2,2,2
08/14/2014,0,0,0,1,1,1,1,1,1,1,1,1,1,0,0,2,1,0,1,1,2,1,1,1,2,2,1,0,1,2,1,0,2,1,1,0,2,2,1,0,0,1,1,0,1,1,1,0,2,1,1,2,0,0,0,0,1,2,1,1,0,0,1,0,0,0,0,0,2,2,0,0,2,2,1,2,2,2,2,0,1,2,0,0,2,0,0,2,2,2,2,1,2,0,0,2,2,2,0,2
08/15/2014,2,2,0,2,1,1,1,1,1,2,1,1,1,0,0,0,2,2,1,0,1,0,1,1,0,0,1,0,1,1,2,0,0,1,1,1,2,2,0,1,1,2,1,0,1,1,1,1,1,2,0,0,0,0,1,0,1,2,1,0,0,0,2,0,2,0,1,0,1,2,0,0,2,2,1,2,2,0,2,0,1,1,1,1,2,0,2,2,1,2,0,2,1,0,0,0,1,2,0,2
08/17/2014,1,0,0,0,1,1,1,1,1,2,1,1,1,0,0,0,1,0,1,2,1,0,2,0,0,1,1,0,1,1,2,1,0,1,1,0,2,0,1,1,1,0,1,0,1,2,1,1,1,1,0,1,1,0,1,1,1,2,2,1,0,0,0,0,2,0,1,0,2,1,0,0,1,2,0,2,1,0,2,1,2,2,1,1,2,0,1,2,2,1,0,2,1,2,2,1,0,0,0,2
08/18/2014,1,2,0,2,2,1,1,0,1,2,0,2,1,1,0,0,1,0,1,0,1,0,2,0,0,0,1,0,1,1,0,1,1,1,1,2,1,0,1,1,0,0,2,2,0,1,0,1,1,0,0,0,0,1,0,1,1,2,1,0,0,1,0,0,2,0,1,0,2,1,0,0,0,2,0,1,0,0,2,1,2,0,0,0,2,0,0,1,2,2,0,2,1,2,0,0,2,0,2,2
08/19/2014,1,2,0,2,2,1,0,0,1,2,0,2,1,1,1,1,1,2,1,1,1,0,2,1,0,1,1,0,2,1,0,1,0,1,1,2,0,1,1,1,0,0,1,1,0,1,0,2,2,2,2,1,0,2,1,2,0,2,0,0,2,1,0,0,2,1,1,1,2,0,2,1,1,1,0,2,2,0,0,1,2,1,0,0,2,0,0,1,0,2,0,2,2,1,0,2,2,2,1,1
08/20/2014,0,2,1,0,2,1,1,0,1,1,2,2,2,2,2,1,2,0,1,1,0,0,2,1,0,1,1,2,2,1,0,1,0,2,1,2,2,0,1,2,1,0,2,1,2,1,0,1,2,2,2,1,1,1,1,1,1,2,1,0,2,1,0,0,1,1,1,1,1,0,1,1,1,1,0,1,0,2,1,2,0,0,0,2,1,1,0,1,0,2,2,0,2,1,0,2,1,1,1,0
08/21/2014,0,2,0,0,2,0,2,0,1,0,2,0,0,1,2,0,1,1,0,1,0,1,0,1,1,1,1,2,2,1,1,1,1,0,2,2,1,1,1,2,1,1,1,1,0,0,0,2,2,2,0,1,1,1,1,0,1,2,2,2,2,2,0,0,0,1,1,2,0,0,1,1,1,1,0,1,2,2,1,0,0,0,0,2,1,1,0,1,0,2,2,0,2,1,0,2,0,0,0,0
08/22/2014,0,2,1,0,0,0,2,0,1,0,2,2,0,2,1,1,1,1,0,1,0,1,0,1,1,1,1,2,1,1,0,2,0,2,2,2,2,1,1,2,1,0,2,1,0,0,0,2,2,2,2,1,1,1,0,1,0,1,2,2,1,1,1,2,1,2,1,0,0,2,1,1,1,1,0,2,2,2,1,1,0,0,2,2,0,1,2,0,0,2,2,0,2,2,0,2,2,2,0,0
08/24/2014,0,2,1,1,1,0,2,1,2,1,0,1,0,2,1,1,1,1,0,0,2,1,1,0,1,0,1,2,1,1,1,2,0,2,0,2,1,1,2,1,1,1,2,2,0,1,0,2,2,2,1,0,1,1,0,0,1,0,2,1,1,1,1,2,0,0,1,1,0,0,1,1,1,1,0,2,2,2,2,2,1,0,1,2,0,1,1,0,0,2,1,0,1,2,1,1,2,0,0,0
08/25/2014,0,2,1,0,1,1,2,0,1,0,1,1,2,0,1,0,1,2,2,0,2,1,1,2,1,2,1,2,1,1,1,2,0,2,0,0,1,1,0,1,1,1,2,0,0,1,0,1,2,2,2,1,2,1,0,0,1,0,2,0,1,1,1,2,1,0,1,1,0,2,2,1,0,1,1,1,1,2,0,1,1,0,2,0,2,2,2,2,0,0,1,0,2,2,1,1,0,0,2,2
08/26/2014,1,0,1,1,1,1,2,2,1,1,1,2,1,1,1,1,2,2,1,0,2,1,1,2,1,1,1,2,1,1,1,2,0,2,0,0,1,0,0,0,1,1,2,0,1,2,1,2,0,1,0,0,1,1,2,1,1,0,2,1,1,1,1,2,2,0,1,1,0,1,1,2,0,0,1,0,1,1,0,1,1,0,1,1,2,2,2,1,2,1,2,2,1,0,1,1,1,1,0,1
08/27/2014,0,0,2,1,1,1,1,1,1,1,1,1,1,1,1,2,2,2,2,2,0,1,1,2,1,2,1,2,1,0,1,2,0,1,1,1,0,0,1,0,1,1,2,0,1,2,1,2,1,1,1,0,1,1,0,0,1,1,2,1,0,1,1,2,1,0,1,2,0,1,2,2,0,2,1,0,2,1,2,0,2,1,2,0,2,2,2,2,2,0,0,1,0,0,1,0,1,0,0,1
08/28/2014,0,1,0,1,1,1,1,1,1,1,1,1,1,1,1,0,2,2,2,2,1,1,1,2,1,0,2,2,1,2,1,1,0,1,1,1,1,1,2,2,1,1,2,0,1,2,1,0,1,1,1,0,1,1,0,1,2,1,2,1,0,0,1,2,0,0,1,1,1,1,0,2,0,2,1,0,1,2,2,1,1,1,1,1,1,2,2,0,1,1,0,2,1,1,1,1,1,1,1,1
08/29/2014,1,2,0,1,1,1,0,1,1,2,1,0,2,1,1,2,2,1,2,2,1,0,0,0,2,0,2,2,0,2,0,1,0,0,1,1,1,0,1,0,1,2,1,1,1,2,1,0,1,1,1,0,0,1,2,1,0,1,1,2,1,1,1,1,0,2,0,0,2,2,2,2,2,1,0,1,2,1,1,2,2,1,2,2,1,1,2,2,1,1,2,2,2,1,0,2,0,0,2,0
08/31/2014,2,1,2,1,1,1,2,2,1,1,1,0,2,1,1,0,0,0,2,2,1,0,0,0,1,2,2,2,1,0,0,1,2,1,1,0,1,0,0,0,2,2,1,1,1,2,2,1,1,1,1,2,0,1,1,1,0,1,1,1,0,0,0,1,0,1,1,0,2,2,2,1,2,1,2,2,1,1,2,2,2,1,1,1,0,1,2,2,1,1,1,0,0,1,1,2,0,1,1,1
09/01/2014,1,1,2,1,2,1,1,2,0,2,1,0,1,1,0,1,2,2,2,2,1,0,0,0,0,2,0,1,1,1,2,1,2,1,1,0,1,0,0,1,0,2,1,1,1,2,1,1,1,1,1,1,1,1,1,1,2,1,1,0,1,1,0,1,1,1,0,0,2,2,2,1,1,1,1,1,0,2,1,2,2,2,1,1,1,1,1,2,2,1,1,1,2,1,0,1,1,1,1,1
09/02/2014,1,0,2,0,0,1,1,2,2,1,1,1,1,1,1,1,1,0,2,1,1,0,1,0,2,1,0,1,1,1,2,1,1,2,1,0,1,0,2,1,2,2,0,0,1,2,1,1,1,0,2,1,1,2,0,0,0,1,1,0,0,1,0,1,1,1,1,0,2,2,2,1,1,1,1,1,0,2,1,0,1,2,0,1,1,0,1,2,1,1,1,0,1,2,1,0,0,2,2,1
09/03/2014,2,2,2,1,1,0,1,2,0,0,1,0,1,0,1,1,1,1,0,1,0,0,2,1,0,1,1,1,2,1,2,1,1,1,0,0,1,2,1,1,1,0,1,1,1,2,2,1,0,0,2,1,1,1,1,2,1,2,1,0,1,1,0,1,1,1,1,2,1,2,2,1,1,1,1,1,0,2,2,0,0,2,2,1,1,1,1,1,2,1,1,1,1,2,1,0,0,0,1,1
09/04/2014,0,2,2,1,0,1,1,2,0,0,1,0,0,0,1,1,1,2,2,1,0,0,2,1,2,2,1,2,2,1,2,1,0,2,1,2,0,2,1,0,1,0,1,1,0,0,0,1,0,0,2,2,0,1,1,2,1,0,1,0,1,1,1,0,1,1,1,2,1,2,0,2,0,2,1,1,1,1,0,1,0,2,0,1,1,0,1,1,2,1,1,0,1,2,0,0,1,0,2,1
09/05/2014,2,2,0,1,0,1,2,2,1,1,1,0,1,0,1,1,1,0,0,1,0,2,2,0,1,0,1,1,2,0,2,0,1,2,0,2,2,2,0,1,0,2,1,0,1,1,1,1,0,1,2,2,2,0,0,0,1,2,1,1,1,1,0,2,1,0,0,1,1,2,0,1,0,2,1,2,0,0,2,1,0,1,1,1,1,2,0,1,1,1,2,1,0,1,2,0,1,1,1,1
09/07/2014,2,2,2,2,0,1,1,0,1,1,0,0,2,0,1,1,1,2,0,0,0,2,2,1,1,2,1,1,2,0,2,0,1,2,0,2,2,1,1,1,1,1,2,1,1,1,0,1,1,2,2,1,2,0,0,0,2,2,0,1,1,1,0,1,1,0,0,1,0,0,1,1,0,1,0,2,0,0,2,1,0,1,2,0,2,2,0,1,2,2,2,0,0,1,0,0,1,1,1,1
09/08/2014,2,0,2,1,2,1,2,0,1,1,2,1,0,1,1,1,2,2,0,2,0,1,2,0,0,2,1,0,1,0,0,0,1,0,0,2,2,2,0,2,1,1,0,1,0,1,0,1,2,2,2,1,2,1,2,0,2,2,0,1,1,1,1,0,2,2,0,1,1,0,1,1,0,1,2,2,1,1,0,2,0,1,2,1,0,0,0,1,1,2,2,0,0,1,0,0,2,1,0,0
09/09/2014,1,1,2,1,1,1,2,1,1,1,1,1,0,1,1,1,0,2,0,0,0,1,2,0,1,2,1,0,2,0,1,0,1,0,2,2,2,2,0,0,1,0,1,0,1,0,0,1,0,2,2,2,1,2,2,0,1,2,0,1,1,0,1,0,0,0,1,1,0,1,1,1,0,1,1,0,1,2,1,1,1,1,2,1,2,1,2,1,1,1,2,0,0,1,1,2,0,1,0,1
09/10/2014,1,2,1,1,1,0,2,1,1,1,1,1,2,2,1,0,0,0,0,0,1,1,1,2,1,0,0,0,2,0,1,2,1,0,2,1,2,2,0,0,1,1,1,0,1,0,2,1,2,2,1,1,1,2,2,1,2,2,2,2,1,1,1,1,2,0,0,1,0,1,1,1,0,1,1,1,1,2,1,2,0,0,2,1,0,1,2,1,2,1,1,1,0,1,1,0,0,0,0,0
09/11/2014,0,2,1,1,2,1,2,1,1,1,1,1,1,1,2,2,0,1,0,0,1,1,2,2,0,0,1,0,2,0,1,1,1,0,2,1,2,1,1,0,1,2,1,1,1,2,2,2,1,2,1,2,1,2,2,1,2,1,2,1,2,0,1,0,2,0,1,1,2,1,0,2,1,2,1,1,1,2,1,2,1,0,2,2,2,1,1,0,2,1,1,1,1,2,1,1,0,0,2,2
09/12/2014,0,2,1,1,1,0,1,1,1,1,1,0,0,2,1,2,0,1,0,1,1,2,1,0,2,0,1,0,2,2,1,2,1,0,2,1,2,1,2,0,1,1,2,1,1,2,2,2,1,1,2,1,1,2,2,1,2,1,2,1,2,0,2,0,2,1,1,0,2,1,2,2,1,1,1,1,0,0,1,2,1,0,1,1,2,1,1,0,2,1,1,1,2,2,0,1,0,0,1,0
09/14/2014,0,2,1,2,1,1,1,2,2,2,0,1,2,2,1,2,0,1,1,1,1,1,1,1,0,0,1,2,1,2,1,1,1,0,2,0,0,1,1,0,1,0,1,1,0,2,2,2,1,2,1,0,0,2,2,1,1,1,1,0,0,1,2,0,1,1,1,1,2,0,0,2,1,1,1,1,2,1,1,2,2,0,1,2,0,1,1,1,0,2,2,1,1,0,1,0,0,1,1,1
09/15/2014,0,2,2,1,1,1,1,2,1,2,0,0,2,2,1,2,1,1,2,1,2,0,1,1,0,0,2,0,1,2,1,1,1,0,2,0,0,2,1,0,0,1,1,1,0,1,2,0,1,2,1,0,1,1,1,0,1,1,1,0,2,2,2,0,1,1,0,1,1,2,0,2,1,2,1,0,2,1,2,2,1,2,1,2,1,0,1,1,0,2,1,1,1,1,1,1,2,0,1,1
09/16/2014,2,1,0,1,1,1,1,2,0,2,0,1,2,2,1,1,1,0,1,1,2,0,0,1,1,0,2,1,1,2,1,1,1,0,1,0,1,0,1,0,1,1,1,0,0,2,1,0,1,2,0,0,0,2,1,2,1,1,1,0,2,1,2,0,1,0,0,1,1,0,0,0,2,0,2,0,2,1,0,2,2,1,2,2,0,2,2,0,1,2,2,1,2,0,0,0,2,0,0,0
09/17/2014,0,1,0,1,2,1,1,2,1,2,0,0,2,1,1,0,1,2,1,1,2,0,0,2,1,1,2,2,1,0,0,2,1,0,1,0,0,0,2,0,1,0,1,0,2,2,1,1,0,0,0,2,1,1,0,2,2,1,1,1,2,1,0,2,1,0,0,1,1,0,0,2,1,0,0,2,0,1,2,2,1,2,2,2,0,2,2,0,0,2,2,1,2,0,0,0,0,0,0,1
09/18/2014,1,2,1,0,1,1,1,1,1,1,2,1,2,1,1,1,2,0,1,2,0,0,0,1,0,1,2,1,1,2,2,0,0,1,1,1,0,2,1,0,2,0,1,0,0,0,1,1,0,0,0,1,0,1,1,1,1,1,1,1,1,1,1,1,0,2,1,1,0,2,1,1,1,2,0,0,1,1,2,2,1,1,2,1,0,0,2,0,1,2,0,2,1,0,1,0,1,1,2,0
09/19/2014,1,1,2,1,1,1,1,1,1,0,2,0,2,1,1,1,1,0,1,1,0,2,2,1,1,1,2,1,1,2,2,0,0,1,0,1,1,0,2,0,2,0,1,0,0,0,1,1,0,2,0,2,0,1,1,1,0,0,1,1,1,1,1,1,0,1,1,1,0,2,1,0,1,2,1,2,1,2,1,2,2,2,0,2,0,0,0,2,2,2,0,2,0,2,0,0,1,0,0,0
09/21/2014,1,0,1,0,2,2,1,1,1,0,1,0,2,0,1,1,1,1,1,0,0,1,1,1,1,1,2,1,0,2,2,1,0,1,2,1,1,1,2,1,1,0,0,0,0,2,1,1,0,1,2,0,1,0,0,1,0,0,1,2,1,1,1,1,2,0,1,0,0,2,2,0,1,2,0,1,2,2,0,1,0,2,2,0,2,0,0,2,2,0,2,2,0,2,2,0,2,0,2,0
09/22/2014,1,0,1,1,1,2,1,0,1,0,1,0,2,2,0,1,2,1,1,0,1,1,1,1,2,1,2,0,1,2,1,1,0,2,1,1,1,1,2,1,1,0,0,1,0,0,0,1,0,1,2,1,1,0,2,1,2,0,0,1,1,1,2,1,1,0,1,1,1,0,1,0,1,1,1,1,2,2,1,1,2,2,2,1,0,1,0,2,1,1,0,2,1,1,2,1,2,0,2,0
09/23/2014,2,0,1,1,1,2,1,1,1,1,1,1,2,2,0,0,2,1,2,0,0,2,1,1,1,0,2,1,1,2,2,1,1,1,1,1,1,0,2,0,2,0,0,0,0,1,0,1,0,1,0,1,1,0,0,1,0,0,0,2,1,2,1,0,1,0,2,1,0,2,1,0,1,1,1,1,2,2,0,0,2,2,2,2,2,2,2,2,2,2,0,2,2,2,0,2,2,2,2,2
09/24/2014,2,1,1,1,2,2,1,1,1,1,0,1,1,0,0,0,2,1,0,0,1,0,1,2,0,0,2,2,1,2,2,1,1,1,1,2,1,1,2,1,0,2,0,1,1,2,0,1,0,1,0,1,1,2,0,0,1,0,1,0,1,2,0,1,1,0,0,1,1,1,2,1,1,2,1,1,1,1,2,1,2,2,0,2,2,0,0,2,0,0,1,2,2,1,0,2,2,2,1,2
09/25/2014,0,1,1,1,1,2,0,1,1,1,1,2,2,1,1,0,2,2,2,0,1,1,0,2,0,0,1,1,1,0,2,1,1,0,1,2,1,1,2,1,0,1,1,1,1,1,0,2,1,1,1,1,1,0,0,0,1,1,1,1,2,2,0,1,1,0,0,1,1,2,0,1,2,1,1,2,1,1,2,2,1,2,1,2,2,2,0,0,0,2,1,2,2,2,2,2,2,2,2,2
09/26/2014,0,1,1,1,1,2,1,1,2,0,1,2,2,2,1,0,0,1,0,0,1,1,2,2,0,2,1,2,0,0,1,1,1,0,2,2,1,2,1,1,0,1,1,1,2,1,1,2,1,2,1,0,1,0,0,0,2,0,1,1,2,1,0,0,1,1,1,1,1,2,0,1,2,1,1,1,1,2,1,1,1,1,1,2,2,2,1,1,1,0,1,1,1,1,0,1,1,1,1,2
09/28/2014,0,2,2,1,1,0,1,1,0,0,2,2,1,1,2,1,1,0,0,2,1,0,1,2,1,2,0,0,2,0,1,0,1,2,0,2,0,2,1,1,1,0,1,2,1,1,1,0,1,2,1,1,2,1,1,0,1,1,2,2,2,1,0,0,0,1,1,0,2,2,2,1,2,0,2,1,0,1,2,1,0,0,2,2,2,2,2,0,0,2,2,2,0,2,0,2,2,1,2,2
09/29/2014,2,2,2,2,1,1,0,2,2,0,1,1,1,2,2,1,1,0,0,1,2,0,1,2,1,1,1,0,2,1,1,1,1,2,2,2,0,2,1,0,2,0,1,1,1,1,1,0,2,2,1,1,0,1,1,0,1,2,1,1,0,1,1,0,0,0,1,0,1,2,0,2,0,0,2,0,0,1,1,1,1,0,0,2,2,2,2,0,0,1,2,0,2,2,0,2,2,2,2,2
09/30/2014,0,0,0,0,1,2,0,2,2,0,0,1,1,2,2,1,1,0,1,1,1,0,1,1,1,1,0,2,2,1,1,1,2,2,2,1,2,2,1,0,2,0,2,1,1,1,2,0,2,2,2,1,2,1,1,1,0,0,1,1,2,1,1,0,0,2,1,0,0,2,1,2,1,0,1,0,0,1,1,1,1,1,1,1,1,1,1,0,1,1,1,1,1,2,2,1,1,1,1,1
10/01/2014,0,0,0,0,1,1,0,2,2,0,0,1,1,1,2,1,1,0,1,1,2,0,2,0,1,2,0,2,0,1,1,1,0,2,2,1,1,2,1,0,1,0,1,1,1,1,1,2,0,1,2,1,2,1,0,1,0,0,1,1,2,1,2,0,0,2,0,0,1,1,1,2,0,2,2,2,2,2,1,1,2,1,0,1,1,1,0,2,2,1,1,0,1,2,0,1,0,0,2,1
10/02/2014,2,0,1,1,1,1,1,1,2,0,0,1,1,2,2,1,1,0,0,0,1,0,1,1,1,1,0,2,0,1,1,1,0,2,1,1,1,0,0,0,1,2,1,1,1,1,2,1,2,1,0,1,2,2,1,1,0,0,1,2,2,0,1,2,0,2,0,0,2,1,2,2,1,2,2,1,2,0,1,1,2,0,2,0,1,0,0,2,2,1,0,0,2,2,0,1,0,2,2,0
10/03/2014,1,0,1,2,1,1,1,2,1,0,2,1,1,2,2,0,1,2,1,1,0,1,1,1,0,1,1,2,1,1,1,0,0,2,0,0,1,1,2,1,1,1,1,1,2,1,0,1,2,1,0,2,2,2,1,1,2,0,1,1,1,0,1,1,2,1,0,1,2,1,1,0,0,0,2,1,0,2,1,1,2,0,2,0,1,0,1,2,2,2,0,0,2,2,0,0,0,2,0,0
10/05/2014,1,0,2,0,1,1,1,2,1,0,1,1,1,1,2,1,1,1,0,1,0,0,0,1,0,1,1,1,0,0,0,1,0,0,1,1,1,1,2,0,1,1,1,1,2,0,2,1,1,1,2,2,2,2,0,1,2,0,2,1,1,0,1,1,1,2,2,1,2,1,0,1,0,1,2,0,1,2,1,1,2,0,2,0,2,0,1,1,0,2,0,0,2,2,1,0,0,2,0,2
10/06/2014,1,0,1,1,1,1,1,2,1,0,1,1,1,1,1,0,1,1,1,0,0,1,0,1,1,1,2,0,1,2,2,1,1,0,1,1,0,1,0,1,1,1,1,0,2,0,2,1,2,1,2,1,1,2,0,1,2,1,2,0,1,0,1,1,1,2,2,1,2,1,0,1,0,1,0,2,1,1,1,1,1,0,2,2,0,0,1,1,1,1,0,0,1,0,1,0,1,0,0,1
10/07/2014,1,0,0,0,1,0,1,1,1,2,1,1,1,1,1,0,1,1,1,0,1,1,0,0,0,0,1,1,1,1,1,2,1,0,1,0,2,0,1,2,1,1,0,1,2,2,0,1,1,0,0,0,1,0,0,0,1,1,0,2,1,0,1,1,1,1,1,0,1,1,0,1,0,1,0,2,1,1,0,0,0,1,2,1,0,2,2,1,1,1,2,1,1,2,1,0,0,1,0,2
10/08/2014,2,1,0,1,1,0,1,1,1,1,1,1,2,0,1,0,1,1,1,1,1,1,1,0,1,0,2,0,1,1,1,2,1,1,0,0,0,1,1,2,0,1,1,0,1,2,2,0,2,0,1,0,1,0,0,0,1,1,1,1,0,1,2,1,1,1,1,1,1,1,1,1,0,1,1,1,1,1,0,1,1,1,1,0,1,1,1,1,1,1,2,1,1,1,1,1,1,1,0,1
10/09/2014,0,2,0,0,1,0,2,2,1,0,2,2,1,0,1,0,1,1,0,0,1,1,1,0,1,0,2,1,1,1,1,0,1,1,0,0,1,1,1,2,2,1,1,2,1,2,2,1,0,0,2,0,1,0,0,0,1,1,2,2,1,1,0,1,1,0,0,2,1,0,0,0,1,2,1,0,0,2,2,0,0,1,2,1,0,2,2,2,0,2,2,2,2,2,2,1,2,2,2,0
10/10/2014,2,1,0,1,1,0,0,1,0,1,2,1,1,0,1,1,1,1,0,0,1,1,1,0,0,2,2,1,1,0,1,2,1,1,0,0,0,1,1,2,1,0,1,2,1,2,2,0,0,2,0,1,1,2,0,0,0,1,1,2,1,1,0,0,1,0,2,1,1,1,0,0,1,1,0,1,1,1,1,1,1,1,1,1,1,1,1,0,1,1,0,2,1,1,1,1,1,1,1,0
10/12/2014,2,1,0,1,1,0,0,1,0,1,0,1,1,0,0,1,1,1,0,0,1,1,1,0,1,2,2,0,1,1,1,1,1,1,0,2,2,1,1,2,1,1,2,2,1,2,2,1,2,2,1,1,1,0,0,0,2,2,1,2,1,1,0,0,1,0,1,1,0,1,0,2,1,1,1,0,1,1,2,1,2,1,1,2,0,2,1,0,0,1,1,1,1,1,1,1,0,1,1,1
10/13/2014,2,0,0,1,1,0,0,0,0,1,0,1,1,0,0,1,1,1,0,1,0,0,2,1,1,2,2,0,2,1,0,1,1,0,0,2,2,1,2,2,1,0,1,1,1,2,1,0,1,1,1,1,1,0,2,0,1,1,0,1,1,1,0,0,1,0,1,1,0,2,0,0,2,1,1,1,1,0,2,1,2,1,1,0,0,0,0,1,2,0,2,2,0,2,1,1,1,1,1,0
10/14/2014,2,0,1,1,2,0,2,0,1,1,1,1,0,0,0,1,1,1,1,1,0,0,2,1,1,2,0,0,2,2,0,1,1,0,0,1,2,0,2,2,1,1,1,2,1,1,1,2,1,1,1,1,0,0,0,0,0,1,0,2,1,2,2,2,1,0,1,1,0,1,1,0,1,1,1,1,1,1,1,1,0,1,1,0,2,1,0,1,1,0,1,1,1,1,0,1,2,0,1,1
10/15/2014,2,0,1,1,1,0,0,0,1,1,1,1,0,1,0,2,1,1,1,1,0,1,2,1,2,2,1,0,0,1,0,1,0,2,0,1,2,1,0,2,2,2,0,2,0,1,1,2,1,1,1,1,0,2,1,0,1,1,1,2,0,1,2,0,1,0,1,0,0,0,0,0,2,1,0,1,1,1,1,1,1,2,1,1,0,1,1,1,0,1,2,1,1,2,1,1,1,0,0,2
10/16/2014,2,0,2,1,1,2,1,0,1,1,1,0,0,1,0,2,1,2,1,0,0,2,2,1,2,1,1,1,2,1,1,1,0,2,2,1,2,1,0,1,1,2,2,2,0,0,1,2,1,1,1,1,0,1,1,1,1,1,1,0,0,0,1,2,0,0,1,0,0,1,0,1,2,1,0,1,1,1,1,1,1,2,2,1,0,1,0,1,1,1,1,1,1,1,1,1,2,2,1,1
10/17/2014,1,0,2,1,1,0,1,0,1,1,1,1,1,1,1,1,2,0,2,1,0,2,0,1,0,2,1,1,1,1,1,0,2,2,1,1,2,1,1,1,1,2,1,0,0,0,1,1,1,1,1,0,0,2,1,1,1,1,1,0,0,1,1,2,1,1,0,0,0,1,0,1,2,2,1,0,1,1,1,2,1,2,2,2,1,2,1,0,0,1,1,1,1,1,0,1,1,1,1,1
10/19/2014,1,1,0,1,2,2,1,0,1,1,1,1,1,1,1,0,2,0,2,2,0,1,2,1,0,1,1,2,1,1,1,2,2,0,1,0,2,1,1,1,1,2,0,1,1,0,0,1,2,1,1,0,1,1,1,1,1,1,1,0,0,1,1,2,0,1,0,0,0,1,2,1,1,2,1,1,1,1,1,1,1,1,0,0,1,1,0,1,1,1,1,1,1,1,1,1,2,1,0,1
10/20/2014,1,2,2,1,1,0,1,0,1,1,1,2,1,0,1,2,1,2,0,0,1,1,0,2,0,1,2,2,2,1,1,0,2,2,2,1,1,1,1,1,1,2,0,1,1,0,2,1,0,1,1,1,1,1,1,1,0,0,1,0,2,1,1,2,0,1,0,1,1,1,0,1,1,0,1,2,2,1,2,1,1,2,1,1,2,1,1,2,1,0,1,1,1,1,1,1,0,1,1,0
10/21/2014,1,2,0,1,1,1,2,1,1,1,1,1,1,0,0,1,1,0,0,0,1,1,0,0,0,1,2,1,2,1,1,0,0,1,2,0,0,0,1,1,0,1,1,2,1,0,2,1,0,1,0,0,1,1,1,2,0,0,1,0,0,1,1,2,0,1,0,1,2,1,0,1,0,0,2,2,2,2,2,0,0,2,1,2,2,2,1,2,0,0,1,0,2,2,0,0,0,0,1,0
10/22/2014,0,1,0,2,1,0,1,1,1,1,1,2,1,2,1,0,1,0,1,2,1,1,1,0,0,1,2,2,1,0,1,2,2,1,0,0,1,1,1,1,0,1,0,1,2,0,2,1,0,1,0,0,1,1,1,2,0,1,1,1,1,1,1,0,1,1,1,1,1,1,1,2,1,0,1,2,2,0,1,0,0,0,2,2,2,2,2,2,0,0,1,0,0,2,2,1,0,0,2,0
10/23/2014,2,1,0,0,0,0,2,1,2,1,1,2,2,2,1,2,1,1,1,0,2,2,1,1,1,1,0,1,1,1,1,1,0,0,0,2,1,1,1,1,0,1,1,1,2,0,2,1,2,1,0,1,1,1,1,2,1,0,1,1,0,1,1,2,2,2,1,0,1,1,1,2,0,1,1,1,0,0,2,0,0,2,2,2,0,2,2,1,0,1,1,0,2,0,2,1,2,1,0,1
10/24/2014,2,1,0,1,0,1,2,1,2,2,1,2,0,1,1,1,1,0,1,1,1,1,1,1,1,1,1,1,1,1,1,1,0,1,1,2,1,2,1,1,0,0,1,1,2,1,0,1,0,1,1,1,1,0,1,2,1,0,2,1,1,1,2,2,2,2,1,1,1,2,1,2,0,1,0,2,1,0,2,0,0,1,2,1,1,2,1,1,2,1,1,0,1,1,2,0,1,1,1,1
10/26/2014,2,1,2,1,2,0,2,2,2,2,2,0,0,0,1,1,0,1,1,1,1,1,1,2,1,1,1,1,1,1,1,1,1,0,1,2,1,1,1,1,1,0,1,1,0,1,2,1,0,1,1,2,2,1,0,2,1,1,2,1,1,0,0,0,2,0,1,1,1,0,1,2,2,1,2,2,2,2,0,0,2,0,2,2,0,2,1,1,2,0,2,2,2,2,0,2,1,2,0,2
10/27/2014,2,1,1,2,2,1,2,2,2,2,1,0,1,1,1,1,0,1,1,1,1,1,0,1,0,1,1,1,1,1,1,1,1,1,2,1,0,1,0,1,1,0,1,1,0,1,1,1,0,2,1,1,1,0,0,1,2,1,2,1,0,1,0,0,1,1,0,1,1,1,1,2,0,1,0,2,0,2,1,1,1,2,1,1,1,1,1,1,1,1,1,2,1,1,1,1,1,2,1,2
10/28/2014,2,1,1,2,2,1,2,2,2,0,1,0,1,1,0,1,0,2,2,2,0,0,0,1,0,1,1,1,1,1,1,2,1,1,0,2,0,0,0,2,1,0,1,1,0,1,1,1,1,0,0,1,0,0,0,1,1,1,2,2,0,1,1,0,2,1,0,0,1,1,1,1,0,2,2,1,0,1,0,1,1,1,1,1,1,1,1,1,1,2,1,1,1,1,1,1,1,1,1,2
10/29/2014,2,2,1,2,2,1,2,2,2,0,0,0,1,0,0,0,0,1,1,2,0,0,2,1,1,0,0,1,1,0,1,2,1,0,0,1,0,0,0,2,1,0,0,1,1,1,1,1,1,2,0,0,0,2,0,1,1,1,1,0,0,1,0,0,2,1,0,0,2,1,0,0,0,2,2,0,2,1,2,1,2,0,2,0,0,1,0,2,0,2,2,2,2,2,1,2,0,2,2,2
10/30/2014,2,1,1,2,2,2,2,2,2,0,0,0,1,2,0,0,0,2,0,0,0,0,0,1,1,0,1,0,1,2,0,2,1,1,0,2,0,1,2,0,1,2,0,0,0,0,1,0,1,2,1,0,0,1,0,1,0,1,2,0,1,0,2,0,2,0,0,0,1,1,0,1,1,1,1,0,1,1,1,1,1,1,1,1,1,1,0,1,1,2,1,1,1,2,1,1,2,1,1,1
10/31/2014,1,0,1,1,2,0,0,0,2,1,2,1,1,2,0,1,1,2,0,0,0,0,2,1,1,0,1,1,1,0,0,2,1,1,0,2,2,1,2,2,1,2,0,0,1,0,1,0,1,2,1,0,0,1,0,1,0,1,1,0,1,0,1,1,2,1,0,0,0,0,0,0,2,1,1,0,1,1,1,2,1,1,2,0,0,1,2,0,2,2,2,2,2,1,2,2,0,0,2,0
11/02/2014,1,0,1,2,2,1,0,1,2,1,1,1,2,2,1,1,1,0,0,0,1,0,2,1,0,0,2,1,1,2,0,2,1,0,1,2,0,1,2,2,2,2,0,0,1,0,2,2,1,1,1,1,0,1,1,0,0,0,1,1,1,1,1,1,2,0,0,1,0,0,2,0,2,1,1,1,1,2,0,2,0,2,2,0,2,2,2,2,2,2,2,2,2,2,0,2,0,0,2,2
11/03/2014,1,0,1,1,2,2,1,1,2,1,1,1,2,1,2,0,1,1,0,0,2,1,1,2,1,1,2,2,1,0,1,2,1,0,1,2,2,1,2,0,1,0,0,0,0,0,1,2,0,1,0,2,0,2,1,0,1,0,1,1,1,0,1,1,2,0,0,1,0,0,2,0,2,0,1,0,2,2,2,2,0,0,2,1,2,2,1,0,2,1,2,0,1,1,1,0,0,0,1,0
11/04/2014,1,1,1,2,1,1,0,1,2,1,0,1,2,1,1,0,1,1,1,0,2,1,1,0,1,1,1,2,0,0,1,2,1,2,1,2,2,1,2,0,1,2,0,1,0,0,1,2,0,1,2,2,0,1,2,0,1,0,1,1,1,0,1,1,2,0,0,1,0,1,2,0,1,0,0,2,2,2,2,2,0,2,0,2,2,2,1,2,2,1,2,2,2,1,2,0,2,2,0,2
11/05/2014,1,1,1,1,0,2,1,1,2,1,1,2,2,0,1,1,2,1,1,0,2,1,1,2,1,1,0,2,2,1,1,0,0,2,1,0,2,2,2,1,0,1,0,1,0,1,1,2,0,1,1,2,1,2,1,0,2,0,1,2,1,1,1,1,1,0,0,1,0,1,2,0,1,1,0,2,2,2,2,2,0,2,1,1,2,2,1,2,0,1,0,1,1,0,1,1,1,2,1,0
11/06/2014,0,0,0,0,0,0,0,0,0,0,0,0,0,0,0,0,0,0,0,0,0,0,0,0,0,0,0,0,0,0,0,0,0,0,0,0,0,0,0,0,0,0,0,0,0,0,0,0,0,0,0,0,0,0,0,0,0,0,0,0,0,0,0,0,0,0,0,0,0,0,0,0,0,0,0,0,0,0,0,0,0,0,0,0,0,0,0,0,0,0,0,0,0,0,0,0,0,0,0,0
11/07/2014,0,0,0,0,0,0,0,0,0,0,0,0,0,0,0,0,0,0,0,0,0,0,0,0,0,0,0,0,0,0,0,0,0,0,0,0,0,0,0,0,0,0,0,0,0,0,0,0,0,0,0,0,0,0,0,0,0,0,0,0,0,0,0,0,0,0,0,0,0,0,0,0,0,0,0,0,0,0,0,0,0,0,0,0,0,0,0,0,0,0,0,0,0,0,0,0,0,0,0,0
11/09/2014,0,0,0,0,0,0,0,0,0,0,0,0,0,0,0,0,0,0,0,0,0,0,0,0,0,0,0,0,0,0,0,0,0,0,0,0,0,0,0,0,0,0,0,0,0,0,0,0,0,0,0,0,0,0,0,0,0,0,0,0,0,0,0,0,0,0,0,0,0,0,0,0,0,0,0,0,0,0,0,0,0,0,0,0,0,0,0,0,0,0,0,0,0,0,0,0,0,0,0,0
11/10/2014,0,0,0,0,0,0,0,0,0,0,0,0,0,0,0,0,0,0,0,0,0,0,0,0,0,0,0,0,0,0,0,0,0,0,0,0,0,0,0,0,0,0,0,0,0,0,0,0,0,0,0,0,0,0,0,0,0,0,0,0,0,0,0,0,0,0,0,0,0,0,0,0,0,0,0,0,0,0,0,0,0,0,0,0,0,0,0,0,0,0,0,0,0,0,0,0,0,0,0,0
11/11/2014,0,0,0,0,0,0,0,0,0,0,0,0,0,0,0,0,0,0,0,0,0,0,0,0,0,0,0,0,0,0,0,0,0,0,0,0,0,0,0,0,0,0,0,0,0,0,0,0,0,0,0,0,0,0,0,0,0,0,0,0,0,0,0,0,0,0,0,0,0,0,0,0,0,0,0,0,0,0,0,0,0,0,0,0,0,0,0,0,0,0,0,0,0,0,0,0,0,0,0,0
11/12/2014,0,0,0,0,0,0,0,0,0,0,0,0,0,0,0,0,0,0,0,0,0,0,0,0,0,0,0,0,0,0,0,0,0,0,0,0,0,0,0,0,0,0,0,0,0,0,0,0,0,0,0,0,0,0,0,0,0,0,0,0,0,0,0,0,0,0,0,0,0,0,0,0,0,0,0,0,0,0,0,0,0,0,0,0,0,0,0,0,0,0,0,0,0,0,0,0,0,0,0,0
11/13/2014,0,0,0,0,0,0,0,0,0,0,0,0,0,0,0,0,0,0,0,0,0,0,0,0,0,0,0,0,0,0,0,0,0,0,0,0,0,0,0,0,0,0,0,0,0,0,0,0,0,0,0,0,0,0,0,0,0,0,0,0,0,0,0,0,0,0,0,0,0,0,0,0,0,0,0,0,0,0,0,0,0,0,0,0,0,0,0,0,0,0,0,0,0,0,0,0,0,0,0,0
11/14/2014,0,0,0,0,0,0,0,0,0,0,0,0,0,0,0,0,0,0,0,0,0,0,0,0,0,0,0,0,0,0,0,0,0,0,0,0,0,0,0,0,0,0,0,0,0,0,0,0,0,0,0,0,0,0,0,0,0,0,0,0,0,0,0,0,0,0,0,0,0,0,0,0,0,0,0,0,0,0,0,0,0,0,0,0,0,0,0,0,0,0,0,0,0,0,0,0,0,0,0,0
11/16/2014,0,0,0,0,0,0,0,0,0,0,0,0,0,0,0,0,0,0,0,0,0,0,0,0,0,0,0,0,0,0,0,0,0,0,0,0,0,0,0,0,0,0,0,0,0,0,0,0,0,0,0,0,0,0,0,0,0,0,0,0,0,0,0,0,0,0,0,0,0,0,0,0,0,0,0,0,0,0,0,0,0,0,0,0,0,0,0,0,0,0,0,0,0,0,0,0,0,0,0,0
11/17/2014,0,0,0,0,0,0,0,0,0,0,0,0,0,0,0,0,0,0,0,0,0,0,0,0,0,0,0,0,0,0,0,0,0,0,0,0,0,0,0,0,0,0,0,0,0,0,0,0,0,0,0,0,0,0,0,0,0,0,0,0,0,0,0,0,0,0,0,0,0,0,0,0,0,0,0,0,0,0,0,0,0,0,0,0,0,0,0,0,0,0,0,0,0,0,0,0,0,0,0,0
11/18/2014,0,0,0,0,0,0,0,0,0,0,0,0,0,0,0,0,0,0,0,0,0,0,0,0,0,0,0,0,0,0,0,0,0,0,0,0,0,0,0,0,0,0,0,0,0,0,0,0,0,0,0,0,0,0,0,0,0,0,0,0,0,0,0,0,0,0,0,0,0,0,0,0,0,0,0,0,0,0,0,0,0,0,0,0,0,0,0,0,0,0,0,0,0,0,0,0,0,0,0,0
11/19/2014,0,0,0,0,0,0,0,0,0,0,0,0,0,0,0,0,0,0,0,0,0,0,0,0,0,0,0,0,0,0,0,0,0,0,0,0,0,0,0,0,0,0,0,0,0,0,0,0,0,0,0,0,0,0,0,0,0,0,0,0,0,0,0,0,0,0,0,0,0,0,0,0,0,0,0,0,0,0,0,0,0,0,0,0,0,0,0,0,0,0,0,0,0,0,0,0,0,0,0,0
11/20/2014,0,0,0,0,0,0,0,0,0,0,0,0,0,0,0,0,0,0,0,0,0,0,0,0,0,0,0,0,0,0,0,0,0,0,0,0,0,0,0,0,0,0,0,0,0,0,0,0,0,0,0,0,0,0,0,0,0,0,0,0,0,0,0,0,0,0,0,0,0,0,0,0,0,0,0,0,0,0,0,0,0,0,0,0,0,0,0,0,0,0,0,0,0,0,0,0,0,0,0,0
11/21/2014,0,0,0,0,0,0,0,0,0,0,0,0,0,0,0,0,0,0,0,0,0,0,0,0,0,0,0,0,0,0,0,0,0,0,0,0,0,0,0,0,0,0,0,0,0,0,0,0,0,0,0,0,0,0,0,0,0,0,0,0,0,0,0,0,0,0,0,0,0,0,0,0,0,0,0,0,0,0,0,0,0,0,0,0,0,0,0,0,0,0,0,0,0,0,0,0,0,0,0,0
11/23/2014,0,0,0,0,0,0,0,0,0,0,0,0,0,0,0,0,0,0,0,0,0,0,0,0,0,0,0,0,0,0,0,0,0,0,0,0,0,0,0,0,0,0,0,0,0,0,0,0,0,0,0,0,0,0,0,0,0,0,0,0,0,0,0,0,0,0,0,0,0,0,0,0,0,0,0,0,0,0,0,0,0,0,0,0,0,0,0,0,0,0,0,0,0,0,0,0,0,0,0,0
11/24/2014,0,0,0,0,0,0,0,0,0,0,0,0,0,0,0,0,0,0,0,0,0,0,0,0,0,0,0,0,0,0,0,0,0,0,0,0,0,0,0,0,0,0,0,0,0,0,0,0,0,0,0,0,0,0,0,0,0,0,0,0,0,0,0,0,0,0,0,0,0,0,0,0,0,0,0,0,0,0,0,0,0,0,0,0,0,0,0,0,0,0,0,0,0,0,0,0,0,0,0,0
11/25/2014,0,0,0,0,0,0,0,0,0,0,0,0,0,0,0,0,0,0,0,0,0,0,0,0,0,0,0,0,0,0,0,0,0,0,0,0,0,0,0,0,0,0,0,0,0,0,0,0,0,0,0,0,0,0,0,0,0,0,0,0,0,0,0,0,0,0,0,0,0,0,0,0,0,0,0,0,0,0,0,0,0,0,0,0,0,0,0,0,0,0,0,0,0,0,0,0,0,0,0,0
11/26/2014,0,0,0,0,0,0,0,0,0,0,0,0,0,0,0,0,0,0,0,0,0,0,0,0,0,0,0,0,0,0,0,0,0,0,0,0,0,0,0,0,0,0,0,0,0,0,0,0,0,0,0,0,0,0,0,0,0,0,0,0,0,0,0,0,0,0,0,0,0,0,0,0,0,0,0,0,0,0,0,0,0,0,0,0,0,0,0,0,0,0,0,0,0,0,0,0,0,0,0,0
11/27/2014,0,0,0,0,0,0,0,0,0,0,0,0,0,0,0,0,0,0,0,0,0,0,0,0,0,0,0,0,0,0,0,0,0,0,0,0,0,0,0,0,0,0,0,0,0,0,0,0,0,0,0,0,0,0,0,0,0,0,0,0,0,0,0,0,0,0,0,0,0,0,0,0,0,0,0,0,0,0,0,0,0,0,0,0,0,0,0,0,0,0,0,0,0,0,0,0,0,0,0,0
11/28/2014,0,0,0,0,0,0,0,0,0,0,0,0,0,0,0,0,0,0,0,0,0,0,0,0,0,0,0,0,0,0,0,0,0,0,0,0,0,0,0,0,0,0,0,0,0,0,0,0,0,0,0,0,0,0,0,0,0,0,0,0,0,0,0,0,0,0,0,0,0,0,0,0,0,0,0,0,0,0,0,0,0,0,0,0,0,0,0,0,0,0,0,0,0,0,0,0,0,0,0,0
11/30/2014,0,0,0,0,0,0,0,0,0,0,0,0,0,0,0,0,0,0,0,0,0,0,0,0,0,0,0,0,0,0,0,0,0,0,0,0,0,0,0,0,0,0,0,0,0,0,0,0,0,0,0,0,0,0,0,0,0,0,0,0,0,0,0,0,0,0,0,0,0,0,0,0,0,0,0,0,0,0,0,0,0,0,0,0,0,0,0,0,0,0,0,0,0,0,0,0,0,0,0,0
12/01/2014,0,0,0,0,0,0,0,0,0,0,0,0,0,0,0,0,0,0,0,0,0,0,0,0,0,0,0,0,0,0,0,0,0,0,0,0,0,0,0,0,0,0,0,0,0,0,0,0,0,0,0,0,0,0,0,0,0,0,0,0,0,0,0,0,0,0,0,0,0,0,0,0,0,0,0,0,0,0,0,0,0,0,0,0,0,0,0,0,0,0,0,0,0,0,0,0,0,0,0,0
12/02/2014,0,0,0,0,0,0,0,0,0,0,0,0,0,0,0,0,0,0,0,0,0,0,0,0,0,0,0,0,0,0,0,0,0,0,0,0,0,0,0,0,0,0,0,0,0,0,0,0,0,0,0,0,0,0,0,0,0,0,0,0,0,0,0,0,0,0,0,0,0,0,0,0,0,0,0,0,0,0,0,0,0,0,0,0,0,0,0,0,0,0,0,0,0,0,0,0,0,0,0,0
12/03/2014,0,0,0,0,0,0,0,0,0,0,0,0,0,0,0,0,0,0,0,0,0,0,0,0,0,0,0,0,0,0,0,0,0,0,0,0,0,0,0,0,0,0,0,0,0,0,0,0,0,0,0,0,0,0,0,0,0,0,0,0,0,0,0,0,0,0,0,0,0,0,0,0,0,0,0,0,0,0,0,0,0,0,0,0,0,0,0,0,0,0,0,0,0,0,0,0,0,0,0,0
12/04/2014,0,0,0,0,0,0,0,0,0,0,0,0,0,0,0,0,0,0,0,0,0,0,0,0,0,0,0,0,0,0,0,0,0,0,0,0,0,0,0,0,0,0,0,0,0,0,0,0,0,0,0,0,0,0,0,0,0,0,0,0,0,0,0,0,0,0,0,0,0,0,0,0,0,0,0,0,0,0,0,0,0,0,0,0,0,0,0,0,0,0,0,0,0,0,0,0,0,0,0,0
12/05/2014,0,0,0,0,0,0,0,0,0,0,0,0,0,0,0,0,0,0,0,0,0,0,0,0,0,0,0,0,0,0,0,0,0,0,0,0,0,0,0,0,0,0,0,0,0,0,0,0,0,0,0,0,0,0,0,0,0,0,0,0,0,0,0,0,0,0,0,0,0,0,0,0,0,0,0,0,0,0,0,0,0,0,0,0,0,0,0,0,0,0,0,0,0,0,0,0,0,0,0,0
12/07/2014,0,0,0,0,0,0,0,0,0,0,0,0,0,0,0,0,0,0,0,0,0,0,0,0,0,0,0,0,0,0,0,0,0,0,0,0,0,0,0,0,0,0,0,0,0,0,0,0,0,0,0,0,0,0,0,0,0,0,0,0,0,0,0,0,0,0,0,0,0,0,0,0,0,0,0,0,0,0,0,0,0,0,0,0,0,0,0,0,0,0,0,0,0,0,0,0,0,0,0,0
12/08/2014,0,0,0,0,0,0,0,0,0,0,0,0,0,0,0,0,0,0,0,0,0,0,0,0,0,0,0,0,0,0,0,0,0,0,0,0,0,0,0,0,0,0,0,0,0,0,0,0,0,0,0,0,0,0,0,0,0,0,0,0,0,0,0,0,0,0,0,0,0,0,0,0,0,0,0,0,0,0,0,0,0,0,0,0,0,0,0,0,0,0,0,0,0,0,0,0,0,0,0,0
12/09/2014,0,0,0,0,0,0,0,0,0,0,0,0,0,0,0,0,0,0,0,0,0,0,0,0,0,0,0,0,0,0,0,0,0,0,0,0,0,0,0,0,0,0,0,0,0,0,0,0,0,0,0,0,0,0,0,0,0,0,0,0,0,0,0,0,0,0,0,0,0,0,0,0,0,0,0,0,0,0,0,0,0,0,0,0,0,0,0,0,0,0,0,0,0,0,0,0,0,0,0,0
12/10/2014,0,0,0,0,0,0,0,0,0,0,0,0,0,0,0,0,0,0,0,0,0,0,0,0,0,0,0,0,0,0,0,0,0,0,0,0,0,0,0,0,0,0,0,0,0,0,0,0,0,0,0,0,0,0,0,0,0,0,0,0,0,0,0,0,0,0,0,0,0,0,0,0,0,0,0,0,0,0,0,0,0,0,0,0,0,0,0,0,0,0,0,0,0,0,0,0,0,0,0,0
12/11/2014,0,0,0,0,0,0,0,0,0,0,0,0,0,0,0,0,0,0,0,0,0,0,0,0,0,0,0,0,0,0,0,0,0,0,0,0,0,0,0,0,0,0,0,0,0,0,0,0,0,0,0,0,0,0,0,0,0,0,0,0,0,0,0,0,0,0,0,0,0,0,0,0,0,0,0,0,0,0,0,0,0,0,0,0,0,0,0,0,0,0,0,0,0,0,0,0,0,0,0,0
12/12/2014,0,0,0,0,0,0,0,0,0,0,0,0,0,0,0,0,0,0,0,0,0,0,0,0,0,0,0,0,0,0,0,0,0,0,0,0,0,0,0,0,0,0,0,0,0,0,0,0,0,0,0,0,0,0,0,0,0,0,0,0,0,0,0,0,0,0,0,0,0,0,0,0,0,0,0,0,0,0,0,0,0,0,0,0,0,0,0,0,0,0,0,0,0,0,0,0,0,0,0,0
12/14/2014,0,0,0,0,0,0,0,0,0,0,0,0,0,0,0,0,0,0,0,0,0,0,0,0,0,0,0,0,0,0,0,0,0,0,0,0,0,0,0,0,0,0,0,0,0,0,0,0,0,0,0,0,0,0,0,0,0,0,0,0,0,0,0,0,0,0,0,0,0,0,0,0,0,0,0,0,0,0,0,0,0,0,0,0,0,0,0,0,0,0,0,0,0,0,0,0,0,0,0,0
12/15/2014,0,0,0,0,0,0,0,0,0,0,0,0,0,0,0,0,0,0,0,0,0,0,0,0,0,0,0,0,0,0,0,0,0,0,0,0,0,0,0,0,0,0,0,0,0,0,0,0,0,0,0,0,0,0,0,0,0,0,0,0,0,0,0,0,0,0,0,0,0,0,0,0,0,0,0,0,0,0,0,0,0,0,0,0,0,0,0,0,0,0,0,0,0,0,0,0,0,0,0,0
12/16/2014,0,0,0,0,0,0,0,0,0,0,0,0,0,0,0,0,0,0,0,0,0,0,0,0,0,0,0,0,0,0,0,0,0,0,0,0,0,0,0,0,0,0,0,0,0,0,0,0,0,0,0,0,0,0,0,0,0,0,0,0,0,0,0,0,0,0,0,0,0,0,0,0,0,0,0,0,0,0,0,0,0,0,0,0,0,0,0,0,0,0,0,0,0,0,0,0,0,0,0,0
12/17/2014,0,0,0,0,0,0,0,0,0,0,0,0,0,0,0,0,0,0,0,0,0,0,0,0,0,0,0,0,0,0,0,0,0,0,0,0,0,0,0,0,0,0,0,0,0,0,0,0,0,0,0,0,0,0,0,0,0,0,0,0,0,0,0,0,0,0,0,0,0,0,0,0,0,0,0,0,0,0,0,0,0,0,0,0,0,0,0,0,0,0,0,0,0,0,0,0,0,0,0,0
12/18/2014,0,0,0,0,0,0,0,0,0,0,0,0,0,0,0,0,0,0,0,0,0,0,0,0,0,0,0,0,0,0,0,0,0,0,0,0,0,0,0,0,0,0,0,0,0,0,0,0,0,0,0,0,0,0,0,0,0,0,0,0,0,0,0,0,0,0,0,0,0,0,0,0,0,0,0,0,0,0,0,0,0,0,0,0,0,0,0,0,0,0,0,0,0,0,0,0,0,0,0,0
12/19/2014,0,0,0,0,0,0,0,0,0,0,0,0,0,0,0,0,0,0,0,0,0,0,0,0,0,0,0,0,0,0,0,0,0,0,0,0,0,0,0,0,0,0,0,0,0,0,0,0,0,0,0,0,0,0,0,0,0,0,0,0,0,0,0,0,0,0,0,0,0,0,0,0,0,0,0,0,0,0,0,0,0,0,0,0,0,0,0,0,0,0,0,0,0,0,0,0,0,0,0,0
12/21/2014,0,0,0,0,0,0,0,0,0,0,0,0,0,0,0,0,0,0,0,0,0,0,0,0,0,0,0,0,0,0,0,0,0,0,0,0,0,0,0,0,0,0,0,0,0,0,0,0,0,0,0,0,0,0,0,0,0,0,0,0,0,0,0,0,0,0,0,0,0,0,0,0,0,0,0,0,0,0,0,0,0,0,0,0,0,0,0,0,0,0,0,0,0,0,0,0,0,0,0,0
12/22/2014,0,0,0,0,0,0,0,0,0,0,0,0,0,0,0,0,0,0,0,0,0,0,0,0,0,0,0,0,0,0,0,0,0,0,0,0,0,0,0,0,0,0,0,0,0,0,0,0,0,0,0,0,0,0,0,0,0,0,0,0,0,0,0,0,0,0,0,0,0,0,0,0,0,0,0,0,0,0,0,0,0,0,0,0,0,0,0,0,0,0,0,0,0,0,0,0,0,0,0,0
12/23/2014,0,0,0,0,0,0,0,0,0,0,0,0,0,0,0,0,0,0,0,0,0,0,0,0,0,0,0,0,0,0,0,0,0,0,0,0,0,0,0,0,0,0,0,0,0,0,0,0,0,0,0,0,0,0,0,0,0,0,0,0,0,0,0,0,0,0,0,0,0,0,0,0,0,0,0,0,0,0,0,0,0,0,0,0,0,0,0,0,0,0,0,0,0,0,0,0,0,0,0,0
12/24/2014,0,0,0,0,0,0,0,0,0,0,0,0,0,0,0,0,0,0,0,0,0,0,0,0,0,0,0,0,0,0,0,0,0,0,0,0,0,0,0,0,0,0,0,0,0,0,0,0,0,0,0,0,0,0,0,0,0,0,0,0,0,0,0,0,0,0,0,0,0,0,0,0,0,0,0,0,0,0,0,0,0,0,0,0,0,0,0,0,0,0,0,0,0,0,0,0,0,0,0,0
12/25/2014,0,0,0,0,0,0,0,0,0,0,0,0,0,0,0,0,0,0,0,0,0,0,0,0,0,0,0,0,0,0,0,0,0,0,0,0,0,0,0,0,0,0,0,0,0,0,0,0,0,0,0,0,0,0,0,0,0,0,0,0,0,0,0,0,0,0,0,0,0,0,0,0,0,0,0,0,0,0,0,0,0,0,0,0,0,0,0,0,0,0,0,0,0,0,0,0,0,0,0,0
12/26/2014,0,0,0,0,0,0,0,0,0,0,0,0,0,0,0,0,0,0,0,0,0,0,0,0,0,0,0,0,0,0,0,0,0,0,0,0,0,0,0,0,0,0,0,0,0,0,0,0,0,0,0,0,0,0,0,0,0,0,0,0,0,0,0,0,0,0,0,0,0,0,0,0,0,0,0,0,0,0,0,0,0,0,0,0,0,0,0,0,0,0,0,0,0,0,0,0,0,0,0,0
12/28/2014,0,0,0,0,0,0,0,0,0,0,0,0,0,0,0,0,0,0,0,0,0,0,0,0,0,0,0,0,0,0,0,0,0,0,0,0,0,0,0,0,0,0,0,0,0,0,0,0,0,0,0,0,0,0,0,0,0,0,0,0,0,0,0,0,0,0,0,0,0,0,0,0,0,0,0,0,0,0,0,0,0,0,0,0,0,0,0,0,0,0,0,0,0,0,0,0,0,0,0,0
12/29/2014,0,0,0,0,0,0,0,0,0,0,0,0,0,0,0,0,0,0,0,0,0,0,0,0,0,0,0,0,0,0,0,0,0,0,0,0,0,0,0,0,0,0,0,0,0,0,0,0,0,0,0,0,0,0,0,0,0,0,0,0,0,0,0,0,0,0,0,0,0,0,0,0,0,0,0,0,0,0,0,0,0,0,0,0,0,0,0,0,0,0,0,0,0,0,0,0,0,0,0,0
12/30/2014,0,0,0,0,0,0,0,0,0,0,0,0,0,0,0,0,0,0,0,0,0,0,0,0,0,0,0,0,0,0,0,0,0,0,0,0,0,0,0,0,0,0,0,0,0,0,0,0,0,0,0,0,0,0,0,0,0,0,0,0,0,0,0,0,0,0,0,0,0,0,0,0,0,0,0,0,0,0,0,0,0,0,0,0,0,0,0,0,0,0,0,0,0,0,0,0,0,0,0,0
12/31/2014,0,0,0,0,0,0,0,0,0,0,0,0,0,0,0,0,0,0,0,0,0,0,0,0,0,0,0,0,0,0,0,0,0,0,0,0,0,0,0,0,0,0,0,0,0,0,0,0,0,0,0,0,0,0,0,0,0,0,0,0,0,0,0,0,0,0,0,0,0,0,0,0,0,0,0,0,0,0,0,0,0,0,0,0,0,0,0,0,0,0,0,0,0,0,0,0,0,0,0,0
01/01/2015,0,0,0,0,0,0,0,0,0,0,0,0,0,0,0,0,0,0,0,0,0,0,0,0,0,0,0,0,0,0,0,0,0,0,0,0,0,0,0,0,0,0,0,0,0,0,0,0,0,0,0,0,0,0,0,0,0,0,0,0,0,0,0,0,0,0,0,0,0,0,0,0,0,0,0,0,0,0,0,0,0,0,0,0,0,0,0,0,0,0,0,0,0,0,0,0,0,0,0,0
01/02/2015,0,0,0,0,0,0,0,0,0,0,0,0,0,0,0,0,0,0,0,0,0,0,0,0,0,0,0,0,0,0,0,0,0,0,0,0,0,0,0,0,0,0,0,0,0,0,0,0,0,0,0,0,0,0,0,0,0,0,0,0,0,0,0,0,0,0,0,0,0,0,0,0,0,0,0,0,0,0,0,0,0,0,0,0,0,0,0,0,0,0,0,0,0,0,0,0,0,0,0,0
01/04/2015,0,0,0,0,0,0,0,0,0,0,0,0,0,0,0,0,0,0,0,0,0,0,0,0,0,0,0,0,0,0,0,0,0,0,0,0,0,0,0,0,0,0,0,0,0,0,0,0,0,0,0,0,0,0,0,0,0,0,0,0,0,0,0,0,0,0,0,0,0,0,0,0,0,0,0,0,0,0,0,0,0,0,0,0,0,0,0,0,0,0,0,0,0,0,0,0,0,0,0,0
01/05/2015,0,0,0,0,0,0,0,0,0,0,0,0,0,0,0,0,0,0,0,0,0,0,0,0,0,0,0,0,0,0,0,0,0,0,0,0,0,0,0,0,0,0,0,0,0,0,0,0,0,0,0,0,0,0,0,0,0,0,0,0,0,0,0,0,0,0,0,0,0,0,0,0,0,0,0,0,0,0,0,0,0,0,0,0,0,0,0,0,0,0,0,0,0,0,0,0,0,0,0,0
01/06/2015,0,0,0,0,0,0,0,0,0,0,0,0,0,0,0,0,0,0,0,0,0,0,0,0,0,0,0,0,0,0,0,0,0,0,0,0,0,0,0,0,0,0,0,0,0,0,0,0,0,0,0,0,0,0,0,0,0,0,0,0,0,0,0,0,0,0,0,0,0,0,0,0,0,0,0,0,0,0,0,0,0,0,0,0,0,0,0,0,0,0,0,0,0,0,0,0,0,0,0,0
01/07/2015,0,0,0,0,0,0,0,0,0,0,0,0,0,0,0,0,0,0,0,0,0,0,0,0,0,0,0,0,0,0,0,0,0,0,0,0,0,0,0,0,0,0,0,0,0,0,0,0,0,0,0,0,0,0,0,0,0,0,0,0,0,0,0,0,0,0,0,0,0,0,0,0,0,0,0,0,0,0,0,0,0,0,0,0,0,0,0,0,0,0,0,0,0,0,0,0,0,0,0,0
01/08/2015,0,0,0,0,0,0,0,0,0,0,0,0,0,0,0,0,0,0,0,0,0,0,0,0,0,0,0,0,0,0,0,0,0,0,0,0,0,0,0,0,0,0,0,0,0,0,0,0,0,0,0,0,0,0,0,0,0,0,0,0,0,0,0,0,0,0,0,0,0,0,0,0,0,0,0,0,0,0,0,0,0,0,0,0,0,0,0,0,0,0,0,0,0,0,0,0,0,0,0,0
01/09/2015,0,0,0,0,0,0,0,0,0,0,0,0,0,0,0,0,0,0,0,0,0,0,0,0,0,0,0,0,0,0,0,0,0,0,0,0,0,0,0,0,0,0,0,0,0,0,0,0,0,0,0,0,0,0,0,0,0,0,0,0,0,0,0,0,0,0,0,0,0,0,0,0,0,0,0,0,0,0,0,0,0,0,0,0,0,0,0,0,0,0,0,0,0,0,0,0,0,0,0,0
01/11/2015,0,0,0,0,0,0,0,0,0,0,0,0,0,0,0,0,0,0,0,0,0,0,0,0,0,0,0,0,0,0,0,0,0,0,0,0,0,0,0,0,0,0,0,0,0,0,0,0,0,0,0,0,0,0,0,0,0,0,0,0,0,0,0,0,0,0,0,0,0,0,0,0,0,0,0,0,0,0,0,0,0,0,0,0,0,0,0,0,0,0,0,0,0,0,0,0,0,0,0,0
01/12/2015,0,0,0,0,0,0,0,0,0,0,0,0,0,0,0,0,0,0,0,0,0,0,0,0,0,0,0,0,0,0,0,0,0,0,0,0,0,0,0,0,0,0,0,0,0,0,0,0,0,0,0,0,0,0,0,0,0,0,0,0,0,0,0,0,0,0,0,0,0,0,0,0,0,0,0,0,0,0,0,0,0,0,0,0,0,0,0,0,0,0,0,0,0,0,0,0,0,0,0,0
01/13/2015,0,0,0,0,0,0,0,0,0,0,0,0,0,0,0,0,0,0,0,0,0,0,0,0,0,0,0,0,0,0,0,0,0,0,0,0,0,0,0,0,0,0,0,0,0,0,0,0,0,0,0,0,0,0,0,0,0,0,0,0,0,0,0,0,0,0,0,0,0,0,0,0,0,0,0,0,0,0,0,0,0,0,0,0,0,0,0,0,0,0,0,0,0,0,0,0,0,0,0,0
01/14/2015,0,0,0,0,0,0,0,0,0,0,0,0,0,0,0,0,0,0,0,0,0,0,0,0,0,0,0,0,0,0,0,0,0,0,0,0,0,0,0,0,0,0,0,0,0,0,0,0,0,0,0,0,0,0,0,0,0,0,0,0,0,0,0,0,0,0,0,0,0,0,0,0,0,0,0,0,0,0,0,0,0,0,0,0,0,0,0,0,0,0,0,0,0,0,0,0,0,0,0,0
01/15/2015,0,0,0,0,0,0,0,0,0,0,0,0,0,0,0,0,0,0,0,0,0,0,0,0,0,0,0,0,0,0,0,0,0,0,0,0,0,0,0,0,0,0,0,0,0,0,0,0,0,0,0,0,0,0,0,0,0,0,0,0,0,0,0,0,0,0,0,0,0,0,0,0,0,0,0,0,0,0,0,0,0,0,0,0,0,0,0,0,0,0,0,0,0,0,0,0,0,0,0,0
01/16/2015,0,0,0,0,0,0,0,0,0,0,0,0,0,0,0,0,0,0,0,0,0,0,0,0,0,0,0,0,0,0,0,0,0,0,0,0,0,0,0,0,0,0,0,0,0,0,0,0,0,0,0,0,0,0,0,0,0,0,0,0,0,0,0,0,0,0,0,0,0,0,0,0,0,0,0,0,0,0,0,0,0,0,0,0,0,0,0,0,0,0,0,0,0,0,0,0,0,0,0,0
01/18/2015,0,0,0,0,0,0,0,0,0,0,0,0,0,0,0,0,0,0,0,0,0,0,0,0,0,0,0,0,0,0,0,0,0,0,0,0,0,0,0,0,0,0,0,0,0,0,0,0,0,0,0,0,0,0,0,0,0,0,0,0,0,0,0,0,0,0,0,0,0,0,0,0,0,0,0,0,0,0,0,0,0,0,0,0,0,0,0,0,0,0,0,0,0,0,0,0,0,0,0,0
01/19/2015,0,0,0,0,0,0,0,0,0,0,0,0,0,0,0,0,0,0,0,0,0,0,0,0,0,0,0,0,0,0,0,0,0,0,0,0,0,0,0,0,0,0,0,0,0,0,0,0,0,0,0,0,0,0,0,0,0,0,0,0,0,0,0,0,0,0,0,0,0,0,0,0,0,0,0,0,0,0,0,0,0,0,0,0,0,0,0,0,0,0,0,0,0,0,0,0,0,0,0,0
01/20/2015,0,0,0,0,0,0,0,0,0,0,0,0,0,0,0,0,0,0,0,0,0,0,0,0,0,0,0,0,0,0,0,0,0,0,0,0,0,0,0,0,0,0,0,0,0,0,0,0,0,0,0,0,0,0,0,0,0,0,0,0,0,0,0,0,0,0,0,0,0,0,0,0,0,0,0,0,0,0,0,0,0,0,0,0,0,0,0,0,0,0,0,0,0,0,0,0,0,0,0,0
01/21/2015,0,0,0,0,0,0,0,0,0,0,0,0,0,0,0,0,0,0,0,0,0,0,0,0,0,0,0,0,0,0,0,0,0,0,0,0,0,0,0,0,0,0,0,0,0,0,0,0,0,0,0,0,0,0,0,0,0,0,0,0,0,0,0,0,0,0,0,0,0,0,0,0,0,0,0,0,0,0,0,0,0,0,0,0,0,0,0,0,0,0,0,0,0,0,0,0,0,0,0,0
01/22/2015,0,0,0,0,0,0,0,0,0,0,0,0,0,0,0,0,0,0,0,0,0,0,0,0,0,0,0,0,0,0,0,0,0,0,0,0,0,0,0,0,0,0,0,0,0,0,0,0,0,0,0,0,0,0,0,0,0,0,0,0,0,0,0,0,0,0,0,0,0,0,0,0,0,0,0,0,0,0,0,0,0,0,0,0,0,0,0,0,0,0,0,0,0,0,0,0,0,0,0,0
01/23/2015,0,0,0,0,0,0,0,0,0,0,0,0,0,0,0,0,0,0,0,0,0,0,0,0,0,0,0,0,0,0,0,0,0,0,0,0,0,0,0,0,0,0,0,0,0,0,0,0,0,0,0,0,0,0,0,0,0,0,0,0,0,0,0,0,0,0,0,0,0,0,0,0,0,0,0,0,0,0,0,0,0,0,0,0,0,0,0,0,0,0,0,0,0,0,0,0,0,0,0,0
01/25/2015,0,0,0,0,0,0,0,0,0,0,0,0,0,0,0,0,0,0,0,0,0,0,0,0,0,0,0,0,0,0,0,0,0,0,0,0,0,0,0,0,0,0,0,0,0,0,0,0,0,0,0,0,0,0,0,0,0,0,0,0,0,0,0,0,0,0,0,0,0,0,0,0,0,0,0,0,0,0,0,0,0,0,0,0,0,0,0,0,0,0,0,0,0,0,0,0,0,0,0,0
01/26/2015,0,0,0,0,0,0,0,0,0,0,0,0,0,0,0,0,0,0,0,0,0,0,0,0,0,0,0,0,0,0,0,0,0,0,0,0,0,0,0,0,0,0,0,0,0,0,0,0,0,0,0,0,0,0,0,0,0,0,0,0,0,0,0,0,0,0,0,0,0,0,0,0,0,0,0,0,0,0,0,0,0,0,0,0,0,0,0,0,0,0,0,0,0,0,0,0,0,0,0,0
01/27/2015,0,0,0,0,0,0,0,0,0,0,0,0,0,0,0,0,0,0,0,0,0,0,0,0,0,0,0,0,0,0,0,0,0,0,0,0,0,0,0,0,0,0,0,0,0,0,0,0,0,0,0,0,0,0,0,0,0,0,0,0,0,0,0,0,0,0,0,0,0,0,0,0,0,0,0,0,0,0,0,0,0,0,0,0,0,0,0,0,0,0,0,0,0,0,0,0,0,0,0,0
01/28/2015,0,0,0,0,0,0,0,0,0,0,0,0,0,0,0,0,0,0,0,0,0,0,0,0,0,0,0,0,0,0,0,0,0,0,0,0,0,0,0,0,0,0,0,0,0,0,0,0,0,0,0,0,0,0,0,0,0,0,0,0,0,0,0,0,0,0,0,0,0,0,0,0,0,0,0,0,0,0,0,0,0,0,0,0,0,0,0,0,0,0,0,0,0,0,0,0,0,0,0,0
01/29/2015,0,0,0,0,0,0,0,0,0,0,0,0,0,0,0,0,0,0,0,0,0,0,0,0,0,0,0,0,0,0,0,0,0,0,0,0,0,0,0,0,0,0,0,0,0,0,0,0,0,0,0,0,0,0,0,0,0,0,0,0,0,0,0,0,0,0,0,0,0,0,0,0,0,0,0,0,0,0,0,0,0,0,0,0,0,0,0,0,0,0,0,0,0,0,0,0,0,0,0,0
01/30/2015,0,0,0,0,0,0,0,0,0,0,0,0,0,0,0,0,0,0,0,0,0,0,0,0,0,0,0,0,0,0,0,0,0,0,0,0,0,0,0,0,0,0,0,0,0,0,0,0,0,0,0,0,0,0,0,0,0,0,0,0,0,0,0,0,0,0,0,0,0,0,0,0,0,0,0,0,0,0,0,0,0,0,0,0,0,0,0,0,0,0,0,0,0,0,0,0,0,0,0,0
02/01/2015,0,0,0,0,0,0,0,0,0,0,0,0,0,0,0,0,0,0,0,0,0,0,0,0,0,0,0,0,0,0,0,0,0,0,0,0,0,0,0,0,0,0,0,0,0,0,0,0,0,0,0,0,0,0,0,0,0,0,0,0,0,0,0,0,0,0,0,0,0,0,0,0,0,0,0,0,0,0,0,0,0,0,0,0,0,0,0,0,0,0,0,0,0,0,0,0,0,0,0,0
02/02/2015,0,0,0,0,0,0,0,0,0,0,0,0,0,0,0,0,0,0,0,0,0,0,0,0,0,0,0,0,0,0,0,0,0,0,0,0,0,0,0,0,0,0,0,0,0,0,0,0,0,0,0,0,0,0,0,0,0,0,0,0,0,0,0,0,0,0,0,0,0,0,0,0,0,0,0,0,0,0,0,0,0,0,0,0,0,0,0,0,0,0,0,0,0,0,0,0,0,0,0,0
02/03/2015,0,0,0,0,0,0,0,0,0,0,0,0,0,0,0,0,0,0,0,0,0,0,0,0,0,0,0,0,0,0,0,0,0,0,0,0,0,0,0,0,0,0,0,0,0,0,0,0,0,0,0,0,0,0,0,0,0,0,0,0,0,0,0,0,0,0,0,0,0,0,0,0,0,0,0,0,0,0,0,0,0,0,0,0,0,0,0,0,0,0,0,0,0,0,0,0,0,0,0,0
02/04/2015,0,0,0,0,0,0,0,0,0,0,0,0,0,0,0,0,0,0,0,0,0,0,0,0,0,0,0,0,0,0,0,0,0,0,0,0,0,0,0,0,0,0,0,0,0,0,0,0,0,0,0,0,0,0,0,0,0,0,0,0,0,0,0,0,0,0,0,0,0,0,0,0,0,0,0,0,0,0,0,0,0,0,0,0,0,0,0,0,0,0,0,0,0,0,0,0,0,0,0,0
02/05/2015,0,0,0,0,0,0,0,0,0,0,0,0,0,0,0,0,0,0,0,0,0,0,0,0,0,0,0,0,0,0,0,0,0,0,0,0,0,0,0,0,0,0,0,0,0,0,0,0,0,0,0,0,0,0,0,0,0,0,0,0,0,0,0,0,0,0,0,0,0,0,0,0,0,0,0,0,0,0,0,0,0,0,0,0,0,0,0,0,0,0,0,0,0,0,0,0,0,0,0,0
02/06/2015,0,0,0,0,0,0,0,0,0,0,0,0,0,0,0,0,0,0,0,0,0,0,0,0,0,0,0,0,0,0,0,0,0,0,0,0,0,0,0,0,0,0,0,0,0,0,0,0,0,0,0,0,0,0,0,0,0,0,0,0,0,0,0,0,0,0,0,0,0,0,0,0,0,0,0,0,0,0,0,0,0,0,0,0,0,0,0,0,0,0,0,0,0,0,0,0,0,0,0,0
02/08/2015,0,0,0,0,0,0,0,0,0,0,0,0,0,0,0,0,0,0,0,0,0,0,0,0,0,0,0,0,0,0,0,0,0,0,0,0,0,0,0,0,0,0,0,0,0,0,0,0,0,0,0,0,0,0,0,0,0,0,0,0,0,0,0,0,0,0,0,0,0,0,0,0,0,0,0,0,0,0,0,0,0,0,0,0,0,0,0,0,0,0,0,0,0,0,0,0,0,0,0,0
02/09/2015,0,0,0,0,0,0,0,0,0,0,0,0,0,0,0,0,0,0,0,0,0,0,0,0,0,0,0,0,0,0,0,0,0,0,0,0,0,0,0,0,0,0,0,0,0,0,0,0,0,0,0,0,0,0,0,0,0,0,0,0,0,0,0,0,0,0,0,0,0,0,0,0,0,0,0,0,0,0,0,0,0,0,0,0,0,0,0,0,0,0,0,0,0,0,0,0,0,0,0,0
02/10/2015,0,0,0,0,0,0,0,0,0,0,0,0,0,0,0,0,0,0,0,0,0,0,0,0,0,0,0,0,0,0,0,0,0,0,0,0,0,0,0,0,0,0,0,0,0,0,0,0,0,0,0,0,0,0,0,0,0,0,0,0,0,0,0,0,0,0,0,0,0,0,0,0,0,0,0,0,0,0,0,0,0,0,0,0,0,0,0,0,0,0,0,0,0,0,0,0,0,0,0,0
02/11/2015,0,0,0,0,0,0,0,0,0,0,0,0,0,0,0,0,0,0,0,0,0,0,0,0,0,0,0,0,0,0,0,0,0,0,0,0,0,0,0,0,0,0,0,0,0,0,0,0,0,0,0,0,0,0,0,0,0,0,0,0,0,0,0,0,0,0,0,0,0,0,0,0,0,0,0,0,0,0,0,0,0,0,0,0,0,0,0,0,0,0,0,0,0,0,0,0,0,0,0,0
02/12/2015,0,0,0,0,0,0,0,0,0,0,0,0,0,0,0,0,0,0,0,0,0,0,0,0,0,0,0,0,0,0,0,0,0,0,0,0,0,0,0,0,0,0,0,0,0,0,0,0,0,0,0,0,0,0,0,0,0,0,0,0,0,0,0,0,0,0,0,0,0,0,0,0,0,0,0,0,0,0,0,0,0,0,0,0,0,0,0,0,0,0,0,0,0,0,0,0,0,0,0,0
02/13/2015,0,0,0,0,0,0,0,0,0,0,0,0,0,0,0,0,0,0,0,0,0,0,0,0,0,0,0,0,0,0,0,0,0,0,0,0,0,0,0,0,0,0,0,0,0,0,0,0,0,0,0,0,0,0,0,0,0,0,0,0,0,0,0,0,0,0,0,0,0,0,0,0,0,0,0,0,0,0,0,0,0,0,0,0,0,0,0,0,0,0,0,0,0,0,0,0,0,0,0,0
02/15/2015,0,0,0,0,0,0,0,0,0,0,0,0,0,0,0,0,0,0,0,0,0,0,0,0,0,0,0,0,0,0,0,0,0,0,0,0,0,0,0,0,0,0,0,0,0,0,0,0,0,0,0,0,0,0,0,0,0,0,0,0,0,0,0,0,0,0,0,0,0,0,0,0,0,0,0,0,0,0,0,0,0,0,0,0,0,0,0,0,0,0,0,0,0,0,0,0,0,0,0,0
02/16/2015,0,0,0,0,0,0,0,0,0,0,0,0,0,0,0,0,0,0,0,0,0,0,0,0,0,0,0,0,0,0,0,0,0,0,0,0,0,0,0,0,0,0,0,0,0,0,0,0,0,0,0,0,0,0,0,0,0,0,0,0,0,0,0,0,0,0,0,0,0,0,0,0,0,0,0,0,0,0,0,0,0,0,0,0,0,0,0,0,0,0,0,0,0,0,0,0,0,0,0,0
02/17/2015,0,0,0,0,0,0,0,0,0,0,0,0,0,0,0,0,0,0,0,0,0,0,0,0,0,0,0,0,0,0,0,0,0,0,0,0,0,0,0,0,0,0,0,0,0,0,0,0,0,0,0,0,0,0,0,0,0,0,0,0,0,0,0,0,0,0,0,0,0,0,0,0,0,0,0,0,0,0,0,0,0,0,0,0,0,0,0,0,0,0,0,0,0,0,0,0,0,0,0,0
